gene_id,pep_id,contig,start,end,pred_score
gene:BU24DRAFT_416053,gene:BU24DRAFT_416053,ML978066,774,2306,0.00095611287
gene:BU24DRAFT_445593,gene:BU24DRAFT_445593,ML978066,9625,11341,0.00019223
gene:BU24DRAFT_360743,gene:BU24DRAFT_360743,ML978066,13342,14862,8.503715e-05
gene:BU24DRAFT_360745,gene:BU24DRAFT_360745,ML978066,15702,17711,5.8184458e-05
gene:BU24DRAFT_469135,gene:BU24DRAFT_469135,ML978066,17732,19365,4.528751e-05
gene:BU24DRAFT_403463,gene:BU24DRAFT_403463,ML978066,20584,21846,5.956718e-05
gene:BU24DRAFT_469138,gene:BU24DRAFT_469138,ML978066,22952,24294,0.00025996464
gene:BU24DRAFT_416056,gene:BU24DRAFT_416056,ML978066,24417,25933,0.00050276774
gene:BU24DRAFT_445598,gene:BU24DRAFT_445598,ML978066,26222,27556,0.0001754325
gene:BU24DRAFT_429519,gene:BU24DRAFT_429519,ML978066,28503,30152,5.1630348e-05
gene:BU24DRAFT_127,gene:BU24DRAFT_127,ML978066,31625,32522,7.502235e-05
gene:BU24DRAFT_437989,gene:BU24DRAFT_437989,ML978066,33180,34529,0.00012228801
gene:BU24DRAFT_469144,gene:BU24DRAFT_469144,ML978066,35511,37753,9.308082e-05
gene:BU24DRAFT_360763,gene:BU24DRAFT_360763,ML978066,38591,40065,0.00014941665
gene:BU24DRAFT_416061,gene:BU24DRAFT_416061,ML978066,41389,42889,0.00043652087
gene:BU24DRAFT_416062,gene:BU24DRAFT_416062,ML978066,43298,44214,0.00071217946
gene:BU24DRAFT_416063,gene:BU24DRAFT_416063,ML978066,47994,50259,0.0008379871
gene:BU24DRAFT_205,gene:BU24DRAFT_205,ML978066,55582,57345,0.001001462
gene:BU24DRAFT_187,gene:BU24DRAFT_187,ML978066,57346,58163,0.0007884083
gene:BU24DRAFT_188,gene:BU24DRAFT_188,ML978066,58164,60002,0.00079389935
gene:BU24DRAFT_339661,gene:BU24DRAFT_339661,ML978066,60778,61608,0.00064648746
gene:BU24DRAFT_469146,gene:BU24DRAFT_469146,ML978066,66434,67156,0.00018511771
gene:BU24DRAFT_416067,gene:BU24DRAFT_416067,ML978066,68469,70175,0.00014382534
gene:BU24DRAFT_316530,gene:BU24DRAFT_316530,ML978066,70562,71332,0.00017532126
gene:BU24DRAFT_416069,gene:BU24DRAFT_416069,ML978066,75105,76171,0.00010941313
gene:BU24DRAFT_456447,gene:BU24DRAFT_456447,ML978066,76412,77295,6.716745e-05
gene:BU24DRAFT_382221,gene:BU24DRAFT_382221,ML978066,77590,80107,8.854613e-05
gene:BU24DRAFT_352,gene:BU24DRAFT_352,ML978066,80214,81408,7.474622e-05
gene:BU24DRAFT_416073,gene:BU24DRAFT_416073,ML978066,82431,84549,4.96436e-05
gene:BU24DRAFT_456451,gene:BU24DRAFT_456451,ML978066,84721,85305,5.3574753e-05
gene:BU24DRAFT_360792,gene:BU24DRAFT_360792,ML978066,87137,89015,8.332227e-05
gene:BU24DRAFT_338955,gene:BU24DRAFT_338955,ML978066,89513,92598,0.00010960896
gene:BU24DRAFT_413,gene:BU24DRAFT_413,ML978066,92747,94973,6.270997e-05
gene:BU24DRAFT_416076,gene:BU24DRAFT_416076,ML978066,99985,101978,7.1378745e-05
gene:BU24DRAFT_463,gene:BU24DRAFT_463,ML978066,105050,106619,9.418859e-05
gene:BU24DRAFT_469155,gene:BU24DRAFT_469155,ML978066,106511,108438,4.169353e-05
gene:BU24DRAFT_416080,gene:BU24DRAFT_416080,ML978066,108613,109410,8.514329e-05
gene:BU24DRAFT_382242,gene:BU24DRAFT_382242,ML978066,109332,110744,5.7769692e-05
gene:BU24DRAFT_456460,gene:BU24DRAFT_456460,ML978066,111631,112068,9.5901836e-05
gene:BU24DRAFT_456461,gene:BU24DRAFT_456461,ML978066,113303,113750,0.00017155801
gene:BU24DRAFT_416084,gene:BU24DRAFT_416084,ML978066,113945,115562,0.00013296951
gene:BU24DRAFT_416085,gene:BU24DRAFT_416085,ML978066,115517,116259,0.00014276581
gene:BU24DRAFT_456464,gene:BU24DRAFT_456464,ML978066,116209,117641,0.000114258284
gene:BU24DRAFT_360822,gene:BU24DRAFT_360822,ML978066,117732,118841,7.935636e-05
gene:BU24DRAFT_489,gene:BU24DRAFT_489,ML978066,117734,118093,8.9354435e-05
gene:BU24DRAFT_456466,gene:BU24DRAFT_456466,ML978066,119329,120825,6.9630565e-05
gene:BU24DRAFT_619,gene:BU24DRAFT_619,ML978066,122340,124995,7.657198e-05
gene:BU24DRAFT_403502,gene:BU24DRAFT_403502,ML978066,125483,126033,0.00012696805
gene:BU24DRAFT_686,gene:BU24DRAFT_686,ML978066,126917,129498,0.00017404882
gene:BU24DRAFT_487023,gene:BU24DRAFT_487023,ML978066,129605,135241,0.0010132405
gene:BU24DRAFT_429543,gene:BU24DRAFT_429543,ML978066,136190,138469,0.02469373
gene:BU24DRAFT_445630,gene:BU24DRAFT_445630,ML978066,140026,142242,0.15099531
gene:BU24DRAFT_438011,gene:BU24DRAFT_438011,ML978066,143071,144922,0.12451198
gene:BU24DRAFT_429546,gene:BU24DRAFT_429546,ML978066,145478,146359,0.010812557
gene:BU24DRAFT_469168,gene:BU24DRAFT_469168,ML978066,147560,149191,0.0017679344
gene:BU24DRAFT_339115,gene:BU24DRAFT_339115,ML978066,149351,150746,0.0006352555
gene:BU24DRAFT_403511,gene:BU24DRAFT_403511,ML978066,152469,152974,0.00012218708
gene:BU24DRAFT_445635,gene:BU24DRAFT_445635,ML978066,153226,155434,4.205756e-05
gene:BU24DRAFT_339297,gene:BU24DRAFT_339297,ML978066,156130,157239,0.00010188049
gene:BU24DRAFT_416094,gene:BU24DRAFT_416094,ML978066,156917,158416,6.4496475e-05
gene:BU24DRAFT_360858,gene:BU24DRAFT_360858,ML978066,158534,159375,0.0001330867
gene:BU24DRAFT_416096,gene:BU24DRAFT_416096,ML978066,159286,161875,4.5792614e-05
gene:BU24DRAFT_788,gene:BU24DRAFT_788,ML978066,163436,164607,0.000106433734
gene:BU24DRAFT_789,gene:BU24DRAFT_789,ML978066,164608,166502,6.413445e-05
gene:BU24DRAFT_416099,gene:BU24DRAFT_416099,ML978066,168831,169488,0.0001292443
gene:BU24DRAFT_403518,gene:BU24DRAFT_403518,ML978066,170449,171203,9.43248e-05
gene:BU24DRAFT_836,gene:BU24DRAFT_836,ML978066,174043,174731,0.000116474504
gene:BU24DRAFT_892,gene:BU24DRAFT_892,ML978066,177531,182650,0.000102868464
gene:BU24DRAFT_891,gene:BU24DRAFT_891,ML978066,182651,183228,0.00013486021
gene:BU24DRAFT_416106,gene:BU24DRAFT_416106,ML978066,183574,185423,0.00013272883
gene:BU24DRAFT_487039,gene:BU24DRAFT_487039,ML978066,188383,190097,0.00013019188
gene:BU24DRAFT_416108,gene:BU24DRAFT_416108,ML978066,190471,191278,8.395539e-05
gene:BU24DRAFT_403523,gene:BU24DRAFT_403523,ML978066,191794,193932,7.177243e-05
gene:BU24DRAFT_382300,gene:BU24DRAFT_382300,ML978066,194430,197354,0.00023556165
gene:BU24DRAFT_469180,gene:BU24DRAFT_469180,ML978066,197657,199218,0.00026840015
gene:BU24DRAFT_487043,gene:BU24DRAFT_487043,ML978066,199938,201643,0.004566515
gene:BU24DRAFT_429559,gene:BU24DRAFT_429559,ML978066,202151,204346,0.005653559
gene:BU24DRAFT_952,gene:BU24DRAFT_952,ML978066,205160,205644,0.00015319593
gene:BU24DRAFT_429560,gene:BU24DRAFT_429560,ML978066,207089,209346,0.00017662966
gene:BU24DRAFT_339173,gene:BU24DRAFT_339173,ML978066,210691,210882,0.00020293394
gene:BU24DRAFT_487045,gene:BU24DRAFT_487045,ML978066,211735,213307,0.0005347799
gene:BU24DRAFT_382310,gene:BU24DRAFT_382310,ML978066,213824,214484,0.0003595351
gene:BU24DRAFT_438025,gene:BU24DRAFT_438025,ML978066,214868,216105,0.0002641589
gene:BU24DRAFT_338474,gene:BU24DRAFT_338474,ML978066,217313,219084,0.00022867281
gene:BU24DRAFT_990,gene:BU24DRAFT_990,ML978066,220172,222645,0.00012608932
gene:BU24DRAFT_360888,gene:BU24DRAFT_360888,ML978066,222795,224023,0.0007103072
gene:BU24DRAFT_487051,gene:BU24DRAFT_487051,ML978066,224186,226075,3.738758e-05
gene:BU24DRAFT_403538,gene:BU24DRAFT_403538,ML978066,227180,229447,3.3560922e-05
gene:BU24DRAFT_982,gene:BU24DRAFT_982,ML978066,233201,234429,0.000127832
gene:BU24DRAFT_416118,gene:BU24DRAFT_416118,ML978066,236496,238049,3.9239483e-05
gene:BU24DRAFT_469204,gene:BU24DRAFT_469204,ML978066,240970,241931,0.00014373167
gene:BU24DRAFT_416119,gene:BU24DRAFT_416119,ML978066,241875,243245,6.213881e-05
gene:BU24DRAFT_445661,gene:BU24DRAFT_445661,ML978066,243679,244635,0.00294767
gene:BU24DRAFT_1062,gene:BU24DRAFT_1062,ML978066,244631,247229,0.00033826043
gene:BU24DRAFT_469206,gene:BU24DRAFT_469206,ML978066,250974,251408,9.444675e-05
gene:BU24DRAFT_456511,gene:BU24DRAFT_456511,ML978066,252518,253417,0.00010142556
gene:BU24DRAFT_382346,gene:BU24DRAFT_382346,ML978066,253845,257649,4.940552e-05
gene:BU24DRAFT_382348,gene:BU24DRAFT_382348,ML978066,257259,257835,6.1242994e-05
gene:BU24DRAFT_360917,gene:BU24DRAFT_360917,ML978066,258023,261942,0.00040905902
gene:BU24DRAFT_360921,gene:BU24DRAFT_360921,ML978066,261844,263765,0.0040693567
gene:BU24DRAFT_469208,gene:BU24DRAFT_469208,ML978066,265420,267395,0.0006886351
gene:BU24DRAFT_403551,gene:BU24DRAFT_403551,ML978066,268233,268793,0.000110111505
gene:BU24DRAFT_469218,gene:BU24DRAFT_469218,ML978066,269089,270321,5.590311e-05
gene:BU24DRAFT_416126,gene:BU24DRAFT_416126,ML978066,270611,273366,5.430759e-05
gene:BU24DRAFT_416127,gene:BU24DRAFT_416127,ML978066,273247,274566,3.8791633e-05
gene:BU24DRAFT_339265,gene:BU24DRAFT_339265,ML978066,274904,277114,2.8094519e-05
gene:BU24DRAFT_403556,gene:BU24DRAFT_403556,ML978066,280007,280406,3.5053337e-05
gene:BU24DRAFT_416132,gene:BU24DRAFT_416132,ML978066,281654,282043,6.697678e-05
gene:BU24DRAFT_416133,gene:BU24DRAFT_416133,ML978066,282073,283769,6.895599e-05
gene:BU24DRAFT_1487,gene:BU24DRAFT_1487,ML978066,285542,287270,4.9845774e-05
gene:BU24DRAFT_382373,gene:BU24DRAFT_382373,ML978066,288227,290129,5.69104e-05
gene:BU24DRAFT_416137,gene:BU24DRAFT_416137,ML978066,290028,291082,0.00020428411
gene:BU24DRAFT_1437,gene:BU24DRAFT_1437,ML978066,291162,291767,8.49839e-05
gene:BU24DRAFT_382381,gene:BU24DRAFT_382381,ML978066,292465,296167,6.1193765e-05
gene:BU24DRAFT_1496,gene:BU24DRAFT_1496,ML978066,296040,296867,7.348776e-05
gene:BU24DRAFT_487072,gene:BU24DRAFT_487072,ML978066,297347,298951,8.122383e-05
gene:BU24DRAFT_403563,gene:BU24DRAFT_403563,ML978066,301549,303282,5.3954707e-05
gene:BU24DRAFT_416141,gene:BU24DRAFT_416141,ML978066,303624,305143,4.285984e-05
gene:BU24DRAFT_1530,gene:BU24DRAFT_1530,ML978066,306325,308261,6.259302e-05
gene:BU24DRAFT_416144,gene:BU24DRAFT_416144,ML978066,308299,311266,2.613259e-05
gene:BU24DRAFT_360963,gene:BU24DRAFT_360963,ML978066,311729,313374,2.8632829e-05
gene:BU24DRAFT_416147,gene:BU24DRAFT_416147,ML978066,313430,315057,7.603683e-05
gene:BU24DRAFT_312244,gene:BU24DRAFT_312244,ML978066,315112,317048,0.0002485683
gene:BU24DRAFT_403570,gene:BU24DRAFT_403570,ML978066,318826,321925,0.00021484596
gene:BU24DRAFT_416152,gene:BU24DRAFT_416152,ML978066,323561,325287,0.00026593037
gene:BU24DRAFT_487082,gene:BU24DRAFT_487082,ML978066,325677,328157,0.00045611817
gene:BU24DRAFT_337745,gene:BU24DRAFT_337745,ML978066,328227,332664,0.0005116496
gene:BU24DRAFT_438057,gene:BU24DRAFT_438057,ML978066,333151,334990,0.00031416246
gene:BU24DRAFT_429598,gene:BU24DRAFT_429598,ML978066,337159,338012,0.00016117484
gene:BU24DRAFT_487085,gene:BU24DRAFT_487085,ML978066,338320,339391,3.331962e-05
gene:BU24DRAFT_416157,gene:BU24DRAFT_416157,ML978066,339235,340383,4.6495854e-05
gene:BU24DRAFT_456543,gene:BU24DRAFT_456543,ML978066,340771,343445,3.3551674e-05
gene:BU24DRAFT_487088,gene:BU24DRAFT_487088,ML978066,344268,345235,8.39429e-05
gene:BU24DRAFT_416160,gene:BU24DRAFT_416160,ML978066,345676,346319,3.9102702e-05
gene:BU24DRAFT_416161,gene:BU24DRAFT_416161,ML978066,346685,347508,7.345324e-05
gene:BU24DRAFT_340043,gene:BU24DRAFT_340043,ML978066,349039,351036,5.8327016e-05
gene:BU24DRAFT_416164,gene:BU24DRAFT_416164,ML978066,352018,353639,7.9625366e-05
gene:BU24DRAFT_403585,gene:BU24DRAFT_403585,ML978066,353945,355565,0.00018396764
gene:BU24DRAFT_487094,gene:BU24DRAFT_487094,ML978066,356217,357085,0.00013102271
gene:BU24DRAFT_469246,gene:BU24DRAFT_469246,ML978066,357553,358432,8.585939e-05
gene:BU24DRAFT_403588,gene:BU24DRAFT_403588,ML978066,359659,360767,0.00011841599
gene:BU24DRAFT_1973,gene:BU24DRAFT_1973,ML978066,366562,367158,0.0001182259
gene:BU24DRAFT_456553,gene:BU24DRAFT_456553,ML978066,368099,369636,6.22067e-05
gene:BU24DRAFT_1984,gene:BU24DRAFT_1984,ML978066,369786,370546,0.00012220295
gene:BU24DRAFT_1989,gene:BU24DRAFT_1989,ML978066,370546,371148,9.310964e-05
gene:BU24DRAFT_403590,gene:BU24DRAFT_403590,ML978066,372674,375363,0.000116026786
gene:BU24DRAFT_403591,gene:BU24DRAFT_403591,ML978066,376088,377493,0.00016940758
gene:BU24DRAFT_456556,gene:BU24DRAFT_456556,ML978066,378553,379964,0.0004702785
gene:BU24DRAFT_403593,gene:BU24DRAFT_403593,ML978066,380442,381918,0.0024663156
gene:BU24DRAFT_416169,gene:BU24DRAFT_416169,ML978066,382292,383793,0.013025958
gene:BU24DRAFT_456559,gene:BU24DRAFT_456559,ML978066,384747,385360,0.04771692
gene:BU24DRAFT_438063,gene:BU24DRAFT_438063,ML978066,386501,388399,0.335007
gene:BU24DRAFT_456561,gene:BU24DRAFT_456561,ML978066,388903,389962,0.31669596
gene:BU24DRAFT_469263,gene:BU24DRAFT_469263,ML978066,390399,391449,0.30715862
gene:BU24DRAFT_456563,gene:BU24DRAFT_456563,ML978066,391854,392771,0.27815777
gene:BU24DRAFT_445705,gene:BU24DRAFT_445705,ML978066,393712,396150,0.27638248
gene:BU24DRAFT_487101,gene:BU24DRAFT_487101,ML978066,396327,398359,0.18470475
gene:BU24DRAFT_445707,gene:BU24DRAFT_445707,ML978066,398896,401357,0.22120716
gene:BU24DRAFT_382431,gene:BU24DRAFT_382431,ML978066,402365,403996,0.08092975
gene:BU24DRAFT_416179,gene:BU24DRAFT_416179,ML978066,405705,408665,0.011578246
gene:BU24DRAFT_403604,gene:BU24DRAFT_403604,ML978066,408872,409861,0.0051553124
gene:BU24DRAFT_456570,gene:BU24DRAFT_456570,ML978066,411344,412169,0.0004141845
gene:BU24DRAFT_2139,gene:BU24DRAFT_2139,ML978066,412389,413909,4.807322e-05
gene:BU24DRAFT_456572,gene:BU24DRAFT_456572,ML978066,415029,416285,4.566799e-05
gene:BU24DRAFT_456573,gene:BU24DRAFT_456573,ML978066,417008,417811,4.593723e-05
gene:BU24DRAFT_469266,gene:BU24DRAFT_469266,ML978066,417925,419303,6.2530315e-05
gene:BU24DRAFT_487108,gene:BU24DRAFT_487108,ML978066,419788,421695,0.000118266384
gene:BU24DRAFT_2212,gene:BU24DRAFT_2212,ML978066,421576,423244,0.0014971981
gene:BU24DRAFT_416185,gene:BU24DRAFT_416185,ML978066,424148,426325,0.0009303271
gene:BU24DRAFT_403612,gene:BU24DRAFT_403612,ML978066,426142,426883,0.00017461187
gene:BU24DRAFT_456578,gene:BU24DRAFT_456578,ML978066,427961,428924,7.5455406e-05
gene:BU24DRAFT_456579,gene:BU24DRAFT_456579,ML978066,429212,430915,0.00020095614
gene:BU24DRAFT_438072,gene:BU24DRAFT_438072,ML978066,431920,435903,0.0003630721
gene:BU24DRAFT_382439,gene:BU24DRAFT_382439,ML978066,436031,438584,0.0043709753
gene:BU24DRAFT_403616,gene:BU24DRAFT_403616,ML978066,439512,440684,0.00019345403
gene:BU24DRAFT_416191,gene:BU24DRAFT_416191,ML978066,440989,442726,5.4536093e-05
gene:BU24DRAFT_445722,gene:BU24DRAFT_445722,ML978066,442839,443955,9.5366944e-05
gene:BU24DRAFT_416192,gene:BU24DRAFT_416192,ML978066,444146,445072,5.951154e-05
gene:BU24DRAFT_403620,gene:BU24DRAFT_403620,ML978066,445540,445866,7.3548414e-05
gene:BU24DRAFT_2362,gene:BU24DRAFT_2362,ML978066,446258,449605,5.349014e-05
gene:BU24DRAFT_456586,gene:BU24DRAFT_456586,ML978066,450427,451129,0.0001666323
gene:BU24DRAFT_2316,gene:BU24DRAFT_2316,ML978066,451873,455572,0.00011262918
gene:BU24DRAFT_403624,gene:BU24DRAFT_403624,ML978066,455995,458108,0.00020958796
gene:BU24DRAFT_416195,gene:BU24DRAFT_416195,ML978066,457996,459257,0.0097806435
gene:BU24DRAFT_438079,gene:BU24DRAFT_438079,ML978066,459519,460797,0.00020454556
gene:BU24DRAFT_382457,gene:BU24DRAFT_382457,ML978066,460953,462647,7.3439136e-05
gene:BU24DRAFT_456592,gene:BU24DRAFT_456592,ML978066,463969,466000,0.00014802086
gene:BU24DRAFT_337939,gene:BU24DRAFT_337939,ML978066,467472,471197,4.9152957e-05
gene:BU24DRAFT_429625,gene:BU24DRAFT_429625,ML978066,471983,473751,9.3764254e-05
gene:BU24DRAFT_487127,gene:BU24DRAFT_487127,ML978066,475385,477064,9.4707655e-05
gene:BU24DRAFT_416204,gene:BU24DRAFT_416204,ML978066,477470,478144,7.676431e-05
gene:BU24DRAFT_416205,gene:BU24DRAFT_416205,ML978066,478321,480642,5.2458163e-05
gene:BU24DRAFT_487130,gene:BU24DRAFT_487130,ML978066,480759,482376,0.0001609007
gene:BU24DRAFT_416207,gene:BU24DRAFT_416207,ML978066,482850,483655,0.000105843705
gene:BU24DRAFT_416208,gene:BU24DRAFT_416208,ML978066,484068,486016,9.054079e-05
gene:BU24DRAFT_456601,gene:BU24DRAFT_456601,ML978066,486847,489705,4.7889058e-05
gene:BU24DRAFT_2563,gene:BU24DRAFT_2563,ML978066,492834,494245,0.00011293896
gene:BU24DRAFT_2599,gene:BU24DRAFT_2599,ML978066,496199,497246,7.91769e-05
gene:BU24DRAFT_456603,gene:BU24DRAFT_456603,ML978066,497397,500776,4.7745147e-05
gene:BU24DRAFT_416213,gene:BU24DRAFT_416213,ML978066,501412,503847,5.0089846e-05
gene:BU24DRAFT_338566,gene:BU24DRAFT_338566,ML978066,504584,507332,3.7911574e-05
gene:BU24DRAFT_403643,gene:BU24DRAFT_403643,ML978066,508255,509951,8.825799e-05
gene:BU24DRAFT_416215,gene:BU24DRAFT_416215,ML978066,511082,512885,0.00013087064
gene:BU24DRAFT_487139,gene:BU24DRAFT_487139,ML978066,513079,514336,5.7671594e-05
gene:BU24DRAFT_416217,gene:BU24DRAFT_416217,ML978066,514515,516360,7.2659066e-05
gene:BU24DRAFT_339098,gene:BU24DRAFT_339098,ML978066,516805,522881,0.00013456367
gene:BU24DRAFT_403648,gene:BU24DRAFT_403648,ML978066,524496,525256,0.00012551366
gene:BU24DRAFT_416220,gene:BU24DRAFT_416220,ML978066,525189,527434,9.828837e-05
gene:BU24DRAFT_416221,gene:BU24DRAFT_416221,ML978066,527587,529322,7.657884e-05
gene:BU24DRAFT_416222,gene:BU24DRAFT_416222,ML978066,529500,531211,0.0001665429
gene:BU24DRAFT_438095,gene:BU24DRAFT_438095,ML978066,531198,532498,0.00011510649
gene:BU24DRAFT_456615,gene:BU24DRAFT_456615,ML978066,532736,534637,0.00017183172
gene:BU24DRAFT_403653,gene:BU24DRAFT_403653,ML978066,535027,536094,0.00015391092
gene:BU24DRAFT_416224,gene:BU24DRAFT_416224,ML978066,537167,538545,7.412968e-05
gene:BU24DRAFT_2868,gene:BU24DRAFT_2868,ML978066,539610,540394,0.0001445692
gene:BU24DRAFT_416225,gene:BU24DRAFT_416225,ML978066,540511,542753,9.866057e-05
gene:BU24DRAFT_469315,gene:BU24DRAFT_469315,ML978066,543067,544375,0.00013921247
gene:BU24DRAFT_469317,gene:BU24DRAFT_469317,ML978066,544653,545759,0.0001536344
gene:BU24DRAFT_416226,gene:BU24DRAFT_416226,ML978066,546073,547726,0.00018104509
gene:BU24DRAFT_2925,gene:BU24DRAFT_2925,ML978066,551335,553243,4.8988546e-05
gene:BU24DRAFT_2967,gene:BU24DRAFT_2967,ML978066,554018,554362,0.00022794792
gene:BU24DRAFT_2987,gene:BU24DRAFT_2987,ML978066,558153,558554,0.00014608593
gene:BU24DRAFT_456622,gene:BU24DRAFT_456622,ML978066,561182,562419,0.00017546266
gene:BU24DRAFT_445761,gene:BU24DRAFT_445761,ML978066,563897,566215,0.00013630507
gene:BU24DRAFT_416232,gene:BU24DRAFT_416232,ML978066,566176,566827,0.000115350784
gene:BU24DRAFT_416233,gene:BU24DRAFT_416233,ML978066,568719,571252,0.00015823374
gene:BU24DRAFT_416234,gene:BU24DRAFT_416234,ML978066,572725,573770,0.00012524905
gene:BU24DRAFT_3052,gene:BU24DRAFT_3052,ML978066,575919,576722,0.00012590297
gene:BU24DRAFT_340056,gene:BU24DRAFT_340056,ML978066,577714,580660,9.834402e-05
gene:BU24DRAFT_445766,gene:BU24DRAFT_445766,ML978066,580965,582314,4.2051593e-05
gene:BU24DRAFT_438100,gene:BU24DRAFT_438100,ML978066,583219,584914,7.577371e-05
gene:BU24DRAFT_416239,gene:BU24DRAFT_416239,ML978066,584932,588157,6.383492e-05
gene:BU24DRAFT_416240,gene:BU24DRAFT_416240,ML978066,588290,591024,0.0001708059
gene:BU24DRAFT_361071,gene:BU24DRAFT_361071,ML978066,591237,594039,0.00024062651
gene:BU24DRAFT_3199,gene:BU24DRAFT_3199,ML978066,594715,596034,0.08082412
gene:BU24DRAFT_3198,gene:BU24DRAFT_3198,ML978066,596035,598644,0.00013092486
gene:BU24DRAFT_403672,gene:BU24DRAFT_403672,ML978066,599494,600392,0.00015072044
gene:BU24DRAFT_416246,gene:BU24DRAFT_416246,ML978066,601594,605286,3.121313e-05
gene:BU24DRAFT_456636,gene:BU24DRAFT_456636,ML978066,605632,609113,3.8553826e-05
gene:BU24DRAFT_3353,gene:BU24DRAFT_3353,ML978066,610835,611204,0.00010411109
gene:BU24DRAFT_445776,gene:BU24DRAFT_445776,ML978066,611103,613488,0.00020321892
gene:BU24DRAFT_469342,gene:BU24DRAFT_469342,ML978066,614770,616304,0.0003317769
gene:BU24DRAFT_469346,gene:BU24DRAFT_469346,ML978066,616979,618882,0.00011384883
gene:BU24DRAFT_382519,gene:BU24DRAFT_382519,ML978066,619140,620623,0.00045378035
gene:BU24DRAFT_445779,gene:BU24DRAFT_445779,ML978066,621414,622487,0.0027738886
gene:BU24DRAFT_403681,gene:BU24DRAFT_403681,ML978066,622816,623252,0.03806647
gene:BU24DRAFT_382525,gene:BU24DRAFT_382525,ML978066,623987,626555,0.15602662
gene:BU24DRAFT_456643,gene:BU24DRAFT_456643,ML978066,627696,629415,0.091508135
gene:BU24DRAFT_438112,gene:BU24DRAFT_438112,ML978066,633489,636240,0.0017292089
gene:BU24DRAFT_416255,gene:BU24DRAFT_416255,ML978066,636712,637697,0.00014332405
gene:BU24DRAFT_487173,gene:BU24DRAFT_487173,ML978066,638093,643121,3.5886864e-05
gene:BU24DRAFT_487174,gene:BU24DRAFT_487174,ML978066,643493,644824,0.00012982597
gene:BU24DRAFT_382532,gene:BU24DRAFT_382532,ML978066,645172,646981,0.00033206437
gene:BU24DRAFT_3503,gene:BU24DRAFT_3503,ML978066,648224,649612,0.00025968745
gene:BU24DRAFT_416260,gene:BU24DRAFT_416260,ML978066,650288,653602,0.00051303825
gene:BU24DRAFT_3587,gene:BU24DRAFT_3587,ML978066,656459,657516,0.0002043332
gene:BU24DRAFT_339596,gene:BU24DRAFT_339596,ML978066,657452,658464,0.0001460378
gene:BU24DRAFT_361110,gene:BU24DRAFT_361110,ML978066,661898,665059,4.5992987e-05
gene:BU24DRAFT_487181,gene:BU24DRAFT_487181,ML978066,665345,667213,3.582945e-05
gene:BU24DRAFT_469370,gene:BU24DRAFT_469370,ML978066,669149,670314,6.132506e-05
gene:BU24DRAFT_429662,gene:BU24DRAFT_429662,ML978066,670760,674500,0.00012083462
gene:BU24DRAFT_429664,gene:BU24DRAFT_429664,ML978066,677801,679537,0.00013433023
gene:BU24DRAFT_416271,gene:BU24DRAFT_416271,ML978066,681565,681994,0.00037573618
gene:BU24DRAFT_487187,gene:BU24DRAFT_487187,ML978066,686538,687705,0.003302579
gene:BU24DRAFT_487188,gene:BU24DRAFT_487188,ML978066,688626,690127,0.0005176906
gene:BU24DRAFT_416274,gene:BU24DRAFT_416274,ML978066,690459,692015,5.8246264e-05
gene:BU24DRAFT_487190,gene:BU24DRAFT_487190,ML978066,692650,694690,0.00012245258
gene:BU24DRAFT_456664,gene:BU24DRAFT_456664,ML978066,694984,697734,5.7136087e-05
gene:BU24DRAFT_3892,gene:BU24DRAFT_3892,ML978066,698188,698815,9.5930394e-05
gene:BU24DRAFT_3891,gene:BU24DRAFT_3891,ML978066,698816,699966,7.0481634e-05
gene:BU24DRAFT_337748,gene:BU24DRAFT_337748,ML978066,700310,702096,0.00011612422
gene:BU24DRAFT_456668,gene:BU24DRAFT_456668,ML978066,705445,706046,6.306555e-05
gene:BU24DRAFT_339032,gene:BU24DRAFT_339032,ML978066,707444,709214,0.00015904865
gene:BU24DRAFT_3916,gene:BU24DRAFT_3916,ML978066,710593,714298,0.00019072327
gene:BU24DRAFT_3956,gene:BU24DRAFT_3956,ML978066,714609,716147,0.00012231653
gene:BU24DRAFT_3983,gene:BU24DRAFT_3983,ML978066,716485,716996,0.00013147607
gene:BU24DRAFT_416282,gene:BU24DRAFT_416282,ML978066,716644,718184,6.203619e-05
gene:BU24DRAFT_416283,gene:BU24DRAFT_416283,ML978066,718179,721206,9.568438e-05
gene:BU24DRAFT_4200,gene:BU24DRAFT_4200,ML978066,721927,724055,0.00023089579
gene:BU24DRAFT_403713,gene:BU24DRAFT_403713,ML978066,724434,726401,6.572881e-05
gene:BU24DRAFT_469398,gene:BU24DRAFT_469398,ML978066,728325,729396,0.00012001904
gene:BU24DRAFT_403715,gene:BU24DRAFT_403715,ML978066,730425,731585,0.00029496674
gene:BU24DRAFT_4287,gene:BU24DRAFT_4287,ML978066,731918,733088,0.00015422798
gene:BU24DRAFT_416291,gene:BU24DRAFT_416291,ML978066,733145,733877,0.00022483825
gene:BU24DRAFT_4305,gene:BU24DRAFT_4305,ML978066,733783,734705,0.00015065113
gene:BU24DRAFT_416294,gene:BU24DRAFT_416294,ML978066,735079,735992,7.9876074e-05
gene:BU24DRAFT_4395,gene:BU24DRAFT_4395,ML978066,736166,738962,0.00015314255
gene:BU24DRAFT_4439,gene:BU24DRAFT_4439,ML978066,741684,745602,0.00012234884
gene:BU24DRAFT_416297,gene:BU24DRAFT_416297,ML978066,747535,749569,7.995611e-05
gene:BU24DRAFT_416299,gene:BU24DRAFT_416299,ML978066,749787,751532,8.440331e-05
gene:BU24DRAFT_403723,gene:BU24DRAFT_403723,ML978066,752228,754032,5.839937e-05
gene:BU24DRAFT_416301,gene:BU24DRAFT_416301,ML978066,756800,758214,0.00016515232
gene:BU24DRAFT_429677,gene:BU24DRAFT_429677,ML978066,758415,761519,7.0923554e-05
gene:BU24DRAFT_416306,gene:BU24DRAFT_416306,ML978066,762071,762371,7.86233e-05
gene:BU24DRAFT_4883,gene:BU24DRAFT_4883,ML978066,766232,767870,7.294435e-05
gene:BU24DRAFT_338569,gene:BU24DRAFT_338569,ML978066,771766,774081,6.200726e-05
gene:BU24DRAFT_445823,gene:BU24DRAFT_445823,ML978066,774273,775858,7.689105e-05
gene:BU24DRAFT_416311,gene:BU24DRAFT_416311,ML978066,777017,778311,0.00010585321
gene:BU24DRAFT_4938,gene:BU24DRAFT_4938,ML978066,778279,779896,4.881154e-05
gene:BU24DRAFT_340202,gene:BU24DRAFT_340202,ML978066,781296,784519,0.00013614149
gene:BU24DRAFT_403732,gene:BU24DRAFT_403732,ML978066,789762,790853,0.00015370952
gene:BU24DRAFT_456693,gene:BU24DRAFT_456693,ML978066,791804,793771,0.00043604587
gene:BU24DRAFT_4959,gene:BU24DRAFT_4959,ML978066,794213,796391,0.00012345778
gene:BU24DRAFT_361156,gene:BU24DRAFT_361156,ML978066,799003,806019,8.224127e-05
gene:BU24DRAFT_445830,gene:BU24DRAFT_445830,ML978066,808427,809601,0.00013911373
gene:BU24DRAFT_445831,gene:BU24DRAFT_445831,ML978066,814038,815622,0.00012297452
gene:BU24DRAFT_416321,gene:BU24DRAFT_416321,ML978066,816899,818612,8.993344e-05
gene:BU24DRAFT_403738,gene:BU24DRAFT_403738,ML978066,819180,820067,8.398649e-05
gene:BU24DRAFT_5468,gene:BU24DRAFT_5468,ML978066,821086,823729,0.00014972573
gene:BU24DRAFT_416324,gene:BU24DRAFT_416324,ML978066,824730,826359,0.0007649421
gene:BU24DRAFT_416325,gene:BU24DRAFT_416325,ML978066,826283,828855,0.22220911
gene:BU24DRAFT_416326,gene:BU24DRAFT_416326,ML978066,828962,830786,0.059088286
gene:BU24DRAFT_416328,gene:BU24DRAFT_416328,ML978066,831162,832642,0.0036661995
gene:BU24DRAFT_445838,gene:BU24DRAFT_445838,ML978066,832934,833856,0.00022292725
gene:BU24DRAFT_416330,gene:BU24DRAFT_416330,ML978066,834555,835219,4.7880967e-05
gene:BU24DRAFT_416331,gene:BU24DRAFT_416331,ML978066,835636,836336,0.00014122375
gene:BU24DRAFT_416332,gene:BU24DRAFT_416332,ML978066,836670,838179,0.00040629
gene:BU24DRAFT_5604,gene:BU24DRAFT_5604,ML978066,838127,840215,0.00012562377
gene:BU24DRAFT_416334,gene:BU24DRAFT_416334,ML978066,840825,842875,9.627358e-05
gene:BU24DRAFT_416336,gene:BU24DRAFT_416336,ML978066,845455,846929,7.939319e-05
gene:BU24DRAFT_456709,gene:BU24DRAFT_456709,ML978066,846887,847840,4.535566e-05
gene:BU24DRAFT_5671,gene:BU24DRAFT_5671,ML978066,848062,849566,6.496874e-05
gene:BU24DRAFT_321862,gene:BU24DRAFT_321862,ML978066,850873,852384,6.763902e-05
gene:BU24DRAFT_5758,gene:BU24DRAFT_5758,ML978066,852879,855290,8.52779e-05
gene:BU24DRAFT_416342,gene:BU24DRAFT_416342,ML978066,857886,858732,0.00022100049
gene:BU24DRAFT_5810,gene:BU24DRAFT_5810,ML978066,859733,861804,0.0001042326
gene:BU24DRAFT_403757,gene:BU24DRAFT_403757,ML978066,863569,866995,0.00013535497
gene:BU24DRAFT_5878,gene:BU24DRAFT_5878,ML978066,868010,869769,9.1868824e-05
gene:BU24DRAFT_438149,gene:BU24DRAFT_438149,ML978066,870352,871864,0.00011447371
gene:BU24DRAFT_5926,gene:BU24DRAFT_5926,ML978066,874212,877064,0.000102169215
gene:BU24DRAFT_339311,gene:BU24DRAFT_339311,ML978066,878471,882720,0.00010007346
gene:BU24DRAFT_5983,gene:BU24DRAFT_5983,ML978066,883891,884683,0.00017831063
gene:BU24DRAFT_416350,gene:BU24DRAFT_416350,ML978066,884451,885972,7.359865e-05
gene:BU24DRAFT_382626,gene:BU24DRAFT_382626,ML978066,889307,891151,0.00014160853
gene:BU24DRAFT_416354,gene:BU24DRAFT_416354,ML978066,891075,892250,9.401753e-05
gene:BU24DRAFT_456721,gene:BU24DRAFT_456721,ML978066,893599,900198,5.2373845e-05
gene:BU24DRAFT_416356,gene:BU24DRAFT_416356,ML978066,901961,903660,8.72721e-05
gene:BU24DRAFT_6141,gene:BU24DRAFT_6141,ML978066,912238,913014,0.00016127937
gene:BU24DRAFT_403768,gene:BU24DRAFT_403768,ML978066,913162,914654,0.00015975814
gene:BU24DRAFT_339156,gene:BU24DRAFT_339156,ML978066,916275,918214,0.00012007065
gene:BU24DRAFT_456726,gene:BU24DRAFT_456726,ML978066,921348,921706,6.0191996e-05
gene:BU24DRAFT_429713,gene:BU24DRAFT_429713,ML978066,923154,925297,4.7152047e-05
gene:BU24DRAFT_6490,gene:BU24DRAFT_6490,ML978066,926221,928166,5.8762525e-05
gene:BU24DRAFT_6486,gene:BU24DRAFT_6486,ML978066,928167,929910,0.00015524801
gene:BU24DRAFT_416371,gene:BU24DRAFT_416371,ML978066,930766,932674,5.5088465e-05
gene:BU24DRAFT_456731,gene:BU24DRAFT_456731,ML978066,936967,937806,6.1606246e-05
gene:BU24DRAFT_6522,gene:BU24DRAFT_6522,ML978066,939500,940708,0.00020051944
gene:BU24DRAFT_416374,gene:BU24DRAFT_416374,ML978066,943441,944248,0.0005283146
gene:BU24DRAFT_416375,gene:BU24DRAFT_416375,ML978066,944329,945550,0.0020947796
gene:BU24DRAFT_6653,gene:BU24DRAFT_6653,ML978066,945552,947453,0.002164697
gene:BU24DRAFT_6690,gene:BU24DRAFT_6690,ML978066,947455,948404,0.0006280493
gene:BU24DRAFT_416380,gene:BU24DRAFT_416380,ML978066,953351,953751,0.00035377592
gene:BU24DRAFT_6719,gene:BU24DRAFT_6719,ML978066,955812,958790,0.00011701256
gene:BU24DRAFT_6721,gene:BU24DRAFT_6721,ML978066,959433,960365,6.521607e-05
gene:BU24DRAFT_416384,gene:BU24DRAFT_416384,ML978066,961139,962365,4.529267e-05
gene:BU24DRAFT_469464,gene:BU24DRAFT_469464,ML978066,962888,966895,0.00026126162
gene:BU24DRAFT_416387,gene:BU24DRAFT_416387,ML978066,968565,971462,0.00018001253
gene:BU24DRAFT_403781,gene:BU24DRAFT_403781,ML978066,973493,974361,0.00013478614
gene:BU24DRAFT_6840,gene:BU24DRAFT_6840,ML978066,974456,974995,0.000226354
gene:BU24DRAFT_6858,gene:BU24DRAFT_6858,ML978066,974996,977797,0.0007351009
gene:BU24DRAFT_445873,gene:BU24DRAFT_445873,ML978066,980066,981584,0.00010730443
gene:BU24DRAFT_382653,gene:BU24DRAFT_382653,ML978066,981753,985541,3.617066e-05
gene:BU24DRAFT_361218,gene:BU24DRAFT_361218,ML978066,985627,987767,4.2583146e-05
gene:BU24DRAFT_416395,gene:BU24DRAFT_416395,ML978066,988052,989731,8.4293286e-05
gene:BU24DRAFT_487266,gene:BU24DRAFT_487266,ML978066,990374,993327,8.2484476e-05
gene:BU24DRAFT_469468,gene:BU24DRAFT_469468,ML978066,993918,996480,9.531231e-05
gene:BU24DRAFT_487268,gene:BU24DRAFT_487268,ML978066,996726,999281,0.00012403823
gene:BU24DRAFT_416397,gene:BU24DRAFT_416397,ML978066,1000249,1002629,0.00012035747
gene:BU24DRAFT_7094,gene:BU24DRAFT_7094,ML978066,1003570,1004852,0.00010567169
gene:BU24DRAFT_456751,gene:BU24DRAFT_456751,ML978066,1008184,1008873,0.0001148285
gene:BU24DRAFT_7105,gene:BU24DRAFT_7105,ML978066,1009486,1010891,9.853468e-05
gene:BU24DRAFT_7114,gene:BU24DRAFT_7114,ML978066,1011281,1012124,9.472844e-05
gene:BU24DRAFT_7135,gene:BU24DRAFT_7135,ML978066,1012126,1013123,0.0001157774
gene:BU24DRAFT_7134,gene:BU24DRAFT_7134,ML978066,1013124,1017125,6.0335675e-05
gene:BU24DRAFT_438168,gene:BU24DRAFT_438168,ML978066,1018792,1022397,0.00015836934
gene:BU24DRAFT_7192,gene:BU24DRAFT_7192,ML978066,1022060,1022509,0.0010477111
gene:BU24DRAFT_7207,gene:BU24DRAFT_7207,ML978066,1027048,1032231,0.21185976
gene:BU24DRAFT_7241,gene:BU24DRAFT_7241,ML978066,1034382,1035811,0.033206303
gene:BU24DRAFT_456757,gene:BU24DRAFT_456757,ML978066,1036646,1037892,0.024139605
gene:BU24DRAFT_416410,gene:BU24DRAFT_416410,ML978066,1038007,1039649,0.02966668
gene:BU24DRAFT_7539,gene:BU24DRAFT_7539,ML978066,1040479,1042197,0.0004244355
gene:BU24DRAFT_361245,gene:BU24DRAFT_361245,ML978066,1042570,1044846,9.819306e-05
gene:BU24DRAFT_403801,gene:BU24DRAFT_403801,ML978066,1045039,1045524,0.00010468002
gene:BU24DRAFT_416414,gene:BU24DRAFT_416414,ML978066,1045520,1046777,9.7486234e-05
gene:BU24DRAFT_361248,gene:BU24DRAFT_361248,ML978066,1046911,1048647,8.683533e-05
gene:BU24DRAFT_469487,gene:BU24DRAFT_469487,ML978066,1049077,1050431,0.0010867695
gene:BU24DRAFT_487284,gene:BU24DRAFT_487284,ML978066,1051058,1056784,5.0118346e-05
gene:BU24DRAFT_469489,gene:BU24DRAFT_469489,ML978066,1061641,1063104,4.6991896e-05
gene:BU24DRAFT_7630,gene:BU24DRAFT_7630,ML978066,1063442,1064591,0.000108948036
gene:BU24DRAFT_7643,gene:BU24DRAFT_7643,ML978066,1065005,1065992,5.868868e-05
gene:BU24DRAFT_456769,gene:BU24DRAFT_456769,ML978066,1066654,1067391,0.00014593483
gene:BU24DRAFT_339509,gene:BU24DRAFT_339509,ML978066,1074785,1078073,0.0001008403
gene:BU24DRAFT_469493,gene:BU24DRAFT_469493,ML978066,1078425,1080240,0.000102554615
gene:BU24DRAFT_469497,gene:BU24DRAFT_469497,ML978066,1080869,1081818,0.0001334652
gene:BU24DRAFT_487290,gene:BU24DRAFT_487290,ML978066,1082298,1082843,0.0008151496
gene:BU24DRAFT_487291,gene:BU24DRAFT_487291,ML978066,1082896,1084194,0.00046239345
gene:BU24DRAFT_361252,gene:BU24DRAFT_361252,ML978066,1084734,1087601,0.0001041398
gene:BU24DRAFT_7702,gene:BU24DRAFT_7702,ML978066,1088125,1088789,0.00011500587
gene:BU24DRAFT_7716,gene:BU24DRAFT_7716,ML978066,1088790,1090010,0.00012309894
gene:BU24DRAFT_382693,gene:BU24DRAFT_382693,ML978066,1090677,1093180,7.6718825e-05
gene:BU24DRAFT_337493,gene:BU24DRAFT_337493,ML978066,1094031,1096196,3.9870803e-05
gene:BU24DRAFT_416426,gene:BU24DRAFT_416426,ML978066,1096723,1100448,5.868906e-05
gene:BU24DRAFT_487297,gene:BU24DRAFT_487297,ML978066,1101033,1102132,8.6913955e-05
gene:BU24DRAFT_7767,gene:BU24DRAFT_7767,ML978066,1102248,1102874,0.00019309681
gene:BU24DRAFT_382704,gene:BU24DRAFT_382704,ML978066,1103030,1107113,0.00012097167
gene:BU24DRAFT_382705,gene:BU24DRAFT_382705,ML978066,1107694,1110356,0.0014151958
gene:BU24DRAFT_7834,gene:BU24DRAFT_7834,ML978066,1110988,1111468,0.0015949487
gene:BU24DRAFT_416430,gene:BU24DRAFT_416430,ML978066,1112401,1115365,0.0037518353
gene:BU24DRAFT_7904,gene:BU24DRAFT_7904,ML978066,1119787,1120367,0.0006960579
gene:BU24DRAFT_7915,gene:BU24DRAFT_7915,ML978066,1122583,1124433,0.00010444129
gene:BU24DRAFT_445911,gene:BU24DRAFT_445911,ML978066,1129137,1130682,0.00014843608
gene:BU24DRAFT_456787,gene:BU24DRAFT_456787,ML978066,1131271,1133673,3.6816524e-05
gene:BU24DRAFT_445913,gene:BU24DRAFT_445913,ML978066,1134588,1137355,4.9278446e-05
gene:BU24DRAFT_403829,gene:BU24DRAFT_403829,ML978066,1138612,1139340,4.743439e-05
gene:BU24DRAFT_469526,gene:BU24DRAFT_469526,ML978066,1140510,1142314,6.320223e-05
gene:BU24DRAFT_361280,gene:BU24DRAFT_361280,ML978066,1142187,1145308,5.8174333e-05
gene:BU24DRAFT_429738,gene:BU24DRAFT_429738,ML978066,1145587,1147827,0.00011754657
gene:BU24DRAFT_8002,gene:BU24DRAFT_8002,ML978066,1148518,1149015,6.878901e-05
gene:BU24DRAFT_403834,gene:BU24DRAFT_403834,ML978066,1149567,1151904,7.4844516e-05
gene:BU24DRAFT_487309,gene:BU24DRAFT_487309,ML978066,1152163,1154029,7.146413e-05
gene:BU24DRAFT_8048,gene:BU24DRAFT_8048,ML978066,1153587,1154215,9.585145e-05
gene:BU24DRAFT_403836,gene:BU24DRAFT_403836,ML978066,1154048,1154892,0.00010303884
gene:BU24DRAFT_487311,gene:BU24DRAFT_487311,ML978066,1155188,1156123,6.59366e-05
gene:BU24DRAFT_337293,gene:BU24DRAFT_337293,ML978066,1156301,1157962,0.00025238062
gene:BU24DRAFT_416447,gene:BU24DRAFT_416447,ML978066,1158535,1162135,6.9860325e-05
gene:BU24DRAFT_8092,gene:BU24DRAFT_8092,ML978066,1162156,1164768,7.439355e-05
gene:BU24DRAFT_456800,gene:BU24DRAFT_456800,ML978066,1166340,1167749,4.6825284e-05
gene:BU24DRAFT_416449,gene:BU24DRAFT_416449,ML978066,1168136,1169891,7.921611e-05
gene:BU24DRAFT_416450,gene:BU24DRAFT_416450,ML978066,1170108,1171204,9.181752e-05
gene:BU24DRAFT_416451,gene:BU24DRAFT_416451,ML978066,1171328,1174620,8.948585e-05
gene:BU24DRAFT_416452,gene:BU24DRAFT_416452,ML978066,1174541,1175949,0.001527065
gene:BU24DRAFT_429744,gene:BU24DRAFT_429744,ML978066,1176652,1177638,0.0001734941
gene:BU24DRAFT_8228,gene:BU24DRAFT_8228,ML978066,1177801,1180437,4.4748773e-05
gene:BU24DRAFT_469554,gene:BU24DRAFT_469554,ML978066,1180761,1183447,7.337088e-05
gene:BU24DRAFT_339550,gene:BU24DRAFT_339550,ML978066,1184599,1187916,6.763776e-05
gene:BU24DRAFT_382737,gene:BU24DRAFT_382737,ML978066,1188014,1189736,0.0007016144
gene:BU24DRAFT_416455,gene:BU24DRAFT_416455,ML978066,1189818,1190983,0.0021662826
gene:BU24DRAFT_8248,gene:BU24DRAFT_8248,ML978066,1190941,1192198,0.00038726546
gene:BU24DRAFT_416456,gene:BU24DRAFT_416456,ML978066,1192870,1194777,0.0005298797
gene:BU24DRAFT_403853,gene:BU24DRAFT_403853,ML978066,1195374,1196478,0.0028540294
gene:BU24DRAFT_456814,gene:BU24DRAFT_456814,ML978066,1196709,1197356,0.0003520742
gene:BU24DRAFT_337819,gene:BU24DRAFT_337819,ML978066,1198018,1199058,0.00012268126
gene:BU24DRAFT_416459,gene:BU24DRAFT_416459,ML978066,1199297,1202576,5.683336e-05
gene:BU24DRAFT_8335,gene:BU24DRAFT_8335,ML978066,1202733,1205604,4.239379e-05
gene:BU24DRAFT_416460,gene:BU24DRAFT_416460,ML978066,1205752,1207452,7.192943e-05
gene:BU24DRAFT_456818,gene:BU24DRAFT_456818,ML978066,1207712,1209337,5.9689468e-05
gene:BU24DRAFT_416462,gene:BU24DRAFT_416462,ML978066,1209938,1211227,7.696368e-05
gene:BU24DRAFT_8388,gene:BU24DRAFT_8388,ML978066,1212701,1217093,0.000113734204
gene:BU24DRAFT_382758,gene:BU24DRAFT_382758,ML978066,1217524,1220715,6.714595e-05
gene:BU24DRAFT_416468,gene:BU24DRAFT_416468,ML978066,1220890,1225176,7.485083e-05
gene:BU24DRAFT_445943,gene:BU24DRAFT_445943,ML978066,1225408,1231251,9.9365476e-05
gene:BU24DRAFT_416470,gene:BU24DRAFT_416470,ML978066,1231860,1234115,9.384534e-05
gene:BU24DRAFT_339361,gene:BU24DRAFT_339361,ML978066,1234861,1238047,0.00022483522
gene:BU24DRAFT_338974,gene:BU24DRAFT_338974,ML978066,1239222,1241355,0.0008588796
gene:BU24DRAFT_469573,gene:BU24DRAFT_469573,ML978066,1242106,1243466,0.007755513
gene:BU24DRAFT_456828,gene:BU24DRAFT_456828,ML978066,1243462,1244166,0.0006395342
gene:BU24DRAFT_429760,gene:BU24DRAFT_429760,ML978066,1245866,1247760,0.000106114385
gene:BU24DRAFT_438205,gene:BU24DRAFT_438205,ML978066,1248238,1250543,0.00015180469
gene:BU24DRAFT_416475,gene:BU24DRAFT_416475,ML978066,1251277,1252375,0.00012126786
gene:BU24DRAFT_8727,gene:BU24DRAFT_8727,ML978066,1252037,1253612,0.00015463866
gene:BU24DRAFT_416480,gene:BU24DRAFT_416480,ML978066,1255310,1256559,8.529311e-05
gene:BU24DRAFT_456834,gene:BU24DRAFT_456834,ML978066,1257307,1258224,0.00027864982
gene:BU24DRAFT_469588,gene:BU24DRAFT_469588,ML978066,1259311,1261069,0.00014307712
gene:BU24DRAFT_338304,gene:BU24DRAFT_338304,ML978066,1261305,1262696,0.00034128653
gene:BU24DRAFT_8813,gene:BU24DRAFT_8813,ML978066,1264016,1264326,0.00015574458
gene:BU24DRAFT_403876,gene:BU24DRAFT_403876,ML978066,1264367,1265136,0.00016379255
gene:BU24DRAFT_469594,gene:BU24DRAFT_469594,ML978066,1265643,1266262,7.732575e-05
gene:BU24DRAFT_416484,gene:BU24DRAFT_416484,ML978066,1266900,1267813,0.0003565614
gene:BU24DRAFT_456839,gene:BU24DRAFT_456839,ML978066,1267769,1269102,0.0006394004
gene:BU24DRAFT_487348,gene:BU24DRAFT_487348,ML978066,1269666,1271213,0.00013473208
gene:BU24DRAFT_8854,gene:BU24DRAFT_8854,ML978066,1271538,1273682,9.854822e-05
gene:BU24DRAFT_429766,gene:BU24DRAFT_429766,ML978066,1273820,1275483,0.00028483532
gene:BU24DRAFT_403882,gene:BU24DRAFT_403882,ML978066,1275915,1278515,0.00010963412
gene:BU24DRAFT_456844,gene:BU24DRAFT_456844,ML978066,1279724,1282409,4.2411757e-05
gene:BU24DRAFT_8895,gene:BU24DRAFT_8895,ML978066,1282214,1282816,7.07307e-05
gene:BU24DRAFT_456845,gene:BU24DRAFT_456845,ML978066,1283648,1286250,5.0301747e-05
gene:BU24DRAFT_340067,gene:BU24DRAFT_340067,ML978066,1287480,1288694,5.867015e-05
gene:BU24DRAFT_416491,gene:BU24DRAFT_416491,ML978066,1289834,1292073,5.438234e-05
gene:BU24DRAFT_416492,gene:BU24DRAFT_416492,ML978066,1291974,1293176,0.00010063646
gene:BU24DRAFT_8979,gene:BU24DRAFT_8979,ML978066,1293721,1295872,0.00073657895
gene:BU24DRAFT_8990,gene:BU24DRAFT_8990,ML978066,1296523,1299165,9.390245e-05
gene:BU24DRAFT_9010,gene:BU24DRAFT_9010,ML978066,1301734,1302714,4.76054e-05
gene:BU24DRAFT_382802,gene:BU24DRAFT_382802,ML978066,1303463,1305533,4.9397764e-05
gene:BU24DRAFT_403892,gene:BU24DRAFT_403892,ML978066,1306523,1307410,0.00012769162
gene:BU24DRAFT_469605,gene:BU24DRAFT_469605,ML978066,1308681,1311287,7.7652425e-05
gene:BU24DRAFT_416497,gene:BU24DRAFT_416497,ML978066,1311783,1313399,5.8051424e-05
gene:BU24DRAFT_9082,gene:BU24DRAFT_9082,ML978066,1313869,1314653,0.00020482925
gene:BU24DRAFT_9102,gene:BU24DRAFT_9102,ML978066,1318090,1318747,0.00042611052
gene:BU24DRAFT_361367,gene:BU24DRAFT_361367,ML978066,1321029,1323355,0.00058978924
gene:BU24DRAFT_416501,gene:BU24DRAFT_416501,ML978066,1326063,1330624,0.0003712375
gene:BU24DRAFT_9135,gene:BU24DRAFT_9135,ML978066,1330324,1330987,9.633163e-05
gene:BU24DRAFT_416502,gene:BU24DRAFT_416502,ML978066,1331809,1334082,4.422428e-05
gene:BU24DRAFT_9145,gene:BU24DRAFT_9145,ML978066,1334680,1336471,9.029597e-05
gene:BU24DRAFT_456860,gene:BU24DRAFT_456860,ML978066,1342084,1343918,6.8663816e-05
gene:BU24DRAFT_456861,gene:BU24DRAFT_456861,ML978066,1345618,1346831,9.732896e-05
gene:BU24DRAFT_438222,gene:BU24DRAFT_438222,ML978066,1348054,1352047,5.140333e-05
gene:BU24DRAFT_361378,gene:BU24DRAFT_361378,ML978066,1353201,1355963,5.4814136e-05
gene:BU24DRAFT_445978,gene:BU24DRAFT_445978,ML978066,1356129,1357092,5.749254e-05
gene:BU24DRAFT_416509,gene:BU24DRAFT_416509,ML978066,1357409,1358523,0.00011153747
gene:BU24DRAFT_416510,gene:BU24DRAFT_416510,ML978066,1358684,1360313,8.09471e-05
gene:BU24DRAFT_382821,gene:BU24DRAFT_382821,ML978066,1360535,1363087,5.8236e-05
gene:BU24DRAFT_416512,gene:BU24DRAFT_416512,ML978066,1365692,1368143,0.00011514989
gene:BU24DRAFT_361392,gene:BU24DRAFT_361392,ML978066,1368450,1369489,6.786125e-05
gene:BU24DRAFT_416514,gene:BU24DRAFT_416514,ML978066,1369840,1373807,4.529642e-05
gene:BU24DRAFT_9650,gene:BU24DRAFT_9650,ML978066,1374435,1377119,5.4003915e-05
gene:BU24DRAFT_429787,gene:BU24DRAFT_429787,ML978066,1379435,1380524,0.00027803512
gene:BU24DRAFT_416516,gene:BU24DRAFT_416516,ML978066,1381124,1383139,5.644495e-05
gene:BU24DRAFT_416517,gene:BU24DRAFT_416517,ML978066,1384184,1385328,7.452954e-05
gene:BU24DRAFT_487381,gene:BU24DRAFT_487381,ML978066,1385545,1387412,5.0314935e-05
gene:BU24DRAFT_403916,gene:BU24DRAFT_403916,ML978066,1388129,1388872,0.00010218177
gene:BU24DRAFT_416520,gene:BU24DRAFT_416520,ML978066,1389591,1391460,9.7795724e-05
gene:BU24DRAFT_445992,gene:BU24DRAFT_445992,ML978066,1391533,1392167,7.790129e-05
gene:BU24DRAFT_456878,gene:BU24DRAFT_456878,ML978066,1393008,1394025,6.120656e-05
gene:BU24DRAFT_9760,gene:BU24DRAFT_9760,ML978066,1396581,1397914,8.141863e-05
gene:BU24DRAFT_456880,gene:BU24DRAFT_456880,ML978066,1399579,1401492,6.6700435e-05
gene:BU24DRAFT_445995,gene:BU24DRAFT_445995,ML978066,1402261,1405051,0.00019307304
gene:BU24DRAFT_438236,gene:BU24DRAFT_438236,ML978066,1404989,1406892,0.00033266822
gene:BU24DRAFT_469646,gene:BU24DRAFT_469646,ML978066,1407289,1408354,0.00037816717
gene:BU24DRAFT_403925,gene:BU24DRAFT_403925,ML978066,1409008,1410103,0.00020453997
gene:BU24DRAFT_416525,gene:BU24DRAFT_416525,ML978066,1410174,1411323,0.00027524444
gene:BU24DRAFT_9918,gene:BU24DRAFT_9918,ML978066,1412891,1416336,0.014302604
gene:BU24DRAFT_338466,gene:BU24DRAFT_338466,ML978066,1417262,1418668,0.0002686028
gene:BU24DRAFT_469648,gene:BU24DRAFT_469648,ML978066,1419425,1419803,0.0007575024
gene:BU24DRAFT_416528,gene:BU24DRAFT_416528,ML978066,1419910,1421292,0.0009556769
gene:BU24DRAFT_9945,gene:BU24DRAFT_9945,ML978066,1421411,1423370,9.874759e-05
gene:BU24DRAFT_416531,gene:BU24DRAFT_416531,ML978066,1424906,1429419,8.204787e-05
gene:BU24DRAFT_9977,gene:BU24DRAFT_9977,ML978066,1430096,1432171,5.0964074e-05
gene:BU24DRAFT_416533,gene:BU24DRAFT_416533,ML978066,1432136,1433449,7.854889e-05
gene:BU24DRAFT_438242,gene:BU24DRAFT_438242,ML978066,1436358,1438783,7.5309974e-05
gene:BU24DRAFT_416535,gene:BU24DRAFT_416535,ML978066,1438956,1440995,6.481449e-05
gene:BU24DRAFT_416536,gene:BU24DRAFT_416536,ML978066,1440906,1444765,8.148189e-05
gene:BU24DRAFT_403938,gene:BU24DRAFT_403938,ML978066,1445037,1446727,6.744375e-05
gene:BU24DRAFT_10023,gene:BU24DRAFT_10023,ML978066,1447961,1448739,9.0287285e-05
gene:BU24DRAFT_446010,gene:BU24DRAFT_446010,ML978066,1451390,1455141,0.00016672055
gene:BU24DRAFT_10138,gene:BU24DRAFT_10138,ML978066,1457522,1460275,0.0003287764
gene:BU24DRAFT_10165,gene:BU24DRAFT_10165,ML978066,1462504,1465871,7.214193e-05
gene:BU24DRAFT_429806,gene:BU24DRAFT_429806,ML978066,1469508,1474519,5.5828565e-05
gene:BU24DRAFT_416544,gene:BU24DRAFT_416544,ML978066,1475631,1478297,5.652194e-05
gene:BU24DRAFT_361442,gene:BU24DRAFT_361442,ML978066,1479005,1480449,8.074408e-05
gene:BU24DRAFT_469662,gene:BU24DRAFT_469662,ML978066,1480526,1482118,0.00022485515
gene:BU24DRAFT_487407,gene:BU24DRAFT_487407,ML978066,1482461,1484732,0.000395693
gene:BU24DRAFT_416545,gene:BU24DRAFT_416545,ML978066,1484991,1486179,4.5925874e-05
gene:BU24DRAFT_456907,gene:BU24DRAFT_456907,ML978066,1486224,1486903,0.00018839039
gene:BU24DRAFT_340010,gene:BU24DRAFT_340010,ML978066,1488588,1492108,5.1730036e-05
gene:BU24DRAFT_416547,gene:BU24DRAFT_416547,ML978066,1492594,1495115,3.9030063e-05
gene:BU24DRAFT_416548,gene:BU24DRAFT_416548,ML978066,1495160,1496954,6.701057e-05
gene:BU24DRAFT_456911,gene:BU24DRAFT_456911,ML978066,1498229,1499995,5.1441886e-05
gene:BU24DRAFT_429813,gene:BU24DRAFT_429813,ML978066,1501325,1503419,3.9284387e-05
gene:BU24DRAFT_10390,gene:BU24DRAFT_10390,ML978066,1509903,1510871,0.00015118725
gene:BU24DRAFT_416553,gene:BU24DRAFT_416553,ML978066,1511146,1511665,0.0012924002
gene:BU24DRAFT_403953,gene:BU24DRAFT_403953,ML978066,1515156,1516715,0.007964885
gene:BU24DRAFT_469667,gene:BU24DRAFT_469667,ML978066,1517901,1518721,0.004831758
gene:BU24DRAFT_456916,gene:BU24DRAFT_456916,ML978066,1519292,1521148,0.0011352665
gene:BU24DRAFT_416555,gene:BU24DRAFT_416555,ML978066,1521475,1523004,5.419687e-05
gene:BU24DRAFT_10411,gene:BU24DRAFT_10411,ML978066,1523345,1525367,3.9610382e-05
gene:BU24DRAFT_10412,gene:BU24DRAFT_10412,ML978066,1525368,1527167,0.00010303454
gene:BU24DRAFT_487418,gene:BU24DRAFT_487418,ML978066,1527375,1528803,0.00017140132
gene:BU24DRAFT_416557,gene:BU24DRAFT_416557,ML978066,1528846,1529859,0.00017617442
gene:BU24DRAFT_416559,gene:BU24DRAFT_416559,ML978066,1530047,1534096,3.7347603e-05
gene:BU24DRAFT_382905,gene:BU24DRAFT_382905,ML978066,1534806,1538974,4.6056623e-05
gene:BU24DRAFT_337684,gene:BU24DRAFT_337684,ML978066,1539747,1541378,0.00012243801
gene:BU24DRAFT_382910,gene:BU24DRAFT_382910,ML978066,1541386,1544122,0.00011656852
gene:BU24DRAFT_10621,gene:BU24DRAFT_10621,ML978066,1546232,1548983,5.2542615e-05
gene:BU24DRAFT_416564,gene:BU24DRAFT_416564,ML978066,1549630,1551031,7.581334e-05
gene:BU24DRAFT_487426,gene:BU24DRAFT_487426,ML978066,1551400,1552341,0.00010296207
gene:BU24DRAFT_456929,gene:BU24DRAFT_456929,ML978066,1553127,1555754,9.606488e-05
gene:BU24DRAFT_416566,gene:BU24DRAFT_416566,ML978066,1557237,1558298,0.00017994874
gene:BU24DRAFT_10747,gene:BU24DRAFT_10747,ML978066,1564598,1565683,0.0002506568
gene:BU24DRAFT_446034,gene:BU24DRAFT_446034,ML978066,1566429,1571159,5.887176e-05
gene:BU24DRAFT_10711,gene:BU24DRAFT_10711,ML978066,1572275,1573747,0.0002014575
gene:BU24DRAFT_416573,gene:BU24DRAFT_416573,ML978066,1575417,1575706,0.00011355201
gene:BU24DRAFT_10846,gene:BU24DRAFT_10846,ML978066,1575841,1577719,6.145207e-05
gene:BU24DRAFT_10762,gene:BU24DRAFT_10762,ML978066,1577665,1583279,6.885646e-05
gene:BU24DRAFT_10879,gene:BU24DRAFT_10879,ML978066,1583682,1586007,0.00018023959
gene:BU24DRAFT_10877,gene:BU24DRAFT_10877,ML978066,1586528,1587158,0.0001632076
gene:BU24DRAFT_469672,gene:BU24DRAFT_469672,ML978066,1589285,1590396,8.212345e-05
gene:BU24DRAFT_487434,gene:BU24DRAFT_487434,ML978066,1592417,1593985,0.00020052475
gene:BU24DRAFT_456938,gene:BU24DRAFT_456938,ML978066,1594386,1595515,0.00010223808
gene:BU24DRAFT_429832,gene:BU24DRAFT_429832,ML978066,1598290,1601409,9.665401e-05
gene:BU24DRAFT_416580,gene:BU24DRAFT_416580,ML978066,1601857,1604129,5.8532456e-05
gene:BU24DRAFT_361487,gene:BU24DRAFT_361487,ML978066,1605268,1607597,0.000115775845
gene:BU24DRAFT_10992,gene:BU24DRAFT_10992,ML978066,1607901,1609719,0.0001312109
gene:BU24DRAFT_416583,gene:BU24DRAFT_416583,ML978066,1609831,1610900,6.036907e-05
gene:BU24DRAFT_11004,gene:BU24DRAFT_11004,ML978066,1610791,1615108,4.9096765e-05
gene:BU24DRAFT_339997,gene:BU24DRAFT_339997,ML978066,1618147,1620158,7.3824616e-05
gene:BU24DRAFT_416584,gene:BU24DRAFT_416584,ML978066,1620857,1622425,7.32707e-05
gene:BU24DRAFT_416585,gene:BU24DRAFT_416585,ML978066,1622585,1624102,0.0001369499
gene:BU24DRAFT_416586,gene:BU24DRAFT_416586,ML978066,1624475,1626372,0.00010421497
gene:BU24DRAFT_446049,gene:BU24DRAFT_446049,ML978066,1626939,1628781,5.9443297e-05
gene:BU24DRAFT_11106,gene:BU24DRAFT_11106,ML978066,1628828,1631354,5.7258716e-05
gene:BU24DRAFT_416589,gene:BU24DRAFT_416589,ML978066,1631647,1633827,9.388967e-05
gene:BU24DRAFT_337758,gene:BU24DRAFT_337758,ML978066,1633887,1637109,6.525035e-05
gene:BU24DRAFT_11261,gene:BU24DRAFT_11261,ML978066,1641387,1643907,0.0002657705
gene:BU24DRAFT_446054,gene:BU24DRAFT_446054,ML978066,1643794,1645564,0.00013207081
gene:BU24DRAFT_487450,gene:BU24DRAFT_487450,ML978066,1645594,1647128,7.9411824e-05
gene:BU24DRAFT_469682,gene:BU24DRAFT_469682,ML978066,1648768,1650398,4.557056e-05
gene:BU24DRAFT_403996,gene:BU24DRAFT_403996,ML978066,1651618,1652309,7.024228e-05
gene:BU24DRAFT_456958,gene:BU24DRAFT_456958,ML978066,1653527,1654698,7.6218465e-05
gene:BU24DRAFT_403998,gene:BU24DRAFT_403998,ML978066,1655067,1656723,0.000102323815
gene:BU24DRAFT_416595,gene:BU24DRAFT_416595,ML978066,1657474,1658563,8.184188e-05
gene:BU24DRAFT_361508,gene:BU24DRAFT_361508,ML978066,1659389,1663767,4.1601317e-05
gene:BU24DRAFT_337887,gene:BU24DRAFT_337887,ML978066,1664190,1665340,3.603152e-05
gene:BU24DRAFT_416599,gene:BU24DRAFT_416599,ML978066,1666552,1668201,0.00017379863
gene:BU24DRAFT_416600,gene:BU24DRAFT_416600,ML978066,1668570,1669872,0.00032348387
gene:BU24DRAFT_11536,gene:BU24DRAFT_11536,ML978066,1673623,1675210,0.0006828822
gene:BU24DRAFT_416605,gene:BU24DRAFT_416605,ML978066,1675296,1676774,0.0004916666
gene:BU24DRAFT_456966,gene:BU24DRAFT_456966,ML978066,1677137,1677941,0.00022090344
gene:BU24DRAFT_11715,gene:BU24DRAFT_11715,ML978066,1678180,1679892,0.0006045863
gene:BU24DRAFT_429847,gene:BU24DRAFT_429847,ML978066,1681167,1682881,0.0002777327
gene:BU24DRAFT_487461,gene:BU24DRAFT_487461,ML978066,1683146,1683823,0.00016500031
gene:BU24DRAFT_416608,gene:BU24DRAFT_416608,ML978066,1684078,1684967,0.00015355085
gene:BU24DRAFT_11603,gene:BU24DRAFT_11603,ML978066,1686840,1688174,0.00024424362
gene:BU24DRAFT_416610,gene:BU24DRAFT_416610,ML978066,1688363,1689064,6.382379e-05
gene:BU24DRAFT_404011,gene:BU24DRAFT_404011,ML978066,1688942,1689505,5.886458e-05
gene:BU24DRAFT_416612,gene:BU24DRAFT_416612,ML978066,1690370,1691222,6.62015e-05
gene:BU24DRAFT_416615,gene:BU24DRAFT_416615,ML978066,1692021,1694662,7.165759e-05
gene:BU24DRAFT_416616,gene:BU24DRAFT_416616,ML978066,1694841,1699697,5.860768e-05
gene:BU24DRAFT_416623,gene:BU24DRAFT_416623,ML978066,1707064,1708013,0.000113845024
gene:BU24DRAFT_429850,gene:BU24DRAFT_429850,ML978066,1709203,1711606,0.0003047147
gene:BU24DRAFT_361523,gene:BU24DRAFT_361523,ML978066,1713655,1715367,0.00015967507
gene:BU24DRAFT_12074,gene:BU24DRAFT_12074,ML978066,1715508,1717379,3.829307e-05
gene:BU24DRAFT_339045,gene:BU24DRAFT_339045,ML978066,1719976,1723215,0.0002703583
gene:BU24DRAFT_404020,gene:BU24DRAFT_404020,ML978066,1723775,1724980,0.00014912222
gene:BU24DRAFT_456980,gene:BU24DRAFT_456980,ML978066,1725984,1727477,0.00014416347
gene:BU24DRAFT_404022,gene:BU24DRAFT_404022,ML978066,1727734,1728684,8.202083e-05
gene:BU24DRAFT_416634,gene:BU24DRAFT_416634,ML978066,1728821,1731266,5.89449e-05
gene:BU24DRAFT_416635,gene:BU24DRAFT_416635,ML978066,1731429,1732635,9.457028e-05
gene:BU24DRAFT_404025,gene:BU24DRAFT_404025,ML978066,1732566,1733483,0.00017016675
gene:BU24DRAFT_416638,gene:BU24DRAFT_416638,ML978066,1734345,1736100,3.859162e-05
gene:BU24DRAFT_446085,gene:BU24DRAFT_446085,ML978066,1736451,1738068,3.813812e-05
gene:BU24DRAFT_338759,gene:BU24DRAFT_338759,ML978066,1738714,1741517,7.12693e-05
gene:BU24DRAFT_487480,gene:BU24DRAFT_487480,ML978066,1741554,1742862,7.0382484e-05
gene:BU24DRAFT_469702,gene:BU24DRAFT_469702,ML978066,1743045,1743856,0.0001459247
gene:BU24DRAFT_382976,gene:BU24DRAFT_382976,ML978066,1744724,1746646,0.00016838152
gene:BU24DRAFT_12312,gene:BU24DRAFT_12312,ML978066,1746718,1748497,7.723891e-05
gene:BU24DRAFT_469704,gene:BU24DRAFT_469704,ML978066,1752907,1754725,8.481349e-05
gene:BU24DRAFT_446093,gene:BU24DRAFT_446093,ML978066,1759789,1761154,0.0008015051
gene:BU24DRAFT_416649,gene:BU24DRAFT_416649,ML978066,1761725,1762333,9.817879e-05
gene:BU24DRAFT_456995,gene:BU24DRAFT_456995,ML978066,1763402,1765134,6.5534e-05
gene:BU24DRAFT_456996,gene:BU24DRAFT_456996,ML978066,1765685,1766706,3.863367e-05
gene:BU24DRAFT_339405,gene:BU24DRAFT_339405,ML978066,1767569,1769260,3.9108454e-05
gene:BU24DRAFT_416655,gene:BU24DRAFT_416655,ML978066,1769355,1771412,5.1715168e-05
gene:BU24DRAFT_338734,gene:BU24DRAFT_338734,ML978066,1772850,1774823,3.1140287e-05
gene:BU24DRAFT_404043,gene:BU24DRAFT_404043,ML978066,1777834,1778872,4.2330135e-05
gene:BU24DRAFT_416659,gene:BU24DRAFT_416659,ML978066,1779588,1783643,0.00010068836
gene:BU24DRAFT_469740,gene:BU24DRAFT_469740,ML978066,1783645,1785118,0.0014902565
gene:BU24DRAFT_487495,gene:BU24DRAFT_487495,ML978066,1785451,1788058,0.0018266226
gene:BU24DRAFT_12675,gene:BU24DRAFT_12675,ML978066,1789651,1794953,0.027512852
gene:BU24DRAFT_457005,gene:BU24DRAFT_457005,ML978066,1799636,1802226,0.0012148877
gene:BU24DRAFT_416667,gene:BU24DRAFT_416667,ML978066,1802826,1804275,0.000668855
gene:BU24DRAFT_446107,gene:BU24DRAFT_446107,ML978066,1805077,1805829,8.808156e-05
gene:BU24DRAFT_12880,gene:BU24DRAFT_12880,ML978066,1809022,1810889,5.8174202e-05
gene:BU24DRAFT_416670,gene:BU24DRAFT_416670,ML978066,1811615,1813864,5.9458624e-05
gene:BU24DRAFT_383013,gene:BU24DRAFT_383013,ML978066,1814638,1816159,0.00020300753
gene:BU24DRAFT_416673,gene:BU24DRAFT_416673,ML978066,1816341,1818100,0.00015860122
gene:BU24DRAFT_416675,gene:BU24DRAFT_416675,ML978066,1819313,1820576,0.000241861
gene:BU24DRAFT_469755,gene:BU24DRAFT_469755,ML978066,1822349,1823158,0.0006431596
gene:BU24DRAFT_469757,gene:BU24DRAFT_469757,ML978066,1823810,1825831,0.0011845928
gene:BU24DRAFT_487505,gene:BU24DRAFT_487505,ML978066,1827522,1828760,0.00019658593
gene:BU24DRAFT_469762,gene:BU24DRAFT_469762,ML978066,1830444,1832412,0.00047621498
gene:BU24DRAFT_12966,gene:BU24DRAFT_12966,ML978066,1832869,1836368,5.6838315e-05
gene:BU24DRAFT_469765,gene:BU24DRAFT_469765,ML978066,1838360,1839692,0.00016048203
gene:BU24DRAFT_469768,gene:BU24DRAFT_469768,ML978066,1840940,1842073,0.00019238038
gene:BU24DRAFT_404063,gene:BU24DRAFT_404063,ML978066,1842972,1843936,0.00020029063
gene:BU24DRAFT_361581,gene:BU24DRAFT_361581,ML978066,1843936,1848628,0.0002416516
gene:BU24DRAFT_487508,gene:BU24DRAFT_487508,ML978066,1849040,1850836,0.000522365
gene:BU24DRAFT_416679,gene:BU24DRAFT_416679,ML978066,1850965,1851446,0.00022430347
gene:BU24DRAFT_404066,gene:BU24DRAFT_404066,ML978066,1852776,1854941,0.00013907267
gene:BU24DRAFT_469774,gene:BU24DRAFT_469774,ML978066,1856032,1857706,9.95838e-05
gene:BU24DRAFT_446117,gene:BU24DRAFT_446117,ML978066,1857740,1858958,0.00014705746
gene:BU24DRAFT_487510,gene:BU24DRAFT_487510,ML978066,1859255,1859890,0.00034830827
gene:BU24DRAFT_416682,gene:BU24DRAFT_416682,ML978066,1860453,1861450,0.011627232
gene:BU24DRAFT_429878,gene:BU24DRAFT_429878,ML978066,1862626,1863520,0.031957652
gene:BU24DRAFT_487513,gene:BU24DRAFT_487513,ML978066,1863886,1865005,0.001034619
gene:BU24DRAFT_13033,gene:BU24DRAFT_13033,ML978066,1864814,1865829,0.00013475292
gene:BU24DRAFT_13082,gene:BU24DRAFT_13082,ML978066,1865830,1867277,3.5192006e-05
gene:BU24DRAFT_416685,gene:BU24DRAFT_416685,ML978066,1867048,1868698,3.30069e-05
gene:BU24DRAFT_361588,gene:BU24DRAFT_361588,ML978066,1868908,1870384,5.397943e-05
gene:BU24DRAFT_13174,gene:BU24DRAFT_13174,ML978066,1870571,1871638,8.121558e-05
gene:BU24DRAFT_416686,gene:BU24DRAFT_416686,ML978066,1871800,1873275,5.7552403e-05
gene:BU24DRAFT_457034,gene:BU24DRAFT_457034,ML978066,1873278,1876578,7.829001e-05
gene:BU24DRAFT_361591,gene:BU24DRAFT_361591,ML978066,1877313,1881068,7.7294026e-05
gene:BU24DRAFT_383030,gene:BU24DRAFT_383030,ML978066,1881478,1883799,0.00017346838
gene:BU24DRAFT_446126,gene:BU24DRAFT_446126,ML978066,1884325,1885935,8.253941e-05
gene:BU24DRAFT_416692,gene:BU24DRAFT_416692,ML978066,1886299,1888325,0.00016436845
gene:BU24DRAFT_339759,gene:BU24DRAFT_339759,ML978066,1890149,1892500,0.0006412642
gene:BU24DRAFT_337682,gene:BU24DRAFT_337682,ML978066,1893689,1896752,0.00015745393
gene:BU24DRAFT_429887,gene:BU24DRAFT_429887,ML978066,1897917,1900119,8.6468564e-05
gene:BU24DRAFT_457043,gene:BU24DRAFT_457043,ML978066,1901468,1905043,4.385712e-05
gene:BU24DRAFT_383043,gene:BU24DRAFT_383043,ML978066,1906910,1909573,4.1268777e-05
gene:BU24DRAFT_446132,gene:BU24DRAFT_446132,ML978066,1910222,1912841,0.000100237405
gene:BU24DRAFT_13561,gene:BU24DRAFT_13561,ML978066,1913042,1915896,2.6699065e-05
gene:BU24DRAFT_416701,gene:BU24DRAFT_416701,ML978066,1917052,1918383,5.807602e-05
gene:BU24DRAFT_404087,gene:BU24DRAFT_404087,ML978066,1919899,1923177,5.0435563e-05
gene:BU24DRAFT_416703,gene:BU24DRAFT_416703,ML978066,1923882,1926718,0.00011208724
gene:BU24DRAFT_487534,gene:BU24DRAFT_487534,ML978066,1927038,1929018,0.00055858144
gene:BU24DRAFT_469800,gene:BU24DRAFT_469800,ML978066,1929235,1930734,0.0010826152
gene:BU24DRAFT_13702,gene:BU24DRAFT_13702,ML978066,1931005,1932709,0.0022413966
gene:BU24DRAFT_487536,gene:BU24DRAFT_487536,ML978066,1932846,1935112,0.0010346621
gene:BU24DRAFT_469808,gene:BU24DRAFT_469808,ML978066,1935245,1937887,0.0001457277
gene:BU24DRAFT_339806,gene:BU24DRAFT_339806,ML978066,1942079,1943652,9.0908885e-05
gene:BU24DRAFT_13736,gene:BU24DRAFT_13736,ML978066,1944288,1947922,7.318627e-05
gene:BU24DRAFT_416710,gene:BU24DRAFT_416710,ML978066,1949008,1952297,3.6054607e-05
gene:BU24DRAFT_487541,gene:BU24DRAFT_487541,ML978066,1952413,1953200,8.362219e-05
gene:BU24DRAFT_416712,gene:BU24DRAFT_416712,ML978066,1952941,1954111,0.000107106556
gene:BU24DRAFT_416713,gene:BU24DRAFT_416713,ML978066,1954267,1955486,5.0762003e-05
gene:BU24DRAFT_429899,gene:BU24DRAFT_429899,ML978066,1955725,1962589,7.539878e-05
gene:BU24DRAFT_361636,gene:BU24DRAFT_361636,ML978066,1963378,1970202,4.8968523e-05
gene:BU24DRAFT_361641,gene:BU24DRAFT_361641,ML978066,1971182,1974314,9.489174e-05
gene:BU24DRAFT_14013,gene:BU24DRAFT_14013,ML978066,1976244,1978876,0.00014069425
gene:BU24DRAFT_13956,gene:BU24DRAFT_13956,ML978066,1978618,1980077,0.00013250834
gene:BU24DRAFT_416722,gene:BU24DRAFT_416722,ML978066,1980693,1986408,4.0201703e-05
gene:BU24DRAFT_14068,gene:BU24DRAFT_14068,ML978066,1986550,1988187,3.882093e-05
gene:BU24DRAFT_416724,gene:BU24DRAFT_416724,ML978066,1988028,1988828,8.379843e-05
gene:BU24DRAFT_416725,gene:BU24DRAFT_416725,ML978066,1988996,1990405,4.8273017e-05
gene:BU24DRAFT_416727,gene:BU24DRAFT_416727,ML978066,1990359,1991496,8.9863395e-05
gene:BU24DRAFT_14092,gene:BU24DRAFT_14092,ML978066,1991694,1992644,0.00035563036
gene:BU24DRAFT_404108,gene:BU24DRAFT_404108,ML978066,1992771,1993572,0.00058712094
gene:BU24DRAFT_469836,gene:BU24DRAFT_469836,ML978066,1993621,1994429,0.002318525
gene:BU24DRAFT_14089,gene:BU24DRAFT_14089,ML978066,1994747,1995609,0.00025775502
gene:BU24DRAFT_487556,gene:BU24DRAFT_487556,ML978066,1995709,1996879,0.00018251577
gene:BU24DRAFT_457076,gene:BU24DRAFT_457076,ML978066,1998403,1998711,0.010539661
gene:BU24DRAFT_14200,gene:BU24DRAFT_14200,ML978066,2000000,2001478,0.004405672
gene:BU24DRAFT_457078,gene:BU24DRAFT_457078,ML978066,2002410,2004670,0.0012812095
gene:BU24DRAFT_404114,gene:BU24DRAFT_404114,ML978066,2005883,2006976,0.000830864
gene:BU24DRAFT_338739,gene:BU24DRAFT_338739,ML978066,2009045,2010895,0.0022901185
gene:BU24DRAFT_438341,gene:BU24DRAFT_438341,ML978066,2011641,2013555,0.0018853536
gene:BU24DRAFT_446162,gene:BU24DRAFT_446162,ML978066,2013576,2015170,0.0014685596
gene:BU24DRAFT_14289,gene:BU24DRAFT_14289,ML978066,2015409,2015731,0.023981137
gene:BU24DRAFT_457083,gene:BU24DRAFT_457083,ML978066,2016660,2022538,0.80232614
gene:BU24DRAFT_14303,gene:BU24DRAFT_14303,ML978066,2023937,2028368,0.75845885
gene:BU24DRAFT_416739,gene:BU24DRAFT_416739,ML978066,2028920,2030940,0.7716751
gene:BU24DRAFT_404121,gene:BU24DRAFT_404121,ML978066,2031513,2032875,0.66163033
gene:BU24DRAFT_14323,gene:BU24DRAFT_14323,ML978066,2034620,2036698,0.4479712
gene:BU24DRAFT_416742,gene:BU24DRAFT_416742,ML978066,2037933,2040031,0.00155056
gene:BU24DRAFT_429916,gene:BU24DRAFT_429916,ML978066,2040407,2042137,0.0003369192
gene:BU24DRAFT_14337,gene:BU24DRAFT_14337,ML978066,2042287,2044323,0.00015758918
gene:BU24DRAFT_457091,gene:BU24DRAFT_457091,ML978066,2044479,2046417,6.750164e-05
gene:BU24DRAFT_383106,gene:BU24DRAFT_383106,ML978066,2046650,2048663,0.00010910314
gene:BU24DRAFT_416745,gene:BU24DRAFT_416745,ML978066,2049513,2051141,0.00010011784
gene:BU24DRAFT_487574,gene:BU24DRAFT_487574,ML978066,2051690,2052139,5.4712105e-05
gene:BU24DRAFT_487575,gene:BU24DRAFT_487575,ML978066,2052148,2053881,7.9501806e-05
gene:BU24DRAFT_487576,gene:BU24DRAFT_487576,ML978066,2056086,2057850,0.00013221013
gene:BU24DRAFT_361674,gene:BU24DRAFT_361674,ML978066,2057892,2060238,6.754073e-05
gene:BU24DRAFT_416749,gene:BU24DRAFT_416749,ML978066,2060561,2065606,9.375081e-05
gene:BU24DRAFT_487579,gene:BU24DRAFT_487579,ML978066,2065836,2066690,0.01444542
gene:BU24DRAFT_14455,gene:BU24DRAFT_14455,ML978066,2067453,2069312,0.0031668812
gene:BU24DRAFT_416751,gene:BU24DRAFT_416751,ML978066,2069330,2072076,0.1708441
gene:BU24DRAFT_14438,gene:BU24DRAFT_14438,ML978066,2072328,2074051,0.00044321368
gene:BU24DRAFT_14582,gene:BU24DRAFT_14582,ML978066,2079302,2080516,0.00028069073
gene:BU24DRAFT_438352,gene:BU24DRAFT_438352,ML978066,2081122,2083634,6.185786e-05
gene:BU24DRAFT_14586,gene:BU24DRAFT_14586,ML978066,2084824,2087841,6.262578e-05
gene:BU24DRAFT_457105,gene:BU24DRAFT_457105,ML978066,2091556,2091894,4.8221562e-05
gene:BU24DRAFT_14619,gene:BU24DRAFT_14619,ML978066,2092057,2093118,7.7398545e-05
gene:BU24DRAFT_457106,gene:BU24DRAFT_457106,ML978066,2093756,2097363,5.6268742e-05
gene:BU24DRAFT_416760,gene:BU24DRAFT_416760,ML978066,2098544,2100302,9.404404e-05
gene:BU24DRAFT_416761,gene:BU24DRAFT_416761,ML978066,2100382,2101371,6.419733e-05
gene:BU24DRAFT_14678,gene:BU24DRAFT_14678,ML978066,2101586,2103088,9.490634e-05
gene:BU24DRAFT_14695,gene:BU24DRAFT_14695,ML978066,2103090,2104467,6.3003325e-05
gene:BU24DRAFT_429925,gene:BU24DRAFT_429925,ML978066,2104620,2105609,4.5654993e-05
gene:BU24DRAFT_14732,gene:BU24DRAFT_14732,ML978066,2105684,2107409,3.7113226e-05
gene:BU24DRAFT_457113,gene:BU24DRAFT_457113,ML978066,2109933,2110714,9.14054e-05
gene:BU24DRAFT_416766,gene:BU24DRAFT_416766,ML978066,2113907,2115456,6.816409e-05
gene:BU24DRAFT_14922,gene:BU24DRAFT_14922,ML978066,2122134,2124726,4.245555e-05
gene:BU24DRAFT_416769,gene:BU24DRAFT_416769,ML978066,2125433,2126503,0.00014725917
gene:BU24DRAFT_416771,gene:BU24DRAFT_416771,ML978066,2127088,2128603,0.00012470991
gene:BU24DRAFT_404153,gene:BU24DRAFT_404153,ML978066,2128689,2129959,0.0001523135
gene:BU24DRAFT_469857,gene:BU24DRAFT_469857,ML978066,2130482,2133597,0.00024330195
gene:BU24DRAFT_15080,gene:BU24DRAFT_15080,ML978066,2133953,2134675,0.00038043794
gene:BU24DRAFT_340240,gene:BU24DRAFT_340240,ML978066,2135307,2137255,0.0012071473
gene:BU24DRAFT_15104,gene:BU24DRAFT_15104,ML978066,2137759,2139745,0.08879321
gene:BU24DRAFT_416775,gene:BU24DRAFT_416775,ML978066,2140669,2142492,0.0830094
gene:BU24DRAFT_429930,gene:BU24DRAFT_429930,ML978066,2142627,2146743,0.16397212
gene:BU24DRAFT_429931,gene:BU24DRAFT_429931,ML978066,2147661,2149142,0.105905436
gene:BU24DRAFT_446202,gene:BU24DRAFT_446202,ML978066,2150855,2153935,0.13371563
gene:BU24DRAFT_438364,gene:BU24DRAFT_438364,ML978066,2155859,2156733,0.071881026
gene:BU24DRAFT_15237,gene:BU24DRAFT_15237,ML978066,2156990,2157998,0.0034479895
gene:BU24DRAFT_361702,gene:BU24DRAFT_361702,ML978066,2159776,2160879,0.0001832228
gene:BU24DRAFT_416780,gene:BU24DRAFT_416780,ML978066,2160698,2161998,3.5953406e-05
gene:BU24DRAFT_416781,gene:BU24DRAFT_416781,ML978066,2162063,2163942,3.654482e-05
gene:BU24DRAFT_383139,gene:BU24DRAFT_383139,ML978066,2163794,2165199,3.538845e-05
gene:BU24DRAFT_383143,gene:BU24DRAFT_383143,ML978066,2165359,2169034,5.1700747e-05
gene:BU24DRAFT_457131,gene:BU24DRAFT_457131,ML978066,2170174,2172173,8.040933e-05
gene:BU24DRAFT_404168,gene:BU24DRAFT_404168,ML978066,2175255,2175695,0.0001265812
gene:BU24DRAFT_429938,gene:BU24DRAFT_429938,ML978066,2177095,2178867,8.050435e-05
gene:BU24DRAFT_416789,gene:BU24DRAFT_416789,ML978066,2181379,2184032,4.0063507e-05
gene:BU24DRAFT_416791,gene:BU24DRAFT_416791,ML978066,2187036,2187669,7.7202014e-05
gene:BU24DRAFT_383154,gene:BU24DRAFT_383154,ML978066,2188278,2191148,9.816213e-05
gene:BU24DRAFT_383159,gene:BU24DRAFT_383159,ML978066,2192360,2195989,0.00020568047
gene:BU24DRAFT_15397,gene:BU24DRAFT_15397,ML978066,2195557,2195996,0.0022933865
gene:BU24DRAFT_457136,gene:BU24DRAFT_457136,ML978066,2196717,2198160,0.022590468
gene:BU24DRAFT_15408,gene:BU24DRAFT_15408,ML978066,2198446,2201333,0.0054429374
gene:BU24DRAFT_416797,gene:BU24DRAFT_416797,ML978066,2203714,2205963,0.00030602893
gene:BU24DRAFT_15431,gene:BU24DRAFT_15431,ML978066,2207405,2209008,0.000360398
gene:BU24DRAFT_469883,gene:BU24DRAFT_469883,ML978066,2210440,2212087,0.00018596032
gene:BU24DRAFT_15461,gene:BU24DRAFT_15461,ML978066,2213622,2216079,0.00041609135
gene:BU24DRAFT_361738,gene:BU24DRAFT_361738,ML978066,2216730,2219162,0.00039472387
gene:BU24DRAFT_438380,gene:BU24DRAFT_438380,ML978066,2218962,2220984,0.0009540629
gene:BU24DRAFT_15493,gene:BU24DRAFT_15493,ML978066,2221526,2223423,5.9614227e-05
gene:BU24DRAFT_457143,gene:BU24DRAFT_457143,ML978066,2223608,2224561,0.00012742926
gene:BU24DRAFT_446225,gene:BU24DRAFT_446225,ML978066,2226145,2229042,0.00011249522
gene:BU24DRAFT_404184,gene:BU24DRAFT_404184,ML978066,2229835,2230592,0.00013886148
gene:BU24DRAFT_416807,gene:BU24DRAFT_416807,ML978066,2230841,2233143,0.00035251965
gene:BU24DRAFT_15580,gene:BU24DRAFT_15580,ML978066,2233649,2235267,0.009601749
gene:BU24DRAFT_416810,gene:BU24DRAFT_416810,ML978066,2235106,2236469,0.0009761249
gene:BU24DRAFT_429958,gene:BU24DRAFT_429958,ML978066,2239310,2240166,0.00088401453
gene:BU24DRAFT_383183,gene:BU24DRAFT_383183,ML978066,2241846,2243885,0.00039689877
gene:BU24DRAFT_404190,gene:BU24DRAFT_404190,ML978066,2244292,2245696,0.00040623327
gene:BU24DRAFT_416815,gene:BU24DRAFT_416815,ML978066,2247273,2249853,0.0010946912
gene:BU24DRAFT_469912,gene:BU24DRAFT_469912,ML978066,2250442,2255129,0.0021624065
gene:BU24DRAFT_469930,gene:BU24DRAFT_469930,ML978066,2256252,2257151,0.00067129853
gene:BU24DRAFT_383189,gene:BU24DRAFT_383189,ML978066,2258071,2259984,5.3962736e-05
gene:BU24DRAFT_383192,gene:BU24DRAFT_383192,ML978066,2261280,2263193,7.0368405e-05
gene:BU24DRAFT_416818,gene:BU24DRAFT_416818,ML978066,2263408,2265523,3.351283e-05
gene:BU24DRAFT_416819,gene:BU24DRAFT_416819,ML978066,2265653,2266860,2.7148264e-05
gene:BU24DRAFT_469931,gene:BU24DRAFT_469931,ML978066,2266977,2270573,1.8971054e-05
gene:BU24DRAFT_457159,gene:BU24DRAFT_457159,ML978066,2271927,2273450,4.9481394e-05
gene:BU24DRAFT_383198,gene:BU24DRAFT_383198,ML978066,2273560,2275678,8.865695e-05
gene:BU24DRAFT_446239,gene:BU24DRAFT_446239,ML978066,2276137,2277835,0.00020921764
gene:BU24DRAFT_487635,gene:BU24DRAFT_487635,ML978066,2278477,2279853,0.0002496531
gene:BU24DRAFT_487636,gene:BU24DRAFT_487636,ML978066,2280330,2281738,0.00027452628
gene:BU24DRAFT_446242,gene:BU24DRAFT_446242,ML978066,2282121,2283542,0.0013892783
gene:BU24DRAFT_469938,gene:BU24DRAFT_469938,ML978066,2283954,2285047,0.0003998088
gene:BU24DRAFT_457165,gene:BU24DRAFT_457165,ML978066,2287060,2288742,0.00059318356
gene:BU24DRAFT_438395,gene:BU24DRAFT_438395,ML978066,2289180,2290388,0.0006901702
gene:BU24DRAFT_457167,gene:BU24DRAFT_457167,ML978066,2290596,2291486,0.00016587264
gene:BU24DRAFT_446244,gene:BU24DRAFT_446244,ML978066,2291722,2294267,2.921589e-05
gene:BU24DRAFT_487640,gene:BU24DRAFT_487640,ML978066,2294449,2296520,6.0438622e-05
gene:BU24DRAFT_457170,gene:BU24DRAFT_457170,ML978066,2296865,2298421,4.1740946e-05
gene:BU24DRAFT_15806,gene:BU24DRAFT_15806,ML978066,2298963,2301008,5.432313e-05
gene:BU24DRAFT_15874,gene:BU24DRAFT_15874,ML978066,2301298,2302385,3.5346482e-05
gene:BU24DRAFT_15873,gene:BU24DRAFT_15873,ML978066,2302386,2303740,5.3217027e-05
gene:BU24DRAFT_438397,gene:BU24DRAFT_438397,ML978066,2304235,2306908,5.7204135e-05
gene:BU24DRAFT_416830,gene:BU24DRAFT_416830,ML978066,2308574,2311808,6.473073e-05
gene:BU24DRAFT_416831,gene:BU24DRAFT_416831,ML978066,2312674,2313336,0.00013112277
gene:BU24DRAFT_429977,gene:BU24DRAFT_429977,ML978066,2314637,2316963,0.00063314236
gene:BU24DRAFT_416835,gene:BU24DRAFT_416835,ML978066,2318293,2320233,0.00046497976
gene:BU24DRAFT_416836,gene:BU24DRAFT_416836,ML978066,2320454,2321033,0.00011667525
gene:BU24DRAFT_457178,gene:BU24DRAFT_457178,ML978066,2322182,2323102,0.00018386349
gene:BU24DRAFT_16389,gene:BU24DRAFT_16389,ML978066,2323750,2325146,0.0015943784
gene:BU24DRAFT_416842,gene:BU24DRAFT_416842,ML978066,2329038,2332091,0.00073236297
gene:BU24DRAFT_16466,gene:BU24DRAFT_16466,ML978066,2333049,2334561,0.00022786557
gene:BU24DRAFT_416845,gene:BU24DRAFT_416845,ML978066,2334763,2336292,4.3799733e-05
gene:BU24DRAFT_429981,gene:BU24DRAFT_429981,ML978066,2337060,2342547,3.3130036e-05
gene:BU24DRAFT_469991,gene:BU24DRAFT_469991,ML978066,2344853,2345904,9.7661614e-05
gene:BU24DRAFT_16697,gene:BU24DRAFT_16697,ML978066,2347123,2348984,4.8862028e-05
gene:BU24DRAFT_16764,gene:BU24DRAFT_16764,ML978066,2350428,2354475,3.622892e-05
gene:BU24DRAFT_404229,gene:BU24DRAFT_404229,ML978066,2354994,2355918,3.8392067e-05
gene:BU24DRAFT_446264,gene:BU24DRAFT_446264,ML978066,2356473,2357624,4.311026e-05
gene:BU24DRAFT_361792,gene:BU24DRAFT_361792,ML978066,2358015,2359661,5.2657408e-05
gene:BU24DRAFT_438408,gene:BU24DRAFT_438408,ML978066,2361315,2362290,0.00040201197
gene:BU24DRAFT_383231,gene:BU24DRAFT_383231,ML978066,2362752,2364249,0.0017305191
gene:BU24DRAFT_416856,gene:BU24DRAFT_416856,ML978066,2364775,2366889,0.0012558107
gene:BU24DRAFT_470001,gene:BU24DRAFT_470001,ML978066,2366472,2368482,0.00073895574
gene:BU24DRAFT_338033,gene:BU24DRAFT_338033,ML978066,2369383,2370530,0.00056863535
gene:BU24DRAFT_404237,gene:BU24DRAFT_404237,ML978066,2371260,2372576,0.0004365159
gene:BU24DRAFT_470007,gene:BU24DRAFT_470007,ML978066,2376209,2377483,0.0011862639
gene:BU24DRAFT_457197,gene:BU24DRAFT_457197,ML978066,2377959,2379062,0.0023916962
gene:BU24DRAFT_339088,gene:BU24DRAFT_339088,ML978066,2380408,2382094,0.0028603468
gene:BU24DRAFT_457199,gene:BU24DRAFT_457199,ML978066,2382914,2384016,0.0009465142
gene:BU24DRAFT_457200,gene:BU24DRAFT_457200,ML978066,2384472,2386436,0.00049585465
gene:BU24DRAFT_446270,gene:BU24DRAFT_446270,ML978066,2387541,2391568,6.545262e-05
gene:BU24DRAFT_457202,gene:BU24DRAFT_457202,ML978066,2392278,2394275,8.31974e-05
gene:BU24DRAFT_438412,gene:BU24DRAFT_438412,ML978066,2396398,2398826,3.988863e-05
gene:BU24DRAFT_416862,gene:BU24DRAFT_416862,ML978066,2399626,2401232,5.3915537e-05
gene:BU24DRAFT_361813,gene:BU24DRAFT_361813,ML978066,2401418,2403525,0.00016560196
gene:BU24DRAFT_487669,gene:BU24DRAFT_487669,ML978066,2403590,2404804,0.0021029809
gene:BU24DRAFT_16991,gene:BU24DRAFT_16991,ML978066,2405129,2406236,0.0007973166
gene:BU24DRAFT_416865,gene:BU24DRAFT_416865,ML978066,2406532,2408795,0.0007108346
gene:BU24DRAFT_338460,gene:BU24DRAFT_338460,ML978066,2409539,2410597,0.004449653
gene:BU24DRAFT_487673,gene:BU24DRAFT_487673,ML978066,2410583,2412592,0.000701368
gene:BU24DRAFT_416867,gene:BU24DRAFT_416867,ML978066,2412780,2414063,0.00018214334
gene:BU24DRAFT_416868,gene:BU24DRAFT_416868,ML978066,2413731,2415033,8.469561e-05
gene:BU24DRAFT_17085,gene:BU24DRAFT_17085,ML978066,2415449,2419767,3.429108e-05
gene:BU24DRAFT_457214,gene:BU24DRAFT_457214,ML978066,2420234,2421039,5.254096e-05
gene:BU24DRAFT_416871,gene:BU24DRAFT_416871,ML978066,2421425,2422678,5.984791e-05
gene:BU24DRAFT_457216,gene:BU24DRAFT_457216,ML978066,2422569,2423777,0.00017120362
gene:BU24DRAFT_338079,gene:BU24DRAFT_338079,ML978066,2424237,2425095,0.00013788199
gene:BU24DRAFT_17161,gene:BU24DRAFT_17161,ML978066,2427159,2428121,9.3353745e-05
gene:BU24DRAFT_17116,gene:BU24DRAFT_17116,ML978066,2427862,2430678,4.2617343e-05
gene:BU24DRAFT_17151,gene:BU24DRAFT_17151,ML978066,2430313,2432190,5.3455686e-05
gene:BU24DRAFT_17123,gene:BU24DRAFT_17123,ML978066,2432513,2433245,0.00013147954
gene:BU24DRAFT_17174,gene:BU24DRAFT_17174,ML978066,2435540,2436076,0.0001570521
gene:BU24DRAFT_457220,gene:BU24DRAFT_457220,ML978066,2439221,2440606,5.7477453e-05
gene:BU24DRAFT_383274,gene:BU24DRAFT_383274,ML978066,2443789,2446085,0.00030008607
gene:BU24DRAFT_446289,gene:BU24DRAFT_446289,ML978066,2447190,2448971,0.00023836872
gene:BU24DRAFT_416880,gene:BU24DRAFT_416880,ML978066,2449515,2452374,0.0001103246
gene:BU24DRAFT_17426,gene:BU24DRAFT_17426,ML978066,2452386,2453334,0.00013632639
gene:BU24DRAFT_17425,gene:BU24DRAFT_17425,ML978066,2453336,2456342,9.178044e-05
gene:BU24DRAFT_457224,gene:BU24DRAFT_457224,ML978066,2456619,2457129,0.00013215533
gene:BU24DRAFT_487686,gene:BU24DRAFT_487686,ML978066,2456961,2457734,0.0001934464
gene:BU24DRAFT_416882,gene:BU24DRAFT_416882,ML978066,2457775,2458942,0.00034021027
gene:BU24DRAFT_416885,gene:BU24DRAFT_416885,ML978066,2459075,2460933,0.0001419737
gene:BU24DRAFT_404267,gene:BU24DRAFT_404267,ML978066,2464636,2469925,9.629596e-05
gene:BU24DRAFT_416889,gene:BU24DRAFT_416889,ML978066,2470522,2471101,0.000113103495
gene:BU24DRAFT_17559,gene:BU24DRAFT_17559,ML978066,2474233,2477051,0.00023005244
gene:BU24DRAFT_487692,gene:BU24DRAFT_487692,ML978066,2477076,2479324,0.000116686955
gene:BU24DRAFT_446297,gene:BU24DRAFT_446297,ML978066,2480268,2481408,8.202748e-05
gene:BU24DRAFT_416892,gene:BU24DRAFT_416892,ML978066,2482053,2484471,0.0003427353
gene:BU24DRAFT_416893,gene:BU24DRAFT_416893,ML978066,2484847,2485331,0.00018292079
gene:BU24DRAFT_416894,gene:BU24DRAFT_416894,ML978066,2485937,2487280,8.048829e-05
gene:BU24DRAFT_416895,gene:BU24DRAFT_416895,ML978066,2487687,2488547,0.000117253316
gene:BU24DRAFT_361853,gene:BU24DRAFT_361853,ML978066,2488745,2495174,8.069991e-05
gene:BU24DRAFT_487697,gene:BU24DRAFT_487697,ML978066,2495375,2497712,9.189335e-05
gene:BU24DRAFT_416898,gene:BU24DRAFT_416898,ML978066,2497784,2498998,8.5897074e-05
gene:BU24DRAFT_487699,gene:BU24DRAFT_487699,ML978066,2500218,2502141,7.502326e-05
gene:BU24DRAFT_438432,gene:BU24DRAFT_438432,ML978066,2503480,2506013,0.00013172877
gene:BU24DRAFT_416902,gene:BU24DRAFT_416902,ML978066,2506936,2507577,0.0001642319
gene:BU24DRAFT_487702,gene:BU24DRAFT_487702,ML978066,2511957,2514811,7.597463e-05
gene:BU24DRAFT_17795,gene:BU24DRAFT_17795,ML978066,2515347,2516932,0.00011203644
gene:BU24DRAFT_416906,gene:BU24DRAFT_416906,ML978066,2517003,2518165,9.345669e-05
gene:BU24DRAFT_17793,gene:BU24DRAFT_17793,ML978066,2518040,2520849,5.6672245e-05
gene:BU24DRAFT_17791,gene:BU24DRAFT_17791,ML978066,2521858,2522839,8.3622464e-05
gene:BU24DRAFT_416907,gene:BU24DRAFT_416907,ML978066,2523026,2524950,6.617444e-05
gene:BU24DRAFT_416912,gene:BU24DRAFT_416912,ML978066,2526377,2527815,6.169558e-05
gene:BU24DRAFT_361859,gene:BU24DRAFT_361859,ML978066,2528123,2530223,6.419547e-05
gene:BU24DRAFT_446312,gene:BU24DRAFT_446312,ML978066,2530220,2532146,6.732127e-05
gene:BU24DRAFT_416915,gene:BU24DRAFT_416915,ML978066,2532336,2534368,9.194146e-05
gene:BU24DRAFT_487710,gene:BU24DRAFT_487710,ML978066,2534452,2535455,0.00038209834
gene:BU24DRAFT_416917,gene:BU24DRAFT_416917,ML978066,2536459,2537547,8.060971e-05
gene:BU24DRAFT_446316,gene:BU24DRAFT_446316,ML978066,2537618,2538926,7.806076e-05
gene:BU24DRAFT_416918,gene:BU24DRAFT_416918,ML978066,2539453,2540612,0.0003007529
gene:BU24DRAFT_338136,gene:BU24DRAFT_338136,ML978066,2540906,2542924,0.00072382967
gene:BU24DRAFT_416919,gene:BU24DRAFT_416919,ML978066,2543840,2544539,0.00027755555
gene:BU24DRAFT_383304,gene:BU24DRAFT_383304,ML978066,2544491,2546549,0.0004010027
gene:BU24DRAFT_416920,gene:BU24DRAFT_416920,ML978066,2547447,2549088,0.00048052962
gene:BU24DRAFT_416921,gene:BU24DRAFT_416921,ML978066,2549039,2550496,9.6095406e-05
gene:BU24DRAFT_446320,gene:BU24DRAFT_446320,ML978066,2551192,2552026,9.9168596e-05
gene:BU24DRAFT_416925,gene:BU24DRAFT_416925,ML978066,2553131,2554108,0.000107253945
gene:BU24DRAFT_416926,gene:BU24DRAFT_416926,ML978066,2554282,2557210,6.6167246e-05
gene:BU24DRAFT_18011,gene:BU24DRAFT_18011,ML978066,2557314,2559165,6.393537e-05
gene:BU24DRAFT_361881,gene:BU24DRAFT_361881,ML978066,2560302,2562620,8.252842e-05
gene:BU24DRAFT_416929,gene:BU24DRAFT_416929,ML978066,2564309,2565273,0.000100166675
gene:BU24DRAFT_416931,gene:BU24DRAFT_416931,ML978066,2565609,2566696,0.00013934591
gene:BU24DRAFT_487723,gene:BU24DRAFT_487723,ML978066,2566976,2567713,0.00016662438
gene:BU24DRAFT_18055,gene:BU24DRAFT_18055,ML978066,2568476,2569513,8.6585605e-05
gene:BU24DRAFT_416933,gene:BU24DRAFT_416933,ML978066,2569660,2571338,0.00011254152
gene:BU24DRAFT_416934,gene:BU24DRAFT_416934,ML978066,2571319,2575641,6.446702e-05
gene:BU24DRAFT_446329,gene:BU24DRAFT_446329,ML978066,2576457,2577650,5.1516643e-05
gene:BU24DRAFT_487728,gene:BU24DRAFT_487728,ML978066,2577840,2578930,0.00011076584
gene:BU24DRAFT_18094,gene:BU24DRAFT_18094,ML978066,2579501,2580048,0.00014917327
gene:BU24DRAFT_404307,gene:BU24DRAFT_404307,ML978066,2581523,2587077,0.003986864
gene:BU24DRAFT_446332,gene:BU24DRAFT_446332,ML978066,2587597,2589192,0.0002607525
gene:BU24DRAFT_446333,gene:BU24DRAFT_446333,ML978066,2589279,2592128,0.0001286102
gene:BU24DRAFT_487733,gene:BU24DRAFT_487733,ML978066,2592073,2596305,8.04188e-05
gene:BU24DRAFT_487734,gene:BU24DRAFT_487734,ML978066,2596166,2598657,0.00047078475
gene:BU24DRAFT_446336,gene:BU24DRAFT_446336,ML978066,2599104,2601603,0.00045254294
gene:BU24DRAFT_457275,gene:BU24DRAFT_457275,ML978066,2601843,2602119,0.00018914885
gene:BU24DRAFT_404313,gene:BU24DRAFT_404313,ML978066,2602857,2604439,0.00012697041
gene:BU24DRAFT_18391,gene:BU24DRAFT_18391,ML978066,2605943,2607395,0.00011065843
gene:BU24DRAFT_404315,gene:BU24DRAFT_404315,ML978066,2608338,2611934,3.178034e-05
gene:BU24DRAFT_416948,gene:BU24DRAFT_416948,ML978066,2612061,2613440,4.590524e-05
gene:BU24DRAFT_404317,gene:BU24DRAFT_404317,ML978066,2614015,2615880,0.00010909137
gene:BU24DRAFT_18465,gene:BU24DRAFT_18465,ML978066,2618608,2621451,0.00019829805
gene:BU24DRAFT_416956,gene:BU24DRAFT_416956,ML978066,2623753,2626758,5.1361418e-05
gene:BU24DRAFT_339610,gene:BU24DRAFT_339610,ML978066,2626937,2629936,0.00015312612
gene:BU24DRAFT_18536,gene:BU24DRAFT_18536,ML978066,2630202,2632821,0.00033230038
gene:BU24DRAFT_430038,gene:BU24DRAFT_430038,ML978066,2635216,2636833,0.00015566975
gene:BU24DRAFT_457286,gene:BU24DRAFT_457286,ML978066,2640097,2641895,6.2878586e-05
gene:BU24DRAFT_457287,gene:BU24DRAFT_457287,ML978066,2642125,2643218,4.0544015e-05
gene:BU24DRAFT_416962,gene:BU24DRAFT_416962,ML978066,2643822,2644251,5.090437e-05
gene:BU24DRAFT_361910,gene:BU24DRAFT_361910,ML978066,2644509,2646583,7.473377e-05
gene:BU24DRAFT_18669,gene:BU24DRAFT_18669,ML978066,2646801,2648909,0.00016854699
gene:BU24DRAFT_430041,gene:BU24DRAFT_430041,ML978066,2649806,2651666,0.00023511452
gene:BU24DRAFT_416965,gene:BU24DRAFT_416965,ML978066,2651995,2653328,5.9947008e-05
gene:BU24DRAFT_416966,gene:BU24DRAFT_416966,ML978066,2653233,2653887,6.6487366e-05
gene:BU24DRAFT_18961,gene:BU24DRAFT_18961,ML978066,2654506,2656075,7.238688e-05
gene:BU24DRAFT_457293,gene:BU24DRAFT_457293,ML978066,2656821,2658252,9.647975e-05
gene:BU24DRAFT_416969,gene:BU24DRAFT_416969,ML978066,2658932,2659859,7.3392475e-05
gene:BU24DRAFT_404330,gene:BU24DRAFT_404330,ML978066,2661328,2662143,0.0001665084
gene:BU24DRAFT_457295,gene:BU24DRAFT_457295,ML978066,2662922,2663199,0.00011437399
gene:BU24DRAFT_18983,gene:BU24DRAFT_18983,ML978066,2665464,2666016,8.344661e-05
gene:BU24DRAFT_416971,gene:BU24DRAFT_416971,ML978066,2666008,2666661,0.00015660354
gene:BU24DRAFT_19012,gene:BU24DRAFT_19012,ML978066,2667601,2670631,0.0004073854
gene:BU24DRAFT_430044,gene:BU24DRAFT_430044,ML978066,2671850,2673875,7.993583e-05
gene:BU24DRAFT_446356,gene:BU24DRAFT_446356,ML978066,2674216,2676153,5.2311036e-05
gene:BU24DRAFT_361923,gene:BU24DRAFT_361923,ML978066,2676312,2679319,4.052138e-05
gene:BU24DRAFT_19128,gene:BU24DRAFT_19128,ML978066,2680252,2681675,7.9747464e-05
gene:BU24DRAFT_416978,gene:BU24DRAFT_416978,ML978066,2685910,2686772,6.841742e-05
gene:BU24DRAFT_416979,gene:BU24DRAFT_416979,ML978066,2686944,2687870,8.1203085e-05
gene:BU24DRAFT_19201,gene:BU24DRAFT_19201,ML978066,2689309,2689833,7.110545e-05
gene:BU24DRAFT_404338,gene:BU24DRAFT_404338,ML978066,2691819,2692522,9.420004e-05
gene:BU24DRAFT_338811,gene:BU24DRAFT_338811,ML978066,2693139,2694621,9.6773794e-05
gene:BU24DRAFT_416984,gene:BU24DRAFT_416984,ML978066,2695315,2695923,0.00012819149
gene:BU24DRAFT_438464,gene:BU24DRAFT_438464,ML978066,2696134,2698684,0.00013254631
gene:BU24DRAFT_339587,gene:BU24DRAFT_339587,ML978066,2699150,2700184,0.00019274023
gene:BU24DRAFT_404342,gene:BU24DRAFT_404342,ML978066,2702730,2703445,9.3813964e-05
gene:BU24DRAFT_383368,gene:BU24DRAFT_383368,ML978066,2703827,2709888,0.00012335296
gene:BU24DRAFT_457309,gene:BU24DRAFT_457309,ML978066,2710015,2710824,0.0012775979
gene:BU24DRAFT_19296,gene:BU24DRAFT_19296,ML978066,2712004,2714375,0.0001401635
gene:BU24DRAFT_19314,gene:BU24DRAFT_19314,ML978066,2717606,2720052,0.00021325724
gene:BU24DRAFT_404347,gene:BU24DRAFT_404347,ML978066,2721893,2722399,0.0004149004
gene:BU24DRAFT_19386,gene:BU24DRAFT_19386,ML978066,2726700,2731632,0.005312772
gene:BU24DRAFT_416993,gene:BU24DRAFT_416993,ML978066,2732789,2733381,0.0005326848
gene:BU24DRAFT_19415,gene:BU24DRAFT_19415,ML978066,2733674,2734125,0.0005352164
gene:BU24DRAFT_416997,gene:BU24DRAFT_416997,ML978066,2734126,2736087,0.00010331472
gene:BU24DRAFT_457316,gene:BU24DRAFT_457316,ML978066,2737802,2739604,0.00041378336
gene:BU24DRAFT_361945,gene:BU24DRAFT_361945,ML978066,2739665,2741070,0.0007079633
gene:BU24DRAFT_417000,gene:BU24DRAFT_417000,ML978066,2741296,2743441,0.00030823526
gene:BU24DRAFT_417001,gene:BU24DRAFT_417001,ML978066,2743704,2744324,0.0002098799
gene:BU24DRAFT_417004,gene:BU24DRAFT_417004,ML978066,2745985,2746625,0.0001464659
gene:BU24DRAFT_457320,gene:BU24DRAFT_457320,ML978066,2747844,2755129,0.00010668694
gene:BU24DRAFT_417006,gene:BU24DRAFT_417006,ML978066,2754965,2756890,0.00015113456
gene:BU24DRAFT_417007,gene:BU24DRAFT_417007,ML978066,2757217,2760488,5.4455868e-05
gene:BU24DRAFT_470122,gene:BU24DRAFT_470122,ML978066,2762321,2764033,4.960229e-05
gene:BU24DRAFT_361949,gene:BU24DRAFT_361949,ML978066,2766259,2768827,4.900791e-05
gene:BU24DRAFT_417010,gene:BU24DRAFT_417010,ML978066,2769050,2770367,7.634383e-05
gene:BU24DRAFT_417011,gene:BU24DRAFT_417011,ML978066,2770679,2772342,5.668048e-05
gene:BU24DRAFT_338176,gene:BU24DRAFT_338176,ML978066,2778026,2779938,0.00010786745
gene:BU24DRAFT_404362,gene:BU24DRAFT_404362,ML978066,2780314,2781949,9.699657e-05
gene:BU24DRAFT_417013,gene:BU24DRAFT_417013,ML978066,2781984,2783749,0.00010486296
gene:BU24DRAFT_383392,gene:BU24DRAFT_383392,ML978066,2783865,2785866,0.00015936767
gene:BU24DRAFT_446385,gene:BU24DRAFT_446385,ML978066,2786339,2787957,0.000116196665
gene:BU24DRAFT_19608,gene:BU24DRAFT_19608,ML978066,2788035,2789465,0.00026538168
gene:BU24DRAFT_487788,gene:BU24DRAFT_487788,ML978066,2790272,2792042,0.00030289998
gene:BU24DRAFT_417016,gene:BU24DRAFT_417016,ML978066,2792232,2793627,0.00046252948
gene:BU24DRAFT_361963,gene:BU24DRAFT_361963,ML978066,2797966,2799077,0.0005600432
gene:BU24DRAFT_446390,gene:BU24DRAFT_446390,ML978066,2799602,2801252,0.00025172098
gene:BU24DRAFT_19694,gene:BU24DRAFT_19694,ML978066,2801698,2804468,0.00096532854
gene:BU24DRAFT_417020,gene:BU24DRAFT_417020,ML978066,2805555,2808253,0.00011627522
gene:BU24DRAFT_19703,gene:BU24DRAFT_19703,ML978066,2808587,2810433,4.7913207e-05
gene:BU24DRAFT_487795,gene:BU24DRAFT_487795,ML978066,2810503,2811632,2.9669303e-05
gene:BU24DRAFT_417023,gene:BU24DRAFT_417023,ML978066,2811673,2812755,2.6109657e-05
gene:BU24DRAFT_383406,gene:BU24DRAFT_383406,ML978066,2812878,2814887,3.2846878e-05
gene:BU24DRAFT_383408,gene:BU24DRAFT_383408,ML978066,2814791,2816162,0.0001978413
gene:BU24DRAFT_417026,gene:BU24DRAFT_417026,ML978066,2816451,2818276,0.02060586
gene:BU24DRAFT_457346,gene:BU24DRAFT_457346,ML978066,2818642,2819649,0.00041204353
gene:BU24DRAFT_457347,gene:BU24DRAFT_457347,ML978066,2820861,2821167,0.00011754152
gene:BU24DRAFT_417027,gene:BU24DRAFT_417027,ML978066,2821562,2822971,0.00035185154
gene:BU24DRAFT_446398,gene:BU24DRAFT_446398,ML978066,2823107,2825264,0.0006511709
gene:BU24DRAFT_417030,gene:BU24DRAFT_417030,ML978066,2831331,2833786,0.0005134394
gene:BU24DRAFT_430077,gene:BU24DRAFT_430077,ML978066,2838832,2839585,0.00012432931
gene:BU24DRAFT_457353,gene:BU24DRAFT_457353,ML978066,2840606,2842041,0.00010318901
gene:BU24DRAFT_404386,gene:BU24DRAFT_404386,ML978066,2843875,2844549,0.00012222938
gene:BU24DRAFT_487807,gene:BU24DRAFT_487807,ML978066,2845796,2846453,9.7911e-05
gene:BU24DRAFT_404387,gene:BU24DRAFT_404387,ML978066,2848324,2850165,0.00016926769
gene:BU24DRAFT_361990,gene:BU24DRAFT_361990,ML978066,2851328,2854142,9.874524e-05
gene:BU24DRAFT_20017,gene:BU24DRAFT_20017,ML978066,2854217,2855965,0.00012402624
gene:BU24DRAFT_457359,gene:BU24DRAFT_457359,ML978066,2856322,2857154,0.000102114245
gene:BU24DRAFT_20087,gene:BU24DRAFT_20087,ML978066,2857447,2859941,0.00017655455
gene:BU24DRAFT_404392,gene:BU24DRAFT_404392,ML978066,2862620,2863576,0.00015027628
gene:BU24DRAFT_20104,gene:BU24DRAFT_20104,ML978066,2867541,2869095,0.00013991832
gene:BU24DRAFT_338120,gene:BU24DRAFT_338120,ML978066,2872375,2874867,7.965416e-05
gene:BU24DRAFT_487814,gene:BU24DRAFT_487814,ML978066,2876530,2879134,0.00010982115
gene:BU24DRAFT_417042,gene:BU24DRAFT_417042,ML978066,2879458,2883833,0.0001416982
gene:BU24DRAFT_487816,gene:BU24DRAFT_487816,ML978066,2884881,2897223,0.0001467102
gene:BU24DRAFT_383446,gene:BU24DRAFT_383446,ML978066,2897306,2900834,9.9554745e-05
gene:BU24DRAFT_417046,gene:BU24DRAFT_417046,ML978066,2901494,2902484,0.00016272932
gene:BU24DRAFT_487819,gene:BU24DRAFT_487819,ML978066,2903025,2907854,7.72525e-05
gene:BU24DRAFT_20253,gene:BU24DRAFT_20253,ML978066,2908248,2909839,0.0001599246
gene:BU24DRAFT_404401,gene:BU24DRAFT_404401,ML978066,2909752,2911090,0.00014521695
gene:BU24DRAFT_470162,gene:BU24DRAFT_470162,ML978066,2912271,2914733,0.00013672108
gene:BU24DRAFT_20283,gene:BU24DRAFT_20283,ML978066,2914955,2915288,0.00011939796
gene:BU24DRAFT_20279,gene:BU24DRAFT_20279,ML978066,2915250,2916979,5.628067e-05
gene:BU24DRAFT_417050,gene:BU24DRAFT_417050,ML978066,2922040,2923178,8.9501176e-05
gene:BU24DRAFT_417052,gene:BU24DRAFT_417052,ML978066,2924627,2926017,0.000118015276
gene:BU24DRAFT_404407,gene:BU24DRAFT_404407,ML978066,2926024,2927144,5.70438e-05
gene:BU24DRAFT_487824,gene:BU24DRAFT_487824,ML978066,2931464,2932782,6.7712695e-05
gene:BU24DRAFT_417054,gene:BU24DRAFT_417054,ML978066,2932503,2933646,0.00010334818
gene:BU24DRAFT_430092,gene:BU24DRAFT_430092,ML978066,2936809,2939727,0.00015834763
gene:BU24DRAFT_417059,gene:BU24DRAFT_417059,ML978066,2942227,2943693,7.804866e-05
gene:BU24DRAFT_430094,gene:BU24DRAFT_430094,ML978066,2945095,2946799,0.00013147846
gene:BU24DRAFT_438508,gene:BU24DRAFT_438508,ML978066,2951883,2955437,6.406053e-05
gene:BU24DRAFT_417064,gene:BU24DRAFT_417064,ML978066,2955117,2957048,0.00025459458
gene:BU24DRAFT_383465,gene:BU24DRAFT_383465,ML978066,2957380,2959707,0.003980259
gene:BU24DRAFT_457385,gene:BU24DRAFT_457385,ML978066,2960543,2960849,0.00028871789
gene:BU24DRAFT_20649,gene:BU24DRAFT_20649,ML978066,2965558,2971142,0.0001240879
gene:BU24DRAFT_20641,gene:BU24DRAFT_20641,ML978066,2973315,2973785,0.00019002923
gene:BU24DRAFT_487835,gene:BU24DRAFT_487835,ML978066,2974062,2975938,5.4306733e-05
gene:BU24DRAFT_339316,gene:BU24DRAFT_339316,ML978066,2977213,2979153,4.675189e-05
gene:BU24DRAFT_457390,gene:BU24DRAFT_457390,ML978066,2982442,2983278,5.2463372e-05
gene:BU24DRAFT_457391,gene:BU24DRAFT_457391,ML978066,2983541,2984353,7.620537e-05
gene:BU24DRAFT_417072,gene:BU24DRAFT_417072,ML978066,2984685,2986006,0.00012210352
gene:BU24DRAFT_446434,gene:BU24DRAFT_446434,ML978066,2986134,2987595,0.00018711868
gene:BU24DRAFT_417075,gene:BU24DRAFT_417075,ML978066,2988967,2993530,0.00012777926
gene:BU24DRAFT_20750,gene:BU24DRAFT_20750,ML978066,2997137,2998358,6.224733e-05
gene:BU24DRAFT_383476,gene:BU24DRAFT_383476,ML978066,2999123,3001769,4.1389834e-05
gene:BU24DRAFT_487844,gene:BU24DRAFT_487844,ML978066,3001973,3004177,8.8544635e-05
gene:BU24DRAFT_417079,gene:BU24DRAFT_417079,ML978066,3004453,3005541,0.00012619431
gene:BU24DRAFT_339308,gene:BU24DRAFT_339308,ML978066,3005840,3006799,0.00012483918
gene:BU24DRAFT_470179,gene:BU24DRAFT_470179,ML978066,3008118,3008933,0.00015536844
gene:BU24DRAFT_457401,gene:BU24DRAFT_457401,ML978066,3009412,3010500,0.00015318312
gene:BU24DRAFT_383484,gene:BU24DRAFT_383484,ML978066,3010765,3013135,0.00022812045
gene:BU24DRAFT_404431,gene:BU24DRAFT_404431,ML978066,3013341,3014444,0.08220814
gene:BU24DRAFT_457404,gene:BU24DRAFT_457404,ML978066,3014819,3015648,0.001186559
gene:BU24DRAFT_487848,gene:BU24DRAFT_487848,ML978066,3016882,3018105,0.0007663178
gene:BU24DRAFT_383490,gene:BU24DRAFT_383490,ML978066,3018772,3020296,0.0025361972
gene:BU24DRAFT_20829,gene:BU24DRAFT_20829,ML978066,3019820,3021037,0.00024184457
gene:BU24DRAFT_417085,gene:BU24DRAFT_417085,ML978066,3020756,3021782,5.033513e-05
gene:BU24DRAFT_446444,gene:BU24DRAFT_446444,ML978066,3021901,3023372,8.3732986e-05
gene:BU24DRAFT_20861,gene:BU24DRAFT_20861,ML978066,3023687,3025969,0.00013475523
gene:BU24DRAFT_487853,gene:BU24DRAFT_487853,ML978066,3027911,3029197,0.00020887525
gene:BU24DRAFT_487854,gene:BU24DRAFT_487854,ML978066,3029406,3030213,0.00019211281
gene:BU24DRAFT_470199,gene:BU24DRAFT_470199,ML978066,3030553,3032486,0.00040189896
gene:BU24DRAFT_470201,gene:BU24DRAFT_470201,ML978066,3032668,3033546,0.00122704
gene:BU24DRAFT_383497,gene:BU24DRAFT_383497,ML978066,3034961,3038866,0.002489291
gene:BU24DRAFT_362066,gene:BU24DRAFT_362066,ML978066,3039492,3041772,0.0040762853
gene:BU24DRAFT_487857,gene:BU24DRAFT_487857,ML978066,3041892,3042465,0.0006340075
gene:BU24DRAFT_20908,gene:BU24DRAFT_20908,ML978066,3042522,3044448,0.00028563972
gene:BU24DRAFT_487858,gene:BU24DRAFT_487858,ML978066,3044234,3045757,0.0002476238
gene:BU24DRAFT_487859,gene:BU24DRAFT_487859,ML978066,3046128,3047850,0.0001586357
gene:BU24DRAFT_438524,gene:BU24DRAFT_438524,ML978066,3048185,3049346,0.0067003835
gene:BU24DRAFT_470216,gene:BU24DRAFT_470216,ML978066,3049575,3050643,0.028103054
gene:BU24DRAFT_417094,gene:BU24DRAFT_417094,ML978066,3051133,3053260,0.05017773
gene:BU24DRAFT_417095,gene:BU24DRAFT_417095,ML978066,3053489,3054908,0.0698489
gene:BU24DRAFT_446456,gene:BU24DRAFT_446456,ML978066,3054929,3055741,0.039355986
gene:BU24DRAFT_470220,gene:BU24DRAFT_470220,ML978066,3057433,3058720,0.015779369
gene:BU24DRAFT_417097,gene:BU24DRAFT_417097,ML978066,3058535,3059653,0.0024340504
gene:BU24DRAFT_417099,gene:BU24DRAFT_417099,ML978066,3060961,3064502,0.0005018431
gene:BU24DRAFT_338823,gene:BU24DRAFT_338823,ML978066,3064574,3066550,9.866227e-05
gene:BU24DRAFT_438531,gene:BU24DRAFT_438531,ML978066,3066968,3068284,0.000102655686
gene:BU24DRAFT_21040,gene:BU24DRAFT_21040,ML978066,3068744,3070303,0.00013607944
gene:BU24DRAFT_430123,gene:BU24DRAFT_430123,ML978066,3070378,3072070,0.00015892161
gene:BU24DRAFT_470223,gene:BU24DRAFT_470223,ML978066,3072941,3074548,0.0003267976
gene:BU24DRAFT_446463,gene:BU24DRAFT_446463,ML978066,3075855,3077195,0.00019647971
gene:BU24DRAFT_457434,gene:BU24DRAFT_457434,ML978066,3079393,3081255,0.0003266146
gene:BU24DRAFT_487870,gene:BU24DRAFT_487870,ML978066,3082443,3084277,0.0041064555
gene:BU24DRAFT_383514,gene:BU24DRAFT_383514,ML978066,3084320,3086208,0.03201588
gene:BU24DRAFT_21095,gene:BU24DRAFT_21095,ML978066,3089573,3090425,0.04210316
gene:BU24DRAFT_21081,gene:BU24DRAFT_21081,ML978066,3090972,3092880,0.0056436677
gene:BU24DRAFT_430128,gene:BU24DRAFT_430128,ML978066,3093015,3094300,0.0058304295
gene:BU24DRAFT_21137,gene:BU24DRAFT_21137,ML978066,3094875,3095977,0.009457967
gene:BU24DRAFT_487875,gene:BU24DRAFT_487875,ML978066,3097613,3099201,0.0011873991
gene:BU24DRAFT_487876,gene:BU24DRAFT_487876,ML978066,3099389,3100256,0.00013446288
gene:BU24DRAFT_383516,gene:BU24DRAFT_383516,ML978066,3100808,3102318,0.00026649373
gene:BU24DRAFT_430133,gene:BU24DRAFT_430133,ML978066,3102462,3104734,3.480547e-05
gene:BU24DRAFT_404473,gene:BU24DRAFT_404473,ML978066,3105387,3106339,7.043671e-05
gene:BU24DRAFT_457444,gene:BU24DRAFT_457444,ML978066,3106777,3108039,5.041297e-05
gene:BU24DRAFT_21200,gene:BU24DRAFT_21200,ML978066,3108213,3109329,0.00010538739
gene:BU24DRAFT_457446,gene:BU24DRAFT_457446,ML978066,3109247,3110721,2.9968469e-05
gene:BU24DRAFT_21229,gene:BU24DRAFT_21229,ML978066,3111914,3114406,5.9665163e-05
gene:BU24DRAFT_438540,gene:BU24DRAFT_438540,ML978066,3115633,3117230,3.7841848e-05
gene:BU24DRAFT_487883,gene:BU24DRAFT_487883,ML978066,3120438,3121975,5.7324887e-05
gene:BU24DRAFT_446479,gene:BU24DRAFT_446479,ML978066,3123627,3124523,0.00012835294
gene:BU24DRAFT_362091,gene:BU24DRAFT_362091,ML978066,3124480,3126983,6.254184e-05
gene:BU24DRAFT_21281,gene:BU24DRAFT_21281,ML978066,3127087,3129604,0.00011117034
gene:BU24DRAFT_21282,gene:BU24DRAFT_21282,ML978066,3129605,3131119,0.0001116869
gene:BU24DRAFT_362099,gene:BU24DRAFT_362099,ML978066,3130969,3132147,6.0384828e-05
gene:BU24DRAFT_417117,gene:BU24DRAFT_417117,ML978066,3132217,3133736,7.9937556e-05
gene:BU24DRAFT_338135,gene:BU24DRAFT_338135,ML978066,3133696,3135668,0.0012805894
gene:BU24DRAFT_487890,gene:BU24DRAFT_487890,ML978066,3136746,3137999,0.0034956445
gene:BU24DRAFT_487891,gene:BU24DRAFT_487891,ML978066,3138244,3140508,0.0034667274
gene:BU24DRAFT_457459,gene:BU24DRAFT_457459,ML978066,3141731,3142522,0.00037896945
gene:BU24DRAFT_417119,gene:BU24DRAFT_417119,ML978066,3142676,3144762,0.00011915513
gene:BU24DRAFT_417121,gene:BU24DRAFT_417121,ML978066,3145904,3146703,0.00010035708
gene:BU24DRAFT_417123,gene:BU24DRAFT_417123,ML978066,3147134,3149914,3.7431517e-05
gene:BU24DRAFT_21372,gene:BU24DRAFT_21372,ML978066,3150901,3152543,4.1826457e-05
gene:BU24DRAFT_470255,gene:BU24DRAFT_470255,ML978066,3153239,3156413,0.000106248895
gene:BU24DRAFT_339037,gene:BU24DRAFT_339037,ML978066,3158026,3159570,5.2093677e-05
gene:BU24DRAFT_21493,gene:BU24DRAFT_21493,ML978066,3161100,3162497,5.55866e-05
gene:BU24DRAFT_417128,gene:BU24DRAFT_417128,ML978066,3162476,3164332,5.0408053e-05
gene:BU24DRAFT_21504,gene:BU24DRAFT_21504,ML978066,3165186,3166363,7.542031e-05
gene:BU24DRAFT_383548,gene:BU24DRAFT_383548,ML978066,3166591,3169121,9.3121285e-05
gene:BU24DRAFT_470259,gene:BU24DRAFT_470259,ML978066,3170569,3171396,6.767243e-05
gene:BU24DRAFT_21569,gene:BU24DRAFT_21569,ML978066,3172937,3174858,8.3486375e-05
gene:BU24DRAFT_417132,gene:BU24DRAFT_417132,ML978066,3174846,3178301,0.000102629274
gene:BU24DRAFT_417133,gene:BU24DRAFT_417133,ML978066,3178172,3180077,0.000441585
gene:BU24DRAFT_337600,gene:BU24DRAFT_337600,ML978066,3180777,3184424,9.415187e-05
gene:BU24DRAFT_383556,gene:BU24DRAFT_383556,ML978066,3186854,3190047,5.9417795e-05
gene:BU24DRAFT_470267,gene:BU24DRAFT_470267,ML978066,3191051,3192769,0.00019090933
gene:BU24DRAFT_470269,gene:BU24DRAFT_470269,ML978066,3193473,3194563,9.239152e-05
gene:BU24DRAFT_21699,gene:BU24DRAFT_21699,ML978066,3197380,3199644,3.3434328e-05
gene:BU24DRAFT_339068,gene:BU24DRAFT_339068,ML978066,3201395,3202531,0.00012023358
gene:BU24DRAFT_417142,gene:BU24DRAFT_417142,ML978066,3203358,3203825,0.00033926364
gene:BU24DRAFT_470275,gene:BU24DRAFT_470275,ML978066,3203960,3206106,0.0049459403
gene:BU24DRAFT_470280,gene:BU24DRAFT_470280,ML978066,3206538,3208188,0.023914358
gene:BU24DRAFT_417143,gene:BU24DRAFT_417143,ML978066,3207591,3209097,0.0032747963
gene:BU24DRAFT_457483,gene:BU24DRAFT_457483,ML978066,3210050,3210410,0.0023311963
gene:BU24DRAFT_417145,gene:BU24DRAFT_417145,ML978066,3212311,3214158,0.0007783694
gene:BU24DRAFT_417147,gene:BU24DRAFT_417147,ML978066,3214765,3216114,0.00035622626
gene:BU24DRAFT_417149,gene:BU24DRAFT_417149,ML978066,3218367,3221079,0.0004649414
gene:BU24DRAFT_430157,gene:BU24DRAFT_430157,ML978066,3221371,3223363,0.00037811822
gene:BU24DRAFT_21881,gene:BU24DRAFT_21881,ML978066,3223325,3223734,0.00021888054
gene:BU24DRAFT_362141,gene:BU24DRAFT_362141,ML978066,3224080,3226618,0.0002146909
gene:BU24DRAFT_383577,gene:BU24DRAFT_383577,ML978066,3228417,3229653,0.00033792414
gene:BU24DRAFT_337364,gene:BU24DRAFT_337364,ML978066,3230354,3231942,0.0005891277
gene:BU24DRAFT_417152,gene:BU24DRAFT_417152,ML978066,3233313,3235392,0.000644104
gene:BU24DRAFT_417153,gene:BU24DRAFT_417153,ML978066,3235393,3236881,0.00017508712
gene:BU24DRAFT_487920,gene:BU24DRAFT_487920,ML978066,3238062,3239898,0.00038836015
gene:BU24DRAFT_417155,gene:BU24DRAFT_417155,ML978066,3241374,3243516,0.00016957746
gene:BU24DRAFT_417156,gene:BU24DRAFT_417156,ML978066,3244069,3245274,0.00048694664
gene:BU24DRAFT_340019,gene:BU24DRAFT_340019,ML978066,3246851,3252807,0.0006082054
gene:BU24DRAFT_22081,gene:BU24DRAFT_22081,ML978066,3253373,3255292,0.00026412023
gene:BU24DRAFT_417162,gene:BU24DRAFT_417162,ML978066,3255257,3256342,0.00011989597
gene:BU24DRAFT_417163,gene:BU24DRAFT_417163,ML978066,3256499,3257507,4.5062076e-05
gene:BU24DRAFT_22107,gene:BU24DRAFT_22107,ML978066,3257415,3259021,5.1427614e-05
gene:BU24DRAFT_446522,gene:BU24DRAFT_446522,ML978066,3259009,3261842,2.6968986e-05
gene:BU24DRAFT_22136,gene:BU24DRAFT_22136,ML978066,3261963,3263585,4.452887e-05
gene:BU24DRAFT_457505,gene:BU24DRAFT_457505,ML978066,3264242,3265605,5.131454e-05
gene:BU24DRAFT_417166,gene:BU24DRAFT_417166,ML978066,3266112,3267211,7.2776544e-05
gene:BU24DRAFT_417167,gene:BU24DRAFT_417167,ML978066,3267351,3269641,6.443606e-05
gene:BU24DRAFT_457508,gene:BU24DRAFT_457508,ML978066,3269931,3270554,0.00012523557
gene:BU24DRAFT_487932,gene:BU24DRAFT_487932,ML978066,3271884,3272883,8.116683e-05
gene:BU24DRAFT_417170,gene:BU24DRAFT_417170,ML978066,3273077,3274046,0.0001334118
gene:BU24DRAFT_417172,gene:BU24DRAFT_417172,ML978066,3274037,3275383,0.00010324902
gene:BU24DRAFT_417173,gene:BU24DRAFT_417173,ML978066,3275550,3278346,8.059918e-05
gene:BU24DRAFT_22273,gene:BU24DRAFT_22273,ML978066,3279650,3281916,4.4842458e-05
gene:BU24DRAFT_383593,gene:BU24DRAFT_383593,ML978066,3283099,3284863,8.096642e-05
gene:BU24DRAFT_22298,gene:BU24DRAFT_22298,ML978066,3285972,3288480,0.00014834941
gene:BU24DRAFT_22303,gene:BU24DRAFT_22303,ML978066,3288450,3288997,0.00016577804
gene:BU24DRAFT_22349,gene:BU24DRAFT_22349,ML978066,3289349,3291295,0.0004396481
gene:BU24DRAFT_417179,gene:BU24DRAFT_417179,ML978066,3292430,3294163,6.859478e-05
gene:BU24DRAFT_383601,gene:BU24DRAFT_383601,ML978066,3294697,3296004,0.00016065687
gene:BU24DRAFT_446536,gene:BU24DRAFT_446536,ML978066,3295994,3297385,7.900479e-05
gene:BU24DRAFT_446537,gene:BU24DRAFT_446537,ML978066,3297246,3299195,4.2358795e-05
gene:BU24DRAFT_417183,gene:BU24DRAFT_417183,ML978066,3299354,3301511,4.2776155e-05
gene:BU24DRAFT_417185,gene:BU24DRAFT_417185,ML978066,3301510,3303263,0.0012149113
gene:BU24DRAFT_404553,gene:BU24DRAFT_404553,ML978066,3304639,3305973,0.0003016375
gene:BU24DRAFT_22444,gene:BU24DRAFT_22444,ML978066,3306941,3308588,0.0005552836
gene:BU24DRAFT_22456,gene:BU24DRAFT_22456,ML978066,3310239,3310857,0.0004385365
gene:BU24DRAFT_22462,gene:BU24DRAFT_22462,ML978066,3313814,3315641,5.4167307e-05
gene:BU24DRAFT_22475,gene:BU24DRAFT_22475,ML978066,3317132,3317628,0.00012962293
gene:BU24DRAFT_22468,gene:BU24DRAFT_22468,ML978066,3318618,3320902,0.00017451872
gene:BU24DRAFT_22545,gene:BU24DRAFT_22545,ML978066,3321708,3323914,0.0034883753
gene:BU24DRAFT_22561,gene:BU24DRAFT_22561,ML978066,3326089,3328010,0.0019740125
gene:BU24DRAFT_417194,gene:BU24DRAFT_417194,ML978066,3327779,3330138,0.002360699
gene:BU24DRAFT_417195,gene:BU24DRAFT_417195,ML978066,3330999,3331640,0.00030569435
gene:BU24DRAFT_404561,gene:BU24DRAFT_404561,ML978066,3333405,3334184,0.00010199078
gene:BU24DRAFT_417198,gene:BU24DRAFT_417198,ML978066,3336228,3336963,0.00013033522
gene:BU24DRAFT_404563,gene:BU24DRAFT_404563,ML978066,3337582,3338433,5.509363e-05
gene:BU24DRAFT_487956,gene:BU24DRAFT_487956,ML978066,3339430,3341345,0.00012580332
gene:BU24DRAFT_22713,gene:BU24DRAFT_22713,ML978066,3344633,3345230,0.00012758649
gene:BU24DRAFT_336272,gene:BU24DRAFT_336272,ML978066,3349318,3349506,0.00010673198
gene:BU24DRAFT_457536,gene:BU24DRAFT_457536,ML978066,3352400,3353397,8.363907e-05
gene:BU24DRAFT_417203,gene:BU24DRAFT_417203,ML978066,3358961,3360254,0.0003409636
gene:BU24DRAFT_417204,gene:BU24DRAFT_417204,ML978066,3362501,3364714,0.00020688973
gene:BU24DRAFT_417205,gene:BU24DRAFT_417205,ML978066,3365949,3367468,0.000249344
gene:BU24DRAFT_404571,gene:BU24DRAFT_404571,ML978066,3367779,3368828,7.744678e-05
gene:BU24DRAFT_457541,gene:BU24DRAFT_457541,ML978066,3370452,3371588,7.059527e-05
gene:BU24DRAFT_383635,gene:BU24DRAFT_383635,ML978066,3373918,3375276,5.8115314e-05
gene:BU24DRAFT_22898,gene:BU24DRAFT_22898,ML978066,3375368,3375769,8.794341e-05
gene:BU24DRAFT_338419,gene:BU24DRAFT_338419,ML978066,3375854,3377853,0.00021992422
gene:BU24DRAFT_338313,gene:BU24DRAFT_338313,ML978066,3379283,3381096,0.000254883
gene:BU24DRAFT_430189,gene:BU24DRAFT_430189,ML978066,3382434,3384302,0.00021170628
gene:BU24DRAFT_362215,gene:BU24DRAFT_362215,ML978066,3384804,3387079,0.00014016921
gene:BU24DRAFT_362219,gene:BU24DRAFT_362219,ML978066,3387277,3390296,0.00012896795
gene:BU24DRAFT_446563,gene:BU24DRAFT_446563,ML978066,3389869,3392103,5.7276986e-05
gene:BU24DRAFT_404580,gene:BU24DRAFT_404580,ML978066,3392874,3395529,0.00011491953
gene:BU24DRAFT_23102,gene:BU24DRAFT_23102,ML978066,3396480,3397042,0.00015331445
gene:BU24DRAFT_338320,gene:BU24DRAFT_338320,ML978066,3397141,3398298,9.696242e-05
gene:BU24DRAFT_23159,gene:BU24DRAFT_23159,ML978066,3401578,3402293,8.2019564e-05
gene:BU24DRAFT_23110,gene:BU24DRAFT_23110,ML978066,3402755,3404489,0.00016981216
gene:BU24DRAFT_334127,gene:BU24DRAFT_334127,ML978066,3405277,3405987,0.0011173855
gene:BU24DRAFT_339760,gene:BU24DRAFT_339760,ML978066,3407462,3408167,0.0036150364
gene:BU24DRAFT_339788,gene:BU24DRAFT_339788,ML978066,3408770,3409876,0.004554545
gene:BU24DRAFT_23177,gene:BU24DRAFT_23177,ML978066,3409998,3412455,0.010080136
gene:BU24DRAFT_321859,gene:BU24DRAFT_321859,ML978066,3413340,3414915,0.0037751205
gene:BU24DRAFT_430197,gene:BU24DRAFT_430197,ML978066,3416167,3417343,0.0012081289
gene:BU24DRAFT_362237,gene:BU24DRAFT_362237,ML978066,3417352,3419205,0.00046247034
gene:BU24DRAFT_417220,gene:BU24DRAFT_417220,ML978066,3419452,3422492,0.00010108269
gene:BU24DRAFT_23266,gene:BU24DRAFT_23266,ML978066,3423237,3424672,6.5865555e-05
gene:BU24DRAFT_404591,gene:BU24DRAFT_404591,ML978066,3426942,3429596,0.00010087694
gene:BU24DRAFT_23349,gene:BU24DRAFT_23349,ML978066,3430335,3432430,0.00022188379
gene:BU24DRAFT_362255,gene:BU24DRAFT_362255,ML978066,3432414,3434318,0.00067069684
gene:BU24DRAFT_417224,gene:BU24DRAFT_417224,ML978066,3434409,3435576,8.472842e-05
gene:BU24DRAFT_23368,gene:BU24DRAFT_23368,ML978066,3435596,3436184,0.00014916046
gene:BU24DRAFT_23374,gene:BU24DRAFT_23374,ML978066,3436098,3438602,6.105465e-05
gene:BU24DRAFT_417227,gene:BU24DRAFT_417227,ML978066,3440268,3441172,7.751017e-05
gene:BU24DRAFT_487985,gene:BU24DRAFT_487985,ML978066,3441869,3443052,0.00037657007
gene:BU24DRAFT_417229,gene:BU24DRAFT_417229,ML978066,3442819,3444048,0.00013239455
gene:BU24DRAFT_417231,gene:BU24DRAFT_417231,ML978066,3444193,3445525,0.00011405158
gene:BU24DRAFT_487988,gene:BU24DRAFT_487988,ML978066,3445357,3447225,9.816386e-05
gene:BU24DRAFT_404601,gene:BU24DRAFT_404601,ML978066,3447505,3448448,5.3001888e-05
gene:BU24DRAFT_417233,gene:BU24DRAFT_417233,ML978066,3449509,3449898,0.00013116504
gene:BU24DRAFT_446583,gene:BU24DRAFT_446583,ML978066,3451392,3453246,5.3918666e-05
gene:BU24DRAFT_337735,gene:BU24DRAFT_337735,ML978066,3453971,3455562,7.044291e-05
gene:BU24DRAFT_23557,gene:BU24DRAFT_23557,ML978066,3456051,3458126,0.0003509251
gene:BU24DRAFT_23754,gene:BU24DRAFT_23754,ML978066,3458567,3461331,0.00014111811
gene:BU24DRAFT_487994,gene:BU24DRAFT_487994,ML978066,3463956,3465698,6.345952e-05
gene:BU24DRAFT_417238,gene:BU24DRAFT_417238,ML978066,3465637,3468158,4.0558807e-05
gene:BU24DRAFT_333460,gene:BU24DRAFT_333460,ML978066,3468632,3468994,8.079248e-05
gene:BU24DRAFT_23787,gene:BU24DRAFT_23787,ML978066,3469523,3470578,5.0852428e-05
gene:BU24DRAFT_338752,gene:BU24DRAFT_338752,ML978066,3471230,3472838,6.92857e-05
gene:BU24DRAFT_23801,gene:BU24DRAFT_23801,ML978066,3473034,3473946,0.00016927268
gene:BU24DRAFT_430219,gene:BU24DRAFT_430219,ML978066,3474669,3476542,0.00075679156
gene:BU24DRAFT_417243,gene:BU24DRAFT_417243,ML978066,3477469,3479344,0.00021225444
gene:BU24DRAFT_446593,gene:BU24DRAFT_446593,ML978066,3479751,3482304,0.00046029425
gene:BU24DRAFT_339896,gene:BU24DRAFT_339896,ML978066,3484494,3487346,6.935019e-05
gene:BU24DRAFT_457584,gene:BU24DRAFT_457584,ML978066,3490433,3491152,0.0001381165
gene:BU24DRAFT_430223,gene:BU24DRAFT_430223,ML978066,3491779,3493505,5.5678378e-05
gene:BU24DRAFT_417248,gene:BU24DRAFT_417248,ML978066,3494281,3494950,5.4567914e-05
gene:BU24DRAFT_24016,gene:BU24DRAFT_24016,ML978066,3494861,3496624,0.00014671177
gene:BU24DRAFT_488006,gene:BU24DRAFT_488006,ML978066,3497341,3498914,0.0001402662
gene:BU24DRAFT_417250,gene:BU24DRAFT_417250,ML978066,3500918,3502547,0.00013872686
gene:BU24DRAFT_488008,gene:BU24DRAFT_488008,ML978066,3502501,3503659,9.619084e-05
gene:BU24DRAFT_417254,gene:BU24DRAFT_417254,ML978066,3505083,3506162,0.00012915958
gene:BU24DRAFT_24106,gene:BU24DRAFT_24106,ML978066,3508902,3509482,0.00013368585
gene:BU24DRAFT_24130,gene:BU24DRAFT_24130,ML978066,3509533,3511636,7.122421e-05
gene:BU24DRAFT_417258,gene:BU24DRAFT_417258,ML978066,3515638,3518437,0.00020669379
gene:BU24DRAFT_457593,gene:BU24DRAFT_457593,ML978066,3519321,3521836,3.8590115e-05
gene:BU24DRAFT_417262,gene:BU24DRAFT_417262,ML978066,3522858,3523667,0.00010137869
gene:BU24DRAFT_24296,gene:BU24DRAFT_24296,ML978066,3524565,3525193,9.999327e-05
gene:BU24DRAFT_24355,gene:BU24DRAFT_24355,ML978066,3524894,3526276,7.10851e-05
gene:BU24DRAFT_438625,gene:BU24DRAFT_438625,ML978066,3526995,3529060,7.163924e-05
gene:BU24DRAFT_362330,gene:BU24DRAFT_362330,ML978066,3529141,3530927,5.9821865e-05
gene:BU24DRAFT_417267,gene:BU24DRAFT_417267,ML978066,3532424,3536194,5.941084e-05
gene:BU24DRAFT_417268,gene:BU24DRAFT_417268,ML978066,3537257,3538414,7.3105664e-05
gene:BU24DRAFT_24408,gene:BU24DRAFT_24408,ML978066,3539244,3539921,0.00015598755
gene:BU24DRAFT_457599,gene:BU24DRAFT_457599,ML978066,3543656,3545984,9.76524e-05
gene:BU24DRAFT_417274,gene:BU24DRAFT_417274,ML978066,3547427,3549592,0.00018651111
gene:BU24DRAFT_417276,gene:BU24DRAFT_417276,ML978066,3550239,3551647,0.00017934413
gene:BU24DRAFT_417277,gene:BU24DRAFT_417277,ML978066,3551721,3552330,4.4319826e-05
gene:BU24DRAFT_340175,gene:BU24DRAFT_340175,ML978066,3553763,3555065,4.3678483e-05
gene:BU24DRAFT_417279,gene:BU24DRAFT_417279,ML978066,3556812,3558315,5.8096426e-05
gene:BU24DRAFT_337384,gene:BU24DRAFT_337384,ML978066,3558655,3559745,5.8861136e-05
gene:BU24DRAFT_24757,gene:BU24DRAFT_24757,ML978066,3561346,3562862,0.00014418653
gene:BU24DRAFT_417283,gene:BU24DRAFT_417283,ML978066,3563256,3564745,0.00014917695
gene:BU24DRAFT_362360,gene:BU24DRAFT_362360,ML978066,3565166,3567442,0.00024702153
gene:BU24DRAFT_339719,gene:BU24DRAFT_339719,ML978066,3567651,3568936,0.00045354737
gene:BU24DRAFT_383798,gene:BU24DRAFT_383798,ML978066,3569654,3571692,0.0002472114
gene:BU24DRAFT_430244,gene:BU24DRAFT_430244,ML978066,3572406,3573034,6.953875e-05
gene:BU24DRAFT_362373,gene:BU24DRAFT_362373,ML978066,3573267,3574125,7.6288314e-05
gene:BU24DRAFT_430245,gene:BU24DRAFT_430245,ML978066,3577672,3578900,3.2598095e-05
gene:BU24DRAFT_417293,gene:BU24DRAFT_417293,ML978066,3580047,3582788,0.0015854978
gene:BU24DRAFT_438642,gene:BU24DRAFT_438642,ML978066,3585356,3586869,0.0014494436
gene:BU24DRAFT_488032,gene:BU24DRAFT_488032,ML978066,3587172,3587742,0.0004677257
gene:BU24DRAFT_417295,gene:BU24DRAFT_417295,ML978066,3587884,3590413,0.00038237276
gene:BU24DRAFT_417297,gene:BU24DRAFT_417297,ML978066,3591142,3592384,0.00020792238
gene:BU24DRAFT_488035,gene:BU24DRAFT_488035,ML978066,3593997,3594749,0.0003994606
gene:BU24DRAFT_362388,gene:BU24DRAFT_362388,ML978066,3595793,3597049,0.00035299026
gene:BU24DRAFT_438646,gene:BU24DRAFT_438646,ML978066,3598031,3599673,0.0002909013
gene:BU24DRAFT_488038,gene:BU24DRAFT_488038,ML978066,3600007,3603634,0.00020334883
gene:BU24DRAFT_417299,gene:BU24DRAFT_417299,ML978066,3604049,3606834,0.00017862544
gene:BU24DRAFT_383827,gene:BU24DRAFT_383827,ML978066,3606877,3610125,5.2466778e-05
gene:BU24DRAFT_457624,gene:BU24DRAFT_457624,ML978066,3611138,3613050,0.00011143349
gene:BU24DRAFT_430256,gene:BU24DRAFT_430256,ML978066,3613820,3614447,2.2803448e-05
gene:BU24DRAFT_417303,gene:BU24DRAFT_417303,ML978066,3614399,3615449,3.6933277e-05
gene:BU24DRAFT_383838,gene:BU24DRAFT_383838,ML978066,3620180,3622771,4.4710257e-05
gene:BU24DRAFT_470450,gene:BU24DRAFT_470450,ML978066,3623452,3624785,9.92147e-05
gene:BU24DRAFT_383841,gene:BU24DRAFT_383841,ML978066,3625034,3627139,0.00013492489
gene:BU24DRAFT_417306,gene:BU24DRAFT_417306,ML978066,3628906,3629525,7.005415e-05
gene:BU24DRAFT_25163,gene:BU24DRAFT_25163,ML978066,3630055,3631018,0.0006555622
gene:BU24DRAFT_430260,gene:BU24DRAFT_430260,ML978066,3632182,3633884,0.0007908284
gene:BU24DRAFT_337525,gene:BU24DRAFT_337525,ML978066,3635283,3636492,6.939945e-05
gene:BU24DRAFT_417310,gene:BU24DRAFT_417310,ML978066,3638201,3638574,0.00012983385
gene:BU24DRAFT_25271,gene:BU24DRAFT_25271,ML978066,3640140,3640791,0.00010138552
gene:BU24DRAFT_25275,gene:BU24DRAFT_25275,ML978066,3641130,3644048,4.688874e-05
gene:BU24DRAFT_404660,gene:BU24DRAFT_404660,ML978066,3647253,3648559,0.00010489918
gene:BU24DRAFT_417315,gene:BU24DRAFT_417315,ML978066,3648808,3649687,9.867903e-05
gene:BU24DRAFT_488050,gene:BU24DRAFT_488050,ML978066,3651908,3653088,4.9392824e-05
gene:BU24DRAFT_488051,gene:BU24DRAFT_488051,ML978066,3653128,3654853,7.471716e-05
gene:BU24DRAFT_417317,gene:BU24DRAFT_417317,ML978066,3654967,3657825,0.00022735169
gene:BU24DRAFT_430264,gene:BU24DRAFT_430264,ML978066,3658602,3662630,0.00032401475
gene:BU24DRAFT_438665,gene:BU24DRAFT_438665,ML978066,3663007,3665476,0.00021179907
gene:BU24DRAFT_470459,gene:BU24DRAFT_470459,ML978066,3666020,3668854,0.00010128568
gene:BU24DRAFT_488057,gene:BU24DRAFT_488057,ML978066,3669424,3670506,5.7459398e-05
gene:BU24DRAFT_488058,gene:BU24DRAFT_488058,ML978066,3670544,3673290,7.9651945e-05
gene:BU24DRAFT_470471,gene:BU24DRAFT_470471,ML978066,3674045,3675920,6.224572e-05
gene:BU24DRAFT_417324,gene:BU24DRAFT_417324,ML978066,3678581,3679990,6.354026e-05
gene:BU24DRAFT_470478,gene:BU24DRAFT_470478,ML978066,3680020,3682191,0.00014624029
gene:BU24DRAFT_25718,gene:BU24DRAFT_25718,ML978066,3682100,3683495,0.00016637132
gene:BU24DRAFT_417325,gene:BU24DRAFT_417325,ML978066,3683374,3684729,0.0005436374
gene:BU24DRAFT_417326,gene:BU24DRAFT_417326,ML978066,3685143,3686341,0.0008517978
gene:BU24DRAFT_417327,gene:BU24DRAFT_417327,ML978066,3686429,3688418,9.437695e-05
gene:BU24DRAFT_438677,gene:BU24DRAFT_438677,ML978066,3688542,3693832,0.00011006126
gene:BU24DRAFT_470496,gene:BU24DRAFT_470496,ML978066,3693878,3694678,0.00012145057
gene:BU24DRAFT_404676,gene:BU24DRAFT_404676,ML978066,3695204,3700490,0.00057161116
gene:BU24DRAFT_488068,gene:BU24DRAFT_488068,ML978066,3702701,3704618,0.00011099407
gene:BU24DRAFT_457653,gene:BU24DRAFT_457653,ML978066,3706436,3708002,0.000106706975
gene:BU24DRAFT_25843,gene:BU24DRAFT_25843,ML978066,3708185,3709546,6.268014e-05
gene:BU24DRAFT_25850,gene:BU24DRAFT_25850,ML978066,3710374,3712204,8.966324e-05
gene:BU24DRAFT_25852,gene:BU24DRAFT_25852,ML978066,3712177,3712929,0.00012751203
gene:BU24DRAFT_417333,gene:BU24DRAFT_417333,ML978066,3714265,3715033,0.00014747755
gene:BU24DRAFT_25874,gene:BU24DRAFT_25874,ML978066,3714993,3718033,0.00015377169
gene:BU24DRAFT_417336,gene:BU24DRAFT_417336,ML978066,3723028,3724864,0.0001353622
gene:BU24DRAFT_446661,gene:BU24DRAFT_446661,ML978066,3725040,3729864,0.00029085792
gene:BU24DRAFT_26229,gene:BU24DRAFT_26229,ML978066,3731079,3733193,0.00048723212
gene:BU24DRAFT_417339,gene:BU24DRAFT_417339,ML978066,3734998,3736849,0.00033216728
gene:BU24DRAFT_417342,gene:BU24DRAFT_417342,ML978066,3738645,3739041,0.00029157408
gene:BU24DRAFT_338097,gene:BU24DRAFT_338097,ML978066,3739907,3741482,0.0008699513
gene:BU24DRAFT_417343,gene:BU24DRAFT_417343,ML978066,3742075,3743324,0.00023388154
gene:BU24DRAFT_488078,gene:BU24DRAFT_488078,ML978066,3743391,3744880,7.759181e-05
gene:BU24DRAFT_26186,gene:BU24DRAFT_26186,ML978066,3745726,3746317,0.00013176947
gene:BU24DRAFT_457664,gene:BU24DRAFT_457664,ML978066,3747079,3747641,0.00014725173
gene:BU24DRAFT_457665,gene:BU24DRAFT_457665,ML978066,3747846,3748193,0.00011989311
gene:BU24DRAFT_430293,gene:BU24DRAFT_430293,ML978066,3748403,3751749,6.371171e-05
gene:BU24DRAFT_340211,gene:BU24DRAFT_340211,ML978066,3752739,3754250,5.8166912e-05
gene:BU24DRAFT_404694,gene:BU24DRAFT_404694,ML978066,3755279,3757416,6.9013695e-05
gene:BU24DRAFT_26060,gene:BU24DRAFT_26060,ML978066,3757671,3759532,0.0008823689
gene:BU24DRAFT_313976,gene:BU24DRAFT_313976,ML978066,3760723,3762121,0.00065882195
gene:BU24DRAFT_25930,gene:BU24DRAFT_25930,ML978066,3761891,3764635,0.0005752863
gene:BU24DRAFT_362490,gene:BU24DRAFT_362490,ML978066,3765343,3767521,0.00034923208
gene:BU24DRAFT_362492,gene:BU24DRAFT_362492,ML978066,3767592,3769556,0.00021009157
gene:BU24DRAFT_446676,gene:BU24DRAFT_446676,ML978066,3769557,3770584,0.00012949693
gene:BU24DRAFT_457675,gene:BU24DRAFT_457675,ML978066,3770696,3771307,9.0373374e-05
gene:BU24DRAFT_457676,gene:BU24DRAFT_457676,ML978066,3772356,3777998,0.000117507756
gene:BU24DRAFT_457677,gene:BU24DRAFT_457677,ML978066,3779412,3784582,0.0001449369
gene:BU24DRAFT_339939,gene:BU24DRAFT_339939,ML978066,3788879,3789840,0.00012891566
gene:BU24DRAFT_417357,gene:BU24DRAFT_417357,ML978066,3790941,3792178,6.41978e-05
gene:BU24DRAFT_417359,gene:BU24DRAFT_417359,ML978066,3792155,3793814,9.547218e-05
gene:BU24DRAFT_417360,gene:BU24DRAFT_417360,ML978066,3794117,3796043,9.688453e-05
gene:BU24DRAFT_446681,gene:BU24DRAFT_446681,ML978066,3795968,3797005,9.471753e-05
gene:BU24DRAFT_417362,gene:BU24DRAFT_417362,ML978066,3797233,3798022,9.4615825e-05
gene:BU24DRAFT_362512,gene:BU24DRAFT_362512,ML978066,3798915,3801500,0.00020353387
gene:BU24DRAFT_383945,gene:BU24DRAFT_383945,ML978066,3801416,3802512,0.00012276809
gene:BU24DRAFT_27346,gene:BU24DRAFT_27346,ML978066,3802731,3805015,5.631957e-05
gene:BU24DRAFT_27335,gene:BU24DRAFT_27335,ML978066,3804944,3805740,0.0001905576
gene:BU24DRAFT_332796,gene:BU24DRAFT_332796,ML978066,3808324,3808590,8.373005e-05
gene:BU24DRAFT_470529,gene:BU24DRAFT_470529,ML978066,3813896,3814604,8.260277e-05
gene:BU24DRAFT_446685,gene:BU24DRAFT_446685,ML978066,3815357,3816526,9.259007e-05
gene:BU24DRAFT_338657,gene:BU24DRAFT_338657,ML978066,3818169,3818817,9.35771e-05
gene:BU24DRAFT_417364,gene:BU24DRAFT_417364,ML978066,3819077,3820420,0.00015170091
gene:BU24DRAFT_383959,gene:BU24DRAFT_383959,ML978066,3821952,3822743,0.00011244291
gene:BU24DRAFT_27562,gene:BU24DRAFT_27562,ML978066,3824893,3825440,0.00016397165
gene:BU24DRAFT_27563,gene:BU24DRAFT_27563,ML978066,3825441,3826611,0.00017212448
gene:BU24DRAFT_338799,gene:BU24DRAFT_338799,ML978066,3827138,3829625,0.00011677723
gene:BU24DRAFT_417367,gene:BU24DRAFT_417367,ML978066,3830100,3830969,0.00017668621
gene:BU24DRAFT_417369,gene:BU24DRAFT_417369,ML978066,3831195,3831604,0.00016380432
gene:BU24DRAFT_27592,gene:BU24DRAFT_27592,ML978066,3833628,3834498,0.0002543119
gene:BU24DRAFT_27597,gene:BU24DRAFT_27597,ML978066,3834362,3838045,0.00010188037
gene:BU24DRAFT_27598,gene:BU24DRAFT_27598,ML978066,3838046,3838963,9.947465e-05
gene:BU24DRAFT_27606,gene:BU24DRAFT_27606,ML978066,3840383,3842033,6.0899158e-05
gene:BU24DRAFT_27614,gene:BU24DRAFT_27614,ML978066,3841954,3842364,0.00013672948
gene:BU24DRAFT_457695,gene:BU24DRAFT_457695,ML978066,3843037,3845308,0.00011545778
gene:BU24DRAFT_470548,gene:BU24DRAFT_470548,ML978066,3847410,3850766,0.000108198285
gene:BU24DRAFT_323404,gene:BU24DRAFT_323404,ML978066,3853704,3854765,6.012446e-05
gene:BU24DRAFT_27662,gene:BU24DRAFT_27662,ML978066,3854699,3857654,3.9009672e-05
gene:BU24DRAFT_417379,gene:BU24DRAFT_417379,ML978066,3860244,3863326,0.00013176982
gene:BU24DRAFT_417380,gene:BU24DRAFT_417380,ML978066,3863281,3864049,0.00013237046
gene:BU24DRAFT_457699,gene:BU24DRAFT_457699,ML978066,3864341,3865507,0.00029677755
gene:BU24DRAFT_404725,gene:BU24DRAFT_404725,ML978066,3866488,3867495,0.00026542816
gene:BU24DRAFT_457700,gene:BU24DRAFT_457700,ML978066,3869363,3873093,0.00034802163
gene:BU24DRAFT_28039,gene:BU24DRAFT_28039,ML978066,3874418,3875205,0.00023186574
gene:BU24DRAFT_28163,gene:BU24DRAFT_28163,ML978066,3876678,3878368,5.5413107e-05
gene:BU24DRAFT_404728,gene:BU24DRAFT_404728,ML978066,3878692,3879615,8.079203e-05
gene:BU24DRAFT_457704,gene:BU24DRAFT_457704,ML978066,3885141,3885596,9.772753e-05
gene:BU24DRAFT_28046,gene:BU24DRAFT_28046,ML978066,3886789,3887264,0.00010677673
gene:BU24DRAFT_332039,gene:BU24DRAFT_332039,ML978066,3889564,3891046,6.572834e-05
gene:BU24DRAFT_457706,gene:BU24DRAFT_457706,ML978066,3891767,3892731,9.609528e-05
gene:BU24DRAFT_417390,gene:BU24DRAFT_417390,ML978066,3892922,3894707,0.0003583327
gene:BU24DRAFT_430320,gene:BU24DRAFT_430320,ML978066,3894954,3897719,0.0013416992
gene:BU24DRAFT_430321,gene:BU24DRAFT_430321,ML978066,3898038,3899368,0.00021219968
gene:BU24DRAFT_470572,gene:BU24DRAFT_470572,ML978066,3901238,3903009,0.00016306315
gene:BU24DRAFT_28492,gene:BU24DRAFT_28492,ML978066,3903339,3903856,0.000113718
gene:BU24DRAFT_339503,gene:BU24DRAFT_339503,ML978066,3905148,3908368,4.3659402e-05
gene:BU24DRAFT_438716,gene:BU24DRAFT_438716,ML978066,3909118,3910931,5.092055e-05
gene:BU24DRAFT_457712,gene:BU24DRAFT_457712,ML978066,3911335,3912311,7.666078e-05
gene:BU24DRAFT_28566,gene:BU24DRAFT_28566,ML978066,3912027,3913366,4.9809434e-05
gene:BU24DRAFT_362581,gene:BU24DRAFT_362581,ML978066,3913550,3915449,8.8299596e-05
gene:BU24DRAFT_384012,gene:BU24DRAFT_384012,ML978066,3915744,3919497,5.372737e-05
gene:BU24DRAFT_362588,gene:BU24DRAFT_362588,ML978066,3919652,3921281,0.00021018197
gene:BU24DRAFT_28591,gene:BU24DRAFT_28591,ML978066,3921977,3924038,0.00019716048
gene:BU24DRAFT_417402,gene:BU24DRAFT_417402,ML978066,3925422,3926252,0.00014991546
gene:BU24DRAFT_417403,gene:BU24DRAFT_417403,ML978066,3926774,3928450,6.9660986e-05
gene:BU24DRAFT_338018,gene:BU24DRAFT_338018,ML978066,3929069,3931536,4.9991853e-05
gene:BU24DRAFT_417404,gene:BU24DRAFT_417404,ML978066,3933617,3934905,7.585067e-05
gene:BU24DRAFT_340179,gene:BU24DRAFT_340179,ML978066,3935829,3937153,9.19223e-05
gene:BU24DRAFT_337318,gene:BU24DRAFT_337318,ML978066,3941154,3942745,5.7142086e-05
gene:BU24DRAFT_417408,gene:BU24DRAFT_417408,ML978066,3945152,3947613,0.00026092568
gene:BU24DRAFT_362609,gene:BU24DRAFT_362609,ML978066,3947635,3948747,0.00061158143
gene:BU24DRAFT_417411,gene:BU24DRAFT_417411,ML978066,3948709,3949974,0.00020274447
gene:BU24DRAFT_339387,gene:BU24DRAFT_339387,ML978066,3951941,3952693,0.0002008091
gene:BU24DRAFT_326989,gene:BU24DRAFT_326989,ML978066,3953314,3953913,8.157069e-05
gene:BU24DRAFT_430333,gene:BU24DRAFT_430333,ML978066,3955304,3956944,9.043871e-05
gene:BU24DRAFT_28823,gene:BU24DRAFT_28823,ML978066,3957001,3958696,0.00010625399
gene:BU24DRAFT_28919,gene:BU24DRAFT_28919,ML978066,3964631,3965415,0.00014052418
gene:BU24DRAFT_417417,gene:BU24DRAFT_417417,ML978066,3965541,3966769,0.00015515377
gene:BU24DRAFT_417418,gene:BU24DRAFT_417418,ML978066,3969847,3971136,9.704376e-05
gene:BU24DRAFT_446728,gene:BU24DRAFT_446728,ML978066,3971559,3972447,0.00011332057
gene:BU24DRAFT_430335,gene:BU24DRAFT_430335,ML978066,3972744,3973485,5.6541223e-05
gene:BU24DRAFT_430344,gene:BU24DRAFT_430344,ML978066,3975638,3976652,6.592576e-05
gene:BU24DRAFT_338189,gene:BU24DRAFT_338189,ML978066,3981187,3982293,8.9812704e-05
gene:BU24DRAFT_417427,gene:BU24DRAFT_417427,ML978066,3988541,3989914,9.404807e-05
gene:BU24DRAFT_404759,gene:BU24DRAFT_404759,ML978066,3990784,3991683,7.42357e-05
gene:BU24DRAFT_417429,gene:BU24DRAFT_417429,ML978066,3992217,3995669,6.799042e-05
gene:BU24DRAFT_417430,gene:BU24DRAFT_417430,ML978066,3995820,3997304,6.0533763e-05
gene:BU24DRAFT_438734,gene:BU24DRAFT_438734,ML978066,3997284,3998342,0.00011839796
gene:BU24DRAFT_438735,gene:BU24DRAFT_438735,ML978066,3998519,4000120,4.55975e-05
gene:BU24DRAFT_417432,gene:BU24DRAFT_417432,ML978066,4000121,4004583,8.1335886e-05
gene:BU24DRAFT_29714,gene:BU24DRAFT_29714,ML978066,4004415,4005197,0.000116595744
gene:BU24DRAFT_29266,gene:BU24DRAFT_29266,ML978066,4006632,4008483,6.440183e-05
gene:BU24DRAFT_29753,gene:BU24DRAFT_29753,ML978066,4009329,4010300,9.2121365e-05
gene:BU24DRAFT_29787,gene:BU24DRAFT_29787,ML978066,4010351,4013646,0.00017091053
gene:BU24DRAFT_417442,gene:BU24DRAFT_417442,ML978066,4017016,4018465,0.00015426526
gene:BU24DRAFT_457741,gene:BU24DRAFT_457741,ML978066,4019510,4020600,0.0001453311
gene:BU24DRAFT_404770,gene:BU24DRAFT_404770,ML978066,4022254,4024298,0.00014267446
gene:BU24DRAFT_417451,gene:BU24DRAFT_417451,ML978066,4024607,4026178,5.3023985e-05
gene:BU24DRAFT_417453,gene:BU24DRAFT_417453,ML978066,4026830,4028531,0.00014439071
gene:BU24DRAFT_417455,gene:BU24DRAFT_417455,ML978066,4028463,4029498,0.00013317596
gene:BU24DRAFT_336040,gene:BU24DRAFT_336040,ML978066,4029793,4030665,0.00011256402
gene:BU24DRAFT_338545,gene:BU24DRAFT_338545,ML978066,4030960,4031819,0.0001184568
gene:BU24DRAFT_404776,gene:BU24DRAFT_404776,ML978066,4033213,4035843,6.4755506e-05
gene:BU24DRAFT_417458,gene:BU24DRAFT_417458,ML978066,4037334,4038091,0.00010669161
gene:BU24DRAFT_417460,gene:BU24DRAFT_417460,ML978066,4039146,4040862,7.568763e-05
gene:BU24DRAFT_30203,gene:BU24DRAFT_30203,ML978066,4041247,4042080,0.00032488452
gene:BU24DRAFT_457751,gene:BU24DRAFT_457751,ML978066,4042288,4042596,0.00015206805
gene:BU24DRAFT_404781,gene:BU24DRAFT_404781,ML978066,4043567,4044038,0.00013199984
gene:BU24DRAFT_417464,gene:BU24DRAFT_417464,ML978066,4045320,4046159,0.00012867762
gene:BU24DRAFT_417465,gene:BU24DRAFT_417465,ML978066,4046353,4049369,0.00015838325
gene:BU24DRAFT_488166,gene:BU24DRAFT_488166,ML978066,4049610,4051705,0.00021854852
gene:BU24DRAFT_470646,gene:BU24DRAFT_470646,ML978066,4052563,4054062,8.089193e-05
gene:BU24DRAFT_488167,gene:BU24DRAFT_488167,ML978066,4055113,4056562,0.00012667058
gene:BU24DRAFT_488168,gene:BU24DRAFT_488168,ML978066,4056694,4057866,0.00010154819
gene:BU24DRAFT_457759,gene:BU24DRAFT_457759,ML978066,4058635,4059543,0.00020240048
gene:BU24DRAFT_384103,gene:BU24DRAFT_384103,ML978066,4060810,4062204,0.000118580654
gene:BU24DRAFT_30280,gene:BU24DRAFT_30280,ML978066,4062281,4063633,7.763087e-05
gene:BU24DRAFT_362681,gene:BU24DRAFT_362681,ML978066,4064999,4067821,4.6743415e-05
gene:BU24DRAFT_404791,gene:BU24DRAFT_404791,ML978066,4068148,4069331,5.658737e-05
gene:BU24DRAFT_417471,gene:BU24DRAFT_417471,ML978066,4070700,4073325,8.725001e-05
gene:BU24DRAFT_417472,gene:BU24DRAFT_417472,ML978066,4073535,4075985,8.1787584e-05
gene:BU24DRAFT_417473,gene:BU24DRAFT_417473,ML978066,4075596,4076546,5.3440057e-05
gene:BU24DRAFT_30557,gene:BU24DRAFT_30557,ML978066,4076995,4078627,7.949741e-05
gene:BU24DRAFT_417475,gene:BU24DRAFT_417475,ML978066,4078988,4080292,6.698034e-05
gene:BU24DRAFT_417476,gene:BU24DRAFT_417476,ML978066,4080507,4082174,4.6892386e-05
gene:BU24DRAFT_362696,gene:BU24DRAFT_362696,ML978066,4082302,4084670,8.25091e-05
gene:BU24DRAFT_417477,gene:BU24DRAFT_417477,ML978066,4085122,4085621,8.48403e-05
gene:BU24DRAFT_404797,gene:BU24DRAFT_404797,ML978066,4086018,4087936,0.00013355861
gene:BU24DRAFT_362698,gene:BU24DRAFT_362698,ML978066,4088842,4090128,9.96553e-05
gene:BU24DRAFT_457773,gene:BU24DRAFT_457773,ML978066,4090790,4092152,0.0001321812
gene:BU24DRAFT_470653,gene:BU24DRAFT_470653,ML978066,4092590,4093600,0.00030144773
gene:BU24DRAFT_336547,gene:BU24DRAFT_336547,ML978066,4094680,4095581,0.00049709843
gene:BU24DRAFT_384131,gene:BU24DRAFT_384131,ML978066,4095990,4097819,0.0011272222
gene:BU24DRAFT_488185,gene:BU24DRAFT_488185,ML978066,4097957,4102032,0.00062757044
gene:BU24DRAFT_339445,gene:BU24DRAFT_339445,ML978066,4102784,4103812,0.00022034254
gene:BU24DRAFT_30651,gene:BU24DRAFT_30651,ML978066,4104461,4106374,4.1882948e-05
gene:BU24DRAFT_404806,gene:BU24DRAFT_404806,ML978066,4106961,4109406,4.0628915e-05
gene:BU24DRAFT_338768,gene:BU24DRAFT_338768,ML978066,4110590,4112173,4.2951673e-05
gene:BU24DRAFT_417483,gene:BU24DRAFT_417483,ML978066,4112376,4115328,4.9031132e-05
gene:BU24DRAFT_446777,gene:BU24DRAFT_446777,ML978066,4115440,4117500,6.5458284e-05
gene:BU24DRAFT_417486,gene:BU24DRAFT_417486,ML978066,4117579,4118646,0.000100661346
gene:BU24DRAFT_430375,gene:BU24DRAFT_430375,ML978066,4118944,4119968,0.00062838243
gene:BU24DRAFT_446780,gene:BU24DRAFT_446780,ML978066,4120575,4124588,0.00036484643
gene:BU24DRAFT_30789,gene:BU24DRAFT_30789,ML978066,4126009,4127270,0.0012901557
gene:BU24DRAFT_417491,gene:BU24DRAFT_417491,ML978066,4128350,4128790,0.001030253
gene:BU24DRAFT_338462,gene:BU24DRAFT_338462,ML978066,4130340,4131914,0.001371625
gene:BU24DRAFT_362739,gene:BU24DRAFT_362739,ML978066,4133537,4136576,0.0012324345
gene:BU24DRAFT_488198,gene:BU24DRAFT_488198,ML978066,4136647,4137551,0.0019294878
gene:BU24DRAFT_417498,gene:BU24DRAFT_417498,ML978066,4138741,4140496,0.015148153
gene:BU24DRAFT_430380,gene:BU24DRAFT_430380,ML978066,4144235,4145229,0.00013832585
gene:BU24DRAFT_30858,gene:BU24DRAFT_30858,ML978066,4145313,4145888,7.957564e-05
gene:BU24DRAFT_31113,gene:BU24DRAFT_31113,ML978066,4147149,4149527,2.5429537e-05
gene:BU24DRAFT_446787,gene:BU24DRAFT_446787,ML978066,4149917,4153075,3.9450337e-05
gene:BU24DRAFT_417503,gene:BU24DRAFT_417503,ML978066,4153475,4154284,4.8677877e-05
gene:BU24DRAFT_446789,gene:BU24DRAFT_446789,ML978066,4155280,4156671,9.929692e-05
gene:BU24DRAFT_337671,gene:BU24DRAFT_337671,ML978066,4157699,4158115,0.00011267337
gene:BU24DRAFT_417506,gene:BU24DRAFT_417506,ML978066,4159244,4160960,0.00024598892
gene:BU24DRAFT_362751,gene:BU24DRAFT_362751,ML978066,4161544,4164163,0.0006840192
gene:BU24DRAFT_417508,gene:BU24DRAFT_417508,ML978066,4164273,4165538,0.00019064189
gene:BU24DRAFT_457799,gene:BU24DRAFT_457799,ML978066,4166411,4166837,0.00026906026
gene:BU24DRAFT_338835,gene:BU24DRAFT_338835,ML978066,4167524,4168363,0.00010593367
gene:BU24DRAFT_417512,gene:BU24DRAFT_417512,ML978066,4168182,4169237,0.00016282244
gene:BU24DRAFT_31465,gene:BU24DRAFT_31465,ML978066,4168882,4169611,0.00013945499
gene:BU24DRAFT_446792,gene:BU24DRAFT_446792,ML978066,4169687,4172616,7.2618735e-05
gene:BU24DRAFT_488212,gene:BU24DRAFT_488212,ML978066,4177171,4178619,4.9360264e-05
gene:BU24DRAFT_384189,gene:BU24DRAFT_384189,ML978066,4178789,4179854,0.000102835766
gene:BU24DRAFT_384193,gene:BU24DRAFT_384193,ML978066,4180203,4183248,9.811456e-05
gene:BU24DRAFT_31575,gene:BU24DRAFT_31575,ML978066,4184241,4185210,0.00019983627
gene:BU24DRAFT_31555,gene:BU24DRAFT_31555,ML978066,4186030,4189260,0.00039940086
gene:BU24DRAFT_31541,gene:BU24DRAFT_31541,ML978066,4190555,4191048,0.00017974776
gene:BU24DRAFT_31812,gene:BU24DRAFT_31812,ML978066,4194593,4195925,0.00017246258
gene:BU24DRAFT_404832,gene:BU24DRAFT_404832,ML978066,4198599,4200184,0.00014414746
gene:BU24DRAFT_404833,gene:BU24DRAFT_404833,ML978066,4201797,4203960,0.00011953437
gene:BU24DRAFT_417535,gene:BU24DRAFT_417535,ML978066,4204124,4204333,9.953658e-05
gene:BU24DRAFT_446800,gene:BU24DRAFT_446800,ML978066,4207332,4210682,3.862416e-05
gene:BU24DRAFT_31790,gene:BU24DRAFT_31790,ML978066,4211599,4214342,6.2041785e-05
gene:BU24DRAFT_457815,gene:BU24DRAFT_457815,ML978066,4217404,4218566,5.9089063e-05
gene:BU24DRAFT_32056,gene:BU24DRAFT_32056,ML978066,4219228,4221753,0.00014564708
gene:BU24DRAFT_488223,gene:BU24DRAFT_488223,ML978066,4223455,4227196,0.000113311835
gene:BU24DRAFT_334856,gene:BU24DRAFT_334856,ML978066,4228317,4231922,7.333697e-05
gene:BU24DRAFT_338158,gene:BU24DRAFT_338158,ML978066,4232349,4233518,5.8195223e-05
gene:BU24DRAFT_430394,gene:BU24DRAFT_430394,ML978066,4234059,4235944,5.7333556e-05
gene:BU24DRAFT_457822,gene:BU24DRAFT_457822,ML978066,4236184,4238272,0.0003826802
gene:BU24DRAFT_338914,gene:BU24DRAFT_338914,ML978066,4243076,4245092,0.0007767128
gene:BU24DRAFT_488229,gene:BU24DRAFT_488229,ML978066,4245527,4246590,0.00010742971
gene:BU24DRAFT_417551,gene:BU24DRAFT_417551,ML978066,4247397,4249779,0.00020374543
gene:BU24DRAFT_457826,gene:BU24DRAFT_457826,ML978066,4250178,4250642,0.00012903033
gene:BU24DRAFT_446812,gene:BU24DRAFT_446812,ML978066,4250969,4253249,0.00012239428
gene:BU24DRAFT_384225,gene:BU24DRAFT_384225,ML978066,4253485,4255127,0.000119426004
gene:BU24DRAFT_32419,gene:BU24DRAFT_32419,ML978066,4255745,4257192,0.0001676555
gene:BU24DRAFT_32420,gene:BU24DRAFT_32420,ML978066,4257193,4259323,0.0006560328
gene:BU24DRAFT_417555,gene:BU24DRAFT_417555,ML978066,4259333,4260786,7.3895324e-05
gene:BU24DRAFT_417557,gene:BU24DRAFT_417557,ML978066,4260854,4262849,4.851215e-05
gene:BU24DRAFT_417558,gene:BU24DRAFT_417558,ML978066,4262890,4264940,0.00014973026
gene:BU24DRAFT_32450,gene:BU24DRAFT_32450,ML978066,4264934,4265543,7.4207484e-05
gene:BU24DRAFT_32466,gene:BU24DRAFT_32466,ML978066,4265544,4270504,7.750533e-05
gene:BU24DRAFT_384239,gene:BU24DRAFT_384239,ML978066,4272699,4277574,7.810071e-05
gene:BU24DRAFT_339942,gene:BU24DRAFT_339942,ML978066,4278695,4279735,0.00014846915
gene:BU24DRAFT_417562,gene:BU24DRAFT_417562,ML978066,4280977,4281487,0.000247509
gene:BU24DRAFT_417563,gene:BU24DRAFT_417563,ML978066,4281681,4282688,0.00014426206
gene:BU24DRAFT_417565,gene:BU24DRAFT_417565,ML978066,4283078,4283666,0.00013902615
gene:BU24DRAFT_32591,gene:BU24DRAFT_32591,ML978066,4283932,4284860,0.0001393986
gene:BU24DRAFT_417569,gene:BU24DRAFT_417569,ML978066,4287268,4289393,7.769123e-05
gene:BU24DRAFT_384249,gene:BU24DRAFT_384249,ML978066,4289399,4290864,5.4936394e-05
gene:BU24DRAFT_32692,gene:BU24DRAFT_32692,ML978066,4290801,4292938,7.158608e-05
gene:BU24DRAFT_417573,gene:BU24DRAFT_417573,ML978066,4293124,4294925,0.00013565211
gene:BU24DRAFT_457842,gene:BU24DRAFT_457842,ML978066,4295765,4297924,9.4989984e-05
gene:BU24DRAFT_457843,gene:BU24DRAFT_457843,ML978066,4299475,4300860,7.543674e-05
gene:BU24DRAFT_488247,gene:BU24DRAFT_488247,ML978066,4303831,4305039,6.698428e-05
gene:BU24DRAFT_417575,gene:BU24DRAFT_417575,ML978066,4305070,4306512,0.0001144541
gene:BU24DRAFT_488249,gene:BU24DRAFT_488249,ML978066,4306682,4309630,0.00026220895
gene:BU24DRAFT_32897,gene:BU24DRAFT_32897,ML978066,4309746,4310714,0.00015135786
gene:BU24DRAFT_470806,gene:BU24DRAFT_470806,ML978066,4312463,4313053,0.00011984649
gene:BU24DRAFT_337592,gene:BU24DRAFT_337592,ML978066,4314389,4316771,0.00018465657
gene:BU24DRAFT_417579,gene:BU24DRAFT_417579,ML978066,4317124,4318803,0.00013783097
gene:BU24DRAFT_404868,gene:BU24DRAFT_404868,ML978066,4318763,4319386,8.0485355e-05
gene:BU24DRAFT_339953,gene:BU24DRAFT_339953,ML978066,4320082,4322097,0.000115624716
gene:BU24DRAFT_384272,gene:BU24DRAFT_384272,ML978066,4322508,4326203,5.086799e-05
gene:BU24DRAFT_417582,gene:BU24DRAFT_417582,ML978066,4326928,4328826,0.00019714443
gene:BU24DRAFT_33013,gene:BU24DRAFT_33013,ML978066,4328837,4329693,0.00020912041
gene:BU24DRAFT_33025,gene:BU24DRAFT_33025,ML978066,4331917,4332899,0.00017206221
gene:BU24DRAFT_430423,gene:BU24DRAFT_430423,ML978066,4333264,4334466,0.00026209673
gene:BU24DRAFT_438809,gene:BU24DRAFT_438809,ML978066,4341494,4342182,7.391001e-05
gene:BU24DRAFT_339039,gene:BU24DRAFT_339039,ML978066,4342662,4345085,4.704794e-05
gene:BU24DRAFT_33136,gene:BU24DRAFT_33136,ML978066,4347510,4349558,8.402975e-05
gene:BU24DRAFT_33189,gene:BU24DRAFT_33189,ML978066,4349441,4350236,0.00010887284
gene:BU24DRAFT_33115,gene:BU24DRAFT_33115,ML978066,4350734,4351705,0.00011323186
gene:BU24DRAFT_417589,gene:BU24DRAFT_417589,ML978066,4353864,4355030,0.001976843
gene:BU24DRAFT_488260,gene:BU24DRAFT_488260,ML978066,4355273,4357489,0.0005301376
gene:BU24DRAFT_446839,gene:BU24DRAFT_446839,ML978066,4358701,4361722,0.00055296393
gene:BU24DRAFT_362862,gene:BU24DRAFT_362862,ML978066,4361921,4365321,0.0029508048
gene:BU24DRAFT_417593,gene:BU24DRAFT_417593,ML978066,4365920,4367165,0.00449426
gene:BU24DRAFT_457863,gene:BU24DRAFT_457863,ML978066,4367721,4368536,0.00010336054
gene:BU24DRAFT_33262,gene:BU24DRAFT_33262,ML978066,4369329,4370486,0.00010853177
gene:BU24DRAFT_417595,gene:BU24DRAFT_417595,ML978066,4370898,4372719,0.000110492474
gene:BU24DRAFT_33286,gene:BU24DRAFT_33286,ML978066,4376986,4377342,0.00011482086
gene:BU24DRAFT_337915,gene:BU24DRAFT_337915,ML978066,4377470,4382575,4.4718163e-05
gene:BU24DRAFT_488268,gene:BU24DRAFT_488268,ML978066,4384085,4385511,9.340503e-05
gene:BU24DRAFT_430435,gene:BU24DRAFT_430435,ML978066,4385715,4387044,4.7361096e-05
gene:BU24DRAFT_430436,gene:BU24DRAFT_430436,ML978066,4388307,4390585,7.9366895e-05
gene:BU24DRAFT_404888,gene:BU24DRAFT_404888,ML978066,4396234,4398575,4.2249652e-05
gene:BU24DRAFT_417603,gene:BU24DRAFT_417603,ML978066,4399138,4400033,0.00016073449
gene:BU24DRAFT_417604,gene:BU24DRAFT_417604,ML978066,4400006,4401452,3.5117828e-05
gene:BU24DRAFT_417607,gene:BU24DRAFT_417607,ML978066,4401623,4403713,6.1016228e-05
gene:BU24DRAFT_384313,gene:BU24DRAFT_384313,ML978066,4403900,4405643,0.00012147967
gene:BU24DRAFT_438825,gene:BU24DRAFT_438825,ML978066,4405547,4407421,0.0008072315
gene:BU24DRAFT_417609,gene:BU24DRAFT_417609,ML978066,4408423,4409950,0.0036548704
gene:BU24DRAFT_417610,gene:BU24DRAFT_417610,ML978066,4410235,4413935,0.0011206515
gene:BU24DRAFT_384327,gene:BU24DRAFT_384327,ML978066,4414063,4418349,0.00529221
gene:BU24DRAFT_488279,gene:BU24DRAFT_488279,ML978066,4418610,4419641,0.00019026149
gene:BU24DRAFT_384333,gene:BU24DRAFT_384333,ML978066,4419920,4423587,7.317053e-05
gene:BU24DRAFT_33664,gene:BU24DRAFT_33664,ML978066,4426684,4427870,4.1859297e-05
gene:BU24DRAFT_384334,gene:BU24DRAFT_384334,ML978066,4427796,4429826,3.6330646e-05
gene:BU24DRAFT_33643,gene:BU24DRAFT_33643,ML978066,4430020,4431095,5.7522982e-05
gene:BU24DRAFT_33717,gene:BU24DRAFT_33717,ML978066,4431284,4432169,0.00022008765
gene:BU24DRAFT_340220,gene:BU24DRAFT_340220,ML978066,4434005,4435219,0.0012586684
gene:BU24DRAFT_417617,gene:BU24DRAFT_417617,ML978066,4435244,4436289,0.00016155952
gene:BU24DRAFT_417618,gene:BU24DRAFT_417618,ML978066,4436372,4439519,7.544516e-05
gene:BU24DRAFT_33617,gene:BU24DRAFT_33617,ML978066,4439466,4441654,0.00038293411
gene:BU24DRAFT_384344,gene:BU24DRAFT_384344,ML978066,4443113,4444781,0.0005963804
gene:BU24DRAFT_33945,gene:BU24DRAFT_33945,ML978066,4444797,4445294,0.00066903944
gene:BU24DRAFT_362922,gene:BU24DRAFT_362922,ML978066,4444977,4448847,0.002073805
gene:BU24DRAFT_488292,gene:BU24DRAFT_488292,ML978066,4449031,4450545,0.0027043934
gene:BU24DRAFT_384353,gene:BU24DRAFT_384353,ML978066,4451724,4452275,0.0016781768
gene:BU24DRAFT_339878,gene:BU24DRAFT_339878,ML978066,4453112,4454935,0.0038631563
gene:BU24DRAFT_34087,gene:BU24DRAFT_34087,ML978066,4455196,4458664,0.0007072468
gene:BU24DRAFT_34097,gene:BU24DRAFT_34097,ML978066,4459108,4460208,0.00038144313
gene:BU24DRAFT_337787,gene:BU24DRAFT_337787,ML978066,4461524,4463032,0.007747339
gene:BU24DRAFT_417625,gene:BU24DRAFT_417625,ML978066,4463194,4467555,8.595104e-05
gene:BU24DRAFT_417626,gene:BU24DRAFT_417626,ML978066,4467667,4469218,0.00016098605
gene:BU24DRAFT_457901,gene:BU24DRAFT_457901,ML978066,4469763,4471522,0.00017250929
gene:BU24DRAFT_446876,gene:BU24DRAFT_446876,ML978066,4474247,4475174,0.00018415178
gene:BU24DRAFT_417631,gene:BU24DRAFT_417631,ML978066,4475617,4478376,7.6515396e-05
gene:BU24DRAFT_338359,gene:BU24DRAFT_338359,ML978066,4479663,4481901,0.000944492
gene:BU24DRAFT_384377,gene:BU24DRAFT_384377,ML978066,4482989,4484297,4.1005438e-05
gene:BU24DRAFT_339774,gene:BU24DRAFT_339774,ML978066,4484889,4487219,6.9316964e-05
gene:BU24DRAFT_35027,gene:BU24DRAFT_35027,ML978066,4487456,4488674,4.406617e-05
gene:BU24DRAFT_417636,gene:BU24DRAFT_417636,ML978066,4490377,4492668,0.00042119855
gene:BU24DRAFT_339235,gene:BU24DRAFT_339235,ML978066,4493668,4495053,0.00087134255
gene:BU24DRAFT_417638,gene:BU24DRAFT_417638,ML978066,4496111,4497620,0.0005932469
gene:BU24DRAFT_362964,gene:BU24DRAFT_362964,ML978066,4497855,4501152,0.0017498487
gene:BU24DRAFT_438850,gene:BU24DRAFT_438850,ML978066,4501433,4503484,0.00025494964
gene:BU24DRAFT_417640,gene:BU24DRAFT_417640,ML978066,4503622,4505289,0.0015381669
gene:BU24DRAFT_457914,gene:BU24DRAFT_457914,ML978066,4506535,4507430,0.008820112
gene:BU24DRAFT_417643,gene:BU24DRAFT_417643,ML978066,4509063,4511134,0.00012920176
gene:BU24DRAFT_35246,gene:BU24DRAFT_35246,ML978066,4512030,4513334,5.2547537e-05
gene:BU24DRAFT_430471,gene:BU24DRAFT_430471,ML978066,4513649,4515831,0.00011463021
gene:BU24DRAFT_35309,gene:BU24DRAFT_35309,ML978066,4516738,4517670,6.581029e-05
gene:BU24DRAFT_457918,gene:BU24DRAFT_457918,ML978066,4517989,4519818,7.568958e-05
gene:BU24DRAFT_35405,gene:BU24DRAFT_35405,ML978066,4520808,4523146,2.2951977e-05
gene:BU24DRAFT_417650,gene:BU24DRAFT_417650,ML978066,4523558,4525885,4.9917253e-05
gene:BU24DRAFT_417652,gene:BU24DRAFT_417652,ML978066,4525947,4527405,0.017495196
gene:BU24DRAFT_35410,gene:BU24DRAFT_35410,ML978066,4527671,4529630,0.00026961573
gene:BU24DRAFT_470965,gene:BU24DRAFT_470965,ML978066,4529977,4531713,0.00057646824
gene:BU24DRAFT_404937,gene:BU24DRAFT_404937,ML978066,4531983,4532874,0.0001276873
gene:BU24DRAFT_417658,gene:BU24DRAFT_417658,ML978066,4540112,4540489,0.00021826953
gene:BU24DRAFT_417660,gene:BU24DRAFT_417660,ML978066,4540490,4540969,0.00015261538
gene:BU24DRAFT_362998,gene:BU24DRAFT_362998,ML978066,4550081,4554198,4.9963845e-05
gene:BU24DRAFT_384424,gene:BU24DRAFT_384424,ML978066,4554510,4558711,6.314571e-05
gene:BU24DRAFT_417666,gene:BU24DRAFT_417666,ML978066,4558707,4562711,4.6250218e-05
gene:BU24DRAFT_457927,gene:BU24DRAFT_457927,ML978066,4562902,4564263,5.633636e-05
gene:BU24DRAFT_417668,gene:BU24DRAFT_417668,ML978066,4564606,4565880,6.493421e-05
gene:BU24DRAFT_417669,gene:BU24DRAFT_417669,ML978066,4566524,4567184,6.541404e-05
gene:BU24DRAFT_35747,gene:BU24DRAFT_35747,ML978066,4567153,4568289,5.852639e-05
gene:BU24DRAFT_35727,gene:BU24DRAFT_35727,ML978066,4569420,4570250,0.00041089373
gene:BU24DRAFT_384437,gene:BU24DRAFT_384437,ML978066,4572909,4575219,0.012014906
gene:BU24DRAFT_438867,gene:BU24DRAFT_438867,ML978066,4575987,4577663,0.019334055
gene:BU24DRAFT_488332,gene:BU24DRAFT_488332,ML978066,4578550,4580530,0.01953222
gene:BU24DRAFT_470994,gene:BU24DRAFT_470994,ML978066,4580921,4582092,0.013351697
gene:BU24DRAFT_363017,gene:BU24DRAFT_363017,ML978066,4582661,4584191,0.0035836946
gene:BU24DRAFT_457935,gene:BU24DRAFT_457935,ML978066,4584930,4585342,0.00037968467
gene:BU24DRAFT_35924,gene:BU24DRAFT_35924,ML978066,4587637,4588077,0.00017243439
gene:BU24DRAFT_417677,gene:BU24DRAFT_417677,ML978066,4588258,4589978,0.00011312809
gene:BU24DRAFT_470999,gene:BU24DRAFT_470999,ML978066,4590422,4591779,0.00010826777
gene:BU24DRAFT_384445,gene:BU24DRAFT_384445,ML978066,4592440,4593887,9.394406e-05
gene:BU24DRAFT_488335,gene:BU24DRAFT_488335,ML978066,4594235,4598933,0.0003210875
gene:BU24DRAFT_36066,gene:BU24DRAFT_36066,ML978066,4601084,4602753,0.00040111068
gene:BU24DRAFT_36131,gene:BU24DRAFT_36131,ML978066,4602948,4603832,8.9507506e-05
gene:BU24DRAFT_457940,gene:BU24DRAFT_457940,ML978066,4603826,4604497,7.220055e-05
gene:BU24DRAFT_338123,gene:BU24DRAFT_338123,ML978066,4604704,4606903,7.167772e-05
gene:BU24DRAFT_384458,gene:BU24DRAFT_384458,ML978066,4608512,4610871,6.166222e-05
gene:BU24DRAFT_430493,gene:BU24DRAFT_430493,ML978066,4611582,4614412,0.00010911071
gene:BU24DRAFT_471024,gene:BU24DRAFT_471024,ML978066,4616620,4619196,0.00027551403
gene:BU24DRAFT_488342,gene:BU24DRAFT_488342,ML978066,4619142,4622308,0.00010117833
gene:BU24DRAFT_363044,gene:BU24DRAFT_363044,ML978066,4622769,4625080,5.1950476e-05
gene:BU24DRAFT_417690,gene:BU24DRAFT_417690,ML978066,4626065,4628715,6.221915e-05
gene:BU24DRAFT_488345,gene:BU24DRAFT_488345,ML978066,4628790,4629518,7.962284e-05
gene:BU24DRAFT_417691,gene:BU24DRAFT_417691,ML978066,4629570,4632495,6.1158855e-05
gene:BU24DRAFT_36191,gene:BU24DRAFT_36191,ML978066,4632228,4632678,9.1707756e-05
gene:BU24DRAFT_36404,gene:BU24DRAFT_36404,ML978066,4633180,4635513,8.945975e-05
gene:BU24DRAFT_417694,gene:BU24DRAFT_417694,ML978066,4636307,4639410,9.074724e-05
gene:BU24DRAFT_417695,gene:BU24DRAFT_417695,ML978066,4639551,4640680,0.00145361
gene:BU24DRAFT_36475,gene:BU24DRAFT_36475,ML978066,4640986,4641734,0.00011529438
gene:BU24DRAFT_404967,gene:BU24DRAFT_404967,ML978066,4642741,4643342,0.00035342836
gene:BU24DRAFT_36519,gene:BU24DRAFT_36519,ML978066,4643223,4644402,0.00018960453
gene:BU24DRAFT_384489,gene:BU24DRAFT_384489,ML978066,4644650,4651294,9.899542e-05
gene:BU24DRAFT_488352,gene:BU24DRAFT_488352,ML978066,4652128,4654101,5.1577816e-05
gene:BU24DRAFT_36572,gene:BU24DRAFT_36572,ML978066,4654406,4655598,8.172883e-05
gene:BU24DRAFT_338904,gene:BU24DRAFT_338904,ML978066,4657151,4658335,0.00012370279
gene:BU24DRAFT_36601,gene:BU24DRAFT_36601,ML978066,4658591,4659420,0.00014968659
gene:BU24DRAFT_417703,gene:BU24DRAFT_417703,ML978066,4662105,4664457,0.00014780335
gene:BU24DRAFT_417704,gene:BU24DRAFT_417704,ML978066,4665331,4667635,9.293358e-05
gene:BU24DRAFT_471112,gene:BU24DRAFT_471112,ML978066,4668301,4669285,0.00012914333
gene:BU24DRAFT_36724,gene:BU24DRAFT_36724,ML978066,4669593,4672801,9.503325e-05
gene:BU24DRAFT_417707,gene:BU24DRAFT_417707,ML978066,4673633,4674017,0.00014003455
gene:BU24DRAFT_404976,gene:BU24DRAFT_404976,ML978066,4675038,4675725,0.0001800166
gene:BU24DRAFT_363083,gene:BU24DRAFT_363083,ML978066,4676892,4680355,0.00046204726
gene:BU24DRAFT_417710,gene:BU24DRAFT_417710,ML978066,4680530,4684621,0.00010822907
gene:BU24DRAFT_471114,gene:BU24DRAFT_471114,ML978066,4685171,4687327,0.00031351607
gene:BU24DRAFT_417712,gene:BU24DRAFT_417712,ML978066,4689590,4691391,0.00019284009
gene:BU24DRAFT_36791,gene:BU24DRAFT_36791,ML978066,4691327,4692265,0.00010269701
gene:BU24DRAFT_404981,gene:BU24DRAFT_404981,ML978066,4692454,4693522,6.9577596e-05
gene:BU24DRAFT_36851,gene:BU24DRAFT_36851,ML978066,4697450,4699223,0.00010182265
gene:BU24DRAFT_417715,gene:BU24DRAFT_417715,ML978066,4699937,4701056,0.00011915715
gene:BU24DRAFT_363101,gene:BU24DRAFT_363101,ML978066,4703332,4706525,8.5121486e-05
gene:BU24DRAFT_417725,gene:BU24DRAFT_417725,ML978066,4712871,4713990,0.000106321546
gene:BU24DRAFT_337529,gene:BU24DRAFT_337529,ML978066,4714644,4715936,0.000102148806
gene:BU24DRAFT_457971,gene:BU24DRAFT_457971,ML978066,4716970,4717641,0.000100673926
gene:BU24DRAFT_37043,gene:BU24DRAFT_37043,ML978066,4717828,4718450,9.66662e-05
gene:BU24DRAFT_417727,gene:BU24DRAFT_417727,ML978066,4718820,4721477,8.668684e-05
gene:BU24DRAFT_37068,gene:BU24DRAFT_37068,ML978066,4722048,4723736,0.00014064158
gene:BU24DRAFT_339682,gene:BU24DRAFT_339682,ML978066,4725683,4726670,7.252979e-05
gene:BU24DRAFT_37109,gene:BU24DRAFT_37109,ML978066,4727019,4728324,7.700975e-05
gene:BU24DRAFT_339614,gene:BU24DRAFT_339614,ML978066,4728920,4731324,0.00010467016
gene:BU24DRAFT_417733,gene:BU24DRAFT_417733,ML978066,4733740,4735638,0.0001028509
gene:BU24DRAFT_384546,gene:BU24DRAFT_384546,ML978066,4736404,4738456,0.00010112673
gene:BU24DRAFT_457978,gene:BU24DRAFT_457978,ML978066,4739330,4739835,5.8575162e-05
gene:BU24DRAFT_417735,gene:BU24DRAFT_417735,ML978066,4740626,4741947,3.348939e-05
gene:BU24DRAFT_457980,gene:BU24DRAFT_457980,ML978066,4742374,4742787,0.00014540233
gene:BU24DRAFT_446954,gene:BU24DRAFT_446954,ML978066,4743399,4744883,9.139619e-05
gene:BU24DRAFT_37269,gene:BU24DRAFT_37269,ML978066,4746658,4747943,0.00016368332
gene:BU24DRAFT_319256,gene:BU24DRAFT_319256,ML978066,4749533,4749754,0.00022585351
gene:BU24DRAFT_417739,gene:BU24DRAFT_417739,ML978066,4750831,4752982,0.00014936218
gene:BU24DRAFT_417742,gene:BU24DRAFT_417742,ML978066,4754264,4754803,0.00022924515
gene:BU24DRAFT_37313,gene:BU24DRAFT_37313,ML978066,4759127,4761873,0.00025116914
gene:BU24DRAFT_37331,gene:BU24DRAFT_37331,ML978066,4763263,4763757,0.000110785746
gene:BU24DRAFT_37337,gene:BU24DRAFT_37337,ML978066,4763759,4766348,6.553428e-05
gene:BU24DRAFT_417747,gene:BU24DRAFT_417747,ML978066,4768973,4772778,0.00018237444
gene:BU24DRAFT_417749,gene:BU24DRAFT_417749,ML978066,4774112,4775670,6.116731e-05
gene:BU24DRAFT_37432,gene:BU24DRAFT_37432,ML978066,4778072,4778859,0.00017344701
gene:BU24DRAFT_417751,gene:BU24DRAFT_417751,ML978066,4778569,4779312,0.00028330143
gene:BU24DRAFT_488386,gene:BU24DRAFT_488386,ML978066,4779573,4780853,7.56051e-05
gene:BU24DRAFT_446962,gene:BU24DRAFT_446962,ML978066,4783489,4784058,0.00029265336
gene:BU24DRAFT_430530,gene:BU24DRAFT_430530,ML978066,4788065,4790408,0.00022149549
gene:BU24DRAFT_417753,gene:BU24DRAFT_417753,ML978066,4790823,4792952,0.00013442084
gene:BU24DRAFT_446965,gene:BU24DRAFT_446965,ML978066,4793590,4795487,0.00021005234
gene:BU24DRAFT_488391,gene:BU24DRAFT_488391,ML978066,4796051,4797421,5.73108e-05
gene:BU24DRAFT_405009,gene:BU24DRAFT_405009,ML978066,4798328,4800013,9.943726e-05
gene:BU24DRAFT_363155,gene:BU24DRAFT_363155,ML978066,4801334,4805739,9.096934e-05
gene:BU24DRAFT_430534,gene:BU24DRAFT_430534,ML978066,4806219,4807709,0.00015341895
gene:BU24DRAFT_417758,gene:BU24DRAFT_417758,ML978066,4809259,4809692,0.00015241714
gene:BU24DRAFT_417759,gene:BU24DRAFT_417759,ML978066,4811240,4811509,0.00015300041
gene:BU24DRAFT_457998,gene:BU24DRAFT_457998,ML978066,4816253,4818188,9.104211e-05
gene:BU24DRAFT_405013,gene:BU24DRAFT_405013,ML978066,4819406,4821339,6.279239e-05
gene:BU24DRAFT_37568,gene:BU24DRAFT_37568,ML978066,4821539,4822942,5.898764e-05
gene:BU24DRAFT_37565,gene:BU24DRAFT_37565,ML978066,4826016,4826893,8.779868e-05
gene:BU24DRAFT_363161,gene:BU24DRAFT_363161,ML978066,4831336,4832782,0.00024312425
gene:BU24DRAFT_405016,gene:BU24DRAFT_405016,ML978066,4832993,4834451,9.864941e-05
gene:BU24DRAFT_458003,gene:BU24DRAFT_458003,ML978066,4835326,4835817,0.00046307972
gene:BU24DRAFT_438920,gene:BU24DRAFT_438920,ML978066,4835960,4838759,0.0016791177
gene:BU24DRAFT_337001,gene:BU24DRAFT_337001,ML978066,4840361,4841032,0.0001705766
gene:BU24DRAFT_446976,gene:BU24DRAFT_446976,ML978066,4845726,4847685,6.70446e-05
gene:BU24DRAFT_37756,gene:BU24DRAFT_37756,ML978066,4848280,4849074,0.00016172868
gene:BU24DRAFT_417778,gene:BU24DRAFT_417778,ML978066,4856029,4856457,0.00018928312
gene:BU24DRAFT_417779,gene:BU24DRAFT_417779,ML978066,4857483,4858282,0.00017633634
gene:BU24DRAFT_337720,gene:BU24DRAFT_337720,ML978066,4860070,4861648,0.00010478667
gene:BU24DRAFT_337515,gene:BU24DRAFT_337515,ML978066,4861685,4862095,0.00013936716
gene:BU24DRAFT_38130,gene:BU24DRAFT_38130,ML978066,4863676,4864622,0.00011212884
gene:BU24DRAFT_37843,gene:BU24DRAFT_37843,ML978066,4865591,4866522,0.00010387771
gene:BU24DRAFT_339448,gene:BU24DRAFT_339448,ML978066,4867690,4869393,8.119088e-05
gene:BU24DRAFT_417787,gene:BU24DRAFT_417787,ML978066,4870741,4871880,8.329501e-05
gene:BU24DRAFT_38092,gene:BU24DRAFT_38092,ML978066,4871753,4872812,5.6719487e-05
gene:BU24DRAFT_417788,gene:BU24DRAFT_417788,ML978066,4872866,4874557,6.594157e-05
gene:BU24DRAFT_417789,gene:BU24DRAFT_417789,ML978066,4874685,4876607,8.8866305e-05
gene:BU24DRAFT_363183,gene:BU24DRAFT_363183,ML978066,4877588,4879814,0.00013123875
gene:BU24DRAFT_38284,gene:BU24DRAFT_38284,ML978066,4879923,4881834,7.9365724e-05
gene:BU24DRAFT_363190,gene:BU24DRAFT_363190,ML978066,4882821,4884231,0.00016681696
gene:BU24DRAFT_458019,gene:BU24DRAFT_458019,ML978066,4887067,4888988,0.00023594871
gene:BU24DRAFT_38320,gene:BU24DRAFT_38320,ML978066,4890124,4891565,5.666825e-05
gene:BU24DRAFT_38665,gene:BU24DRAFT_38665,ML978066,4894920,4900328,3.7769394e-05
gene:BU24DRAFT_337673,gene:BU24DRAFT_337673,ML978066,4901596,4903403,0.00020725987
gene:BU24DRAFT_488417,gene:BU24DRAFT_488417,ML978066,4904226,4904740,0.0003376685
gene:BU24DRAFT_417800,gene:BU24DRAFT_417800,ML978066,4905333,4906236,0.0001443737
gene:BU24DRAFT_471248,gene:BU24DRAFT_471248,ML978066,4906778,4907790,0.00016468564
gene:BU24DRAFT_430555,gene:BU24DRAFT_430555,ML978066,4908169,4909078,9.73111e-05
gene:BU24DRAFT_417801,gene:BU24DRAFT_417801,ML978066,4909863,4910897,0.00023518651
gene:BU24DRAFT_488419,gene:BU24DRAFT_488419,ML978066,4911595,4912689,8.667676e-05
gene:BU24DRAFT_384629,gene:BU24DRAFT_384629,ML978066,4913346,4918056,3.2717075e-05
gene:BU24DRAFT_38761,gene:BU24DRAFT_38761,ML978066,4918130,4919992,7.907128e-05
gene:BU24DRAFT_38728,gene:BU24DRAFT_38728,ML978066,4920582,4922511,6.759724e-05
gene:BU24DRAFT_38793,gene:BU24DRAFT_38793,ML978066,4923443,4924467,0.00010247526
gene:BU24DRAFT_417807,gene:BU24DRAFT_417807,ML978066,4924959,4926888,9.517484e-05
gene:BU24DRAFT_38812,gene:BU24DRAFT_38812,ML978066,4926820,4928457,0.0002028548
gene:BU24DRAFT_417808,gene:BU24DRAFT_417808,ML978066,4929559,4929718,0.0005244565
gene:BU24DRAFT_446999,gene:BU24DRAFT_446999,ML978066,4929928,4931044,0.0052369167
gene:BU24DRAFT_363223,gene:BU24DRAFT_363223,ML978066,4930437,4932133,0.00088412245
gene:BU24DRAFT_488428,gene:BU24DRAFT_488428,ML978066,4932340,4933318,0.00039860207
gene:BU24DRAFT_338463,gene:BU24DRAFT_338463,ML978066,4933710,4935152,7.06029e-05
gene:BU24DRAFT_363230,gene:BU24DRAFT_363230,ML978066,4936299,4939181,6.741999e-05
gene:BU24DRAFT_384656,gene:BU24DRAFT_384656,ML978066,4939316,4940345,5.4748536e-05
gene:BU24DRAFT_384659,gene:BU24DRAFT_384659,ML978066,4943178,4945325,5.3508586e-05
gene:BU24DRAFT_417812,gene:BU24DRAFT_417812,ML978066,4945521,4947074,5.7142883e-05
gene:BU24DRAFT_417813,gene:BU24DRAFT_417813,ML978066,4947319,4949323,3.9130446e-05
gene:BU24DRAFT_38996,gene:BU24DRAFT_38996,ML978066,4950660,4951366,0.00016416519
gene:BU24DRAFT_38964,gene:BU24DRAFT_38964,ML978066,4951231,4953690,5.9417507e-05
gene:BU24DRAFT_39004,gene:BU24DRAFT_39004,ML978066,4954591,4957418,0.0013720616
gene:BU24DRAFT_339618,gene:BU24DRAFT_339618,ML978066,4957663,4959514,0.015074037
gene:BU24DRAFT_471279,gene:BU24DRAFT_471279,ML978066,4960430,4961429,0.00024770616
gene:BU24DRAFT_417816,gene:BU24DRAFT_417816,ML978066,4961625,4962693,9.198412e-05
gene:BU24DRAFT_488439,gene:BU24DRAFT_488439,ML978066,4962695,4966025,0.00010356218
gene:BU24DRAFT_417818,gene:BU24DRAFT_417818,ML978066,4966067,4967659,0.0001402099
gene:BU24DRAFT_471283,gene:BU24DRAFT_471283,ML978066,4968063,4970551,0.00010101203
gene:BU24DRAFT_488441,gene:BU24DRAFT_488441,ML978066,4970998,4972763,7.5080425e-05
gene:BU24DRAFT_39118,gene:BU24DRAFT_39118,ML978066,4974014,4975678,5.0241477e-05
gene:BU24DRAFT_417820,gene:BU24DRAFT_417820,ML978066,4976259,4976942,6.466086e-05
gene:BU24DRAFT_339026,gene:BU24DRAFT_339026,ML978066,4977177,4979451,0.00023034957
gene:BU24DRAFT_471290,gene:BU24DRAFT_471290,ML978066,4980344,4982802,0.013248944
gene:BU24DRAFT_363263,gene:BU24DRAFT_363263,ML978066,4983664,4984890,0.010344666
gene:BU24DRAFT_417822,gene:BU24DRAFT_417822,ML978066,4984977,4986232,0.01733415
gene:BU24DRAFT_471296,gene:BU24DRAFT_471296,ML978066,4986789,4988430,0.015759505
gene:BU24DRAFT_438957,gene:BU24DRAFT_438957,ML978066,4989300,4990875,0.036809705
gene:BU24DRAFT_417823,gene:BU24DRAFT_417823,ML978066,4991052,4995438,0.0003630481
gene:BU24DRAFT_417824,gene:BU24DRAFT_417824,ML978066,4995548,4997213,0.000118404205
gene:BU24DRAFT_488449,gene:BU24DRAFT_488449,ML978066,4997389,5002559,4.7405734e-05
gene:BU24DRAFT_458059,gene:BU24DRAFT_458059,ML978066,5003315,5003941,9.1609174e-05
gene:BU24DRAFT_384700,gene:BU24DRAFT_384700,ML978066,5004471,5005948,7.196419e-05
gene:BU24DRAFT_405073,gene:BU24DRAFT_405073,ML978066,5007538,5008403,0.00013177488
gene:BU24DRAFT_39286,gene:BU24DRAFT_39286,ML978066,5008894,5009420,0.00011705706
gene:BU24DRAFT_405074,gene:BU24DRAFT_405074,ML978066,5009544,5011112,9.0399735e-05
gene:BU24DRAFT_471314,gene:BU24DRAFT_471314,ML978066,5016172,5016909,0.000115906994
gene:BU24DRAFT_339480,gene:BU24DRAFT_339480,ML978066,5017784,5018791,0.00018310812
gene:BU24DRAFT_458064,gene:BU24DRAFT_458064,ML978066,5020097,5022236,7.686901e-05
gene:BU24DRAFT_384711,gene:BU24DRAFT_384711,ML978066,5022121,5026027,8.42855e-05
gene:BU24DRAFT_417830,gene:BU24DRAFT_417830,ML978066,5025829,5026704,0.00016172048
gene:BU24DRAFT_417831,gene:BU24DRAFT_417831,ML978066,5026831,5029665,4.375469e-05
gene:BU24DRAFT_384720,gene:BU24DRAFT_384720,ML978066,5035223,5036734,0.0062396578
gene:BU24DRAFT_384722,gene:BU24DRAFT_384722,ML978066,5038295,5039006,0.00035757106
gene:BU24DRAFT_315345,gene:BU24DRAFT_315345,ML978066,5041033,5041971,0.00011952959
gene:BU24DRAFT_417833,gene:BU24DRAFT_417833,ML978066,5045325,5046819,0.00012253522
gene:BU24DRAFT_405085,gene:BU24DRAFT_405085,ML978066,5047401,5048273,8.590541e-05
gene:BU24DRAFT_488460,gene:BU24DRAFT_488460,ML978066,5050259,5052061,3.6031975e-05
gene:BU24DRAFT_488461,gene:BU24DRAFT_488461,ML978066,5052125,5055782,5.9528338e-05
gene:BU24DRAFT_417836,gene:BU24DRAFT_417836,ML978066,5056651,5058374,8.559515e-05
gene:BU24DRAFT_363308,gene:BU24DRAFT_363308,ML978066,5058489,5060259,9.168547e-05
gene:BU24DRAFT_417837,gene:BU24DRAFT_417837,ML978066,5060396,5060985,4.616223e-05
gene:BU24DRAFT_417840,gene:BU24DRAFT_417840,ML978066,5061167,5062496,0.000101620964
gene:BU24DRAFT_39478,gene:BU24DRAFT_39478,ML978066,5062973,5064285,0.00013310155
gene:BU24DRAFT_417842,gene:BU24DRAFT_417842,ML978066,5066055,5067454,0.00012274958
gene:BU24DRAFT_447038,gene:BU24DRAFT_447038,ML978066,5067599,5068764,0.0039862916
gene:BU24DRAFT_458083,gene:BU24DRAFT_458083,ML978066,5069741,5070604,0.0002825329
gene:BU24DRAFT_326008,gene:BU24DRAFT_326008,ML978066,5071355,5080789,5.0711147e-05
gene:BU24DRAFT_471333,gene:BU24DRAFT_471333,ML978066,5085747,5088182,6.229078e-05
gene:BU24DRAFT_471337,gene:BU24DRAFT_471337,ML978066,5088258,5090761,5.0168117e-05
gene:BU24DRAFT_488470,gene:BU24DRAFT_488470,ML978066,5093200,5094190,0.00012158557
gene:BU24DRAFT_417845,gene:BU24DRAFT_417845,ML978066,5094363,5098304,7.30672e-05
gene:BU24DRAFT_417846,gene:BU24DRAFT_417846,ML978066,5098766,5100664,8.855007e-05
gene:BU24DRAFT_384749,gene:BU24DRAFT_384749,ML978066,5100878,5101845,8.646887e-05
gene:BU24DRAFT_417849,gene:BU24DRAFT_417849,ML978066,5102136,5105101,6.2500956e-05
gene:BU24DRAFT_384753,gene:BU24DRAFT_384753,ML978066,5105304,5107082,9.275577e-05
gene:BU24DRAFT_417850,gene:BU24DRAFT_417850,ML978066,5107130,5110533,5.727841e-05
gene:BU24DRAFT_39609,gene:BU24DRAFT_39609,ML978066,5110997,5111551,0.00011556941
gene:BU24DRAFT_458094,gene:BU24DRAFT_458094,ML978066,5111852,5114569,0.00012453164
gene:BU24DRAFT_363336,gene:BU24DRAFT_363336,ML978066,5116517,5117262,0.00034495938
gene:BU24DRAFT_458096,gene:BU24DRAFT_458096,ML978066,5118045,5119006,0.00012430333
gene:BU24DRAFT_384761,gene:BU24DRAFT_384761,ML978066,5120431,5122651,7.5705866e-05
gene:BU24DRAFT_471359,gene:BU24DRAFT_471359,ML978066,5126217,5127904,6.571917e-05
gene:BU24DRAFT_405109,gene:BU24DRAFT_405109,ML978066,5128125,5129507,6.599528e-05
gene:BU24DRAFT_405110,gene:BU24DRAFT_405110,ML978066,5130454,5132073,7.960803e-05
gene:BU24DRAFT_458101,gene:BU24DRAFT_458101,ML978066,5132731,5134472,0.00013747759
gene:BU24DRAFT_417859,gene:BU24DRAFT_417859,ML978066,5134957,5136860,0.00020546124
gene:BU24DRAFT_458103,gene:BU24DRAFT_458103,ML978066,5138379,5139691,0.00028729183
gene:BU24DRAFT_363348,gene:BU24DRAFT_363348,ML978066,5139341,5143368,0.0011947667
gene:BU24DRAFT_430615,gene:BU24DRAFT_430615,ML978066,5144035,5145060,0.0057805465
gene:BU24DRAFT_417867,gene:BU24DRAFT_417867,ML978066,5152387,5153094,0.00069541327
gene:BU24DRAFT_417868,gene:BU24DRAFT_417868,ML978066,5154774,5157107,0.0008673586
gene:BU24DRAFT_417870,gene:BU24DRAFT_417870,ML978066,5157093,5158653,0.0014162362
gene:BU24DRAFT_339780,gene:BU24DRAFT_339780,ML978066,5159116,5159304,0.008712367
gene:BU24DRAFT_471381,gene:BU24DRAFT_471381,ML978066,5159594,5164253,0.25553823
gene:BU24DRAFT_458110,gene:BU24DRAFT_458110,ML978066,5164888,5166809,0.23162167
gene:BU24DRAFT_471385,gene:BU24DRAFT_471385,ML978066,5168198,5169898,0.21936186
gene:BU24DRAFT_458112,gene:BU24DRAFT_458112,ML978066,5171158,5172379,0.15213114
gene:BU24DRAFT_488487,gene:BU24DRAFT_488487,ML978066,5172784,5173359,0.005614109
gene:BU24DRAFT_384783,gene:BU24DRAFT_384783,ML978066,5173240,5174647,0.0006174274
gene:BU24DRAFT_405125,gene:BU24DRAFT_405125,ML978066,5175322,5177160,0.0003085302
gene:BU24DRAFT_417875,gene:BU24DRAFT_417875,ML978066,5179178,5181361,0.0004334735
gene:BU24DRAFT_447059,gene:BU24DRAFT_447059,ML978066,5181576,5183160,6.932611e-05
gene:BU24DRAFT_430624,gene:BU24DRAFT_430624,ML978066,5183785,5185770,4.9018974e-05
gene:BU24DRAFT_384801,gene:BU24DRAFT_384801,ML978066,5186364,5194435,4.1128897e-05
gene:BU24DRAFT_313329,gene:BU24DRAFT_313329,ML978066,5195840,5196667,7.565195e-05
gene:BU24DRAFT_488495,gene:BU24DRAFT_488495,ML978066,5196998,5200544,6.339939e-05
gene:BU24DRAFT_417880,gene:BU24DRAFT_417880,ML978066,5200608,5202932,4.9456557e-05
gene:BU24DRAFT_40659,gene:BU24DRAFT_40659,ML978066,5204951,5205802,0.00014355416
gene:BU24DRAFT_405133,gene:BU24DRAFT_405133,ML978066,5206203,5207330,0.00023471107
gene:BU24DRAFT_339564,gene:BU24DRAFT_339564,ML978066,5209408,5209945,0.00013157529
gene:BU24DRAFT_338637,gene:BU24DRAFT_338637,ML978066,5210728,5212573,0.00013026771
gene:BU24DRAFT_40737,gene:BU24DRAFT_40737,ML978066,5214096,5214759,3.800569e-05
gene:BU24DRAFT_430635,gene:BU24DRAFT_430635,ML978066,5216333,5217860,2.8813085e-05
gene:BU24DRAFT_417892,gene:BU24DRAFT_417892,ML978066,5218084,5219610,0.00022642208
gene:BU24DRAFT_363405,gene:BU24DRAFT_363405,ML978066,5219930,5221668,0.0032381932
gene:BU24DRAFT_417894,gene:BU24DRAFT_417894,ML978066,5221888,5223987,0.005559555
gene:BU24DRAFT_488505,gene:BU24DRAFT_488505,ML978066,5224147,5228306,0.00014532289
gene:BU24DRAFT_439007,gene:BU24DRAFT_439007,ML978066,5229486,5232216,0.0001099608
gene:BU24DRAFT_338769,gene:BU24DRAFT_338769,ML978066,5233095,5235758,6.35105e-05
gene:BU24DRAFT_417899,gene:BU24DRAFT_417899,ML978066,5238905,5240498,3.2547377e-05
gene:BU24DRAFT_417902,gene:BU24DRAFT_417902,ML978066,5241469,5242752,0.00019157825
gene:BU24DRAFT_417903,gene:BU24DRAFT_417903,ML978066,5242616,5243919,8.386529e-05
gene:BU24DRAFT_417904,gene:BU24DRAFT_417904,ML978066,5244811,5246000,6.125986e-05
gene:BU24DRAFT_417905,gene:BU24DRAFT_417905,ML978066,5246124,5250175,6.838239e-05
gene:BU24DRAFT_405146,gene:BU24DRAFT_405146,ML978066,5251927,5252600,0.00035152215
gene:BU24DRAFT_417911,gene:BU24DRAFT_417911,ML978066,5252803,5254499,0.00015677222
gene:BU24DRAFT_417912,gene:BU24DRAFT_417912,ML978066,5254150,5254991,8.096648e-05
gene:BU24DRAFT_332765,gene:BU24DRAFT_332765,ML978066,5257382,5259151,4.24089e-05
gene:BU24DRAFT_430647,gene:BU24DRAFT_430647,ML978066,5260178,5260885,8.9508525e-05
gene:BU24DRAFT_384862,gene:BU24DRAFT_384862,ML978066,5261107,5263444,6.1537336e-05
gene:BU24DRAFT_337261,gene:BU24DRAFT_337261,ML978066,5263641,5264980,5.381096e-05
gene:BU24DRAFT_41462,gene:BU24DRAFT_41462,ML978066,5265170,5267357,5.3899537e-05
gene:BU24DRAFT_417916,gene:BU24DRAFT_417916,ML978066,5267372,5268951,4.3396405e-05
gene:BU24DRAFT_417918,gene:BU24DRAFT_417918,ML978066,5269292,5270684,8.42706e-05
gene:BU24DRAFT_458146,gene:BU24DRAFT_458146,ML978066,5270354,5271922,6.166452e-05
gene:BU24DRAFT_405156,gene:BU24DRAFT_405156,ML978066,5274179,5278625,4.5397064e-05
gene:BU24DRAFT_337702,gene:BU24DRAFT_337702,ML978066,5279200,5280143,9.6039694e-05
gene:BU24DRAFT_41508,gene:BU24DRAFT_41508,ML978066,5281447,5282530,0.0001596865
gene:BU24DRAFT_417924,gene:BU24DRAFT_417924,ML978066,5283287,5284640,9.2757175e-05
gene:BU24DRAFT_41770,gene:BU24DRAFT_41770,ML978066,5284961,5286031,0.000111695794
gene:BU24DRAFT_417926,gene:BU24DRAFT_417926,ML978066,5286182,5287482,7.7288336e-05
gene:BU24DRAFT_405162,gene:BU24DRAFT_405162,ML978066,5288124,5290380,9.610164e-05
gene:BU24DRAFT_458154,gene:BU24DRAFT_458154,ML978066,5290707,5291132,0.00017635533
gene:BU24DRAFT_41871,gene:BU24DRAFT_41871,ML978066,5292240,5292858,0.00014599558
gene:BU24DRAFT_41887,gene:BU24DRAFT_41887,ML978066,5295744,5296748,7.848794e-05
gene:BU24DRAFT_41891,gene:BU24DRAFT_41891,ML978066,5298620,5299628,6.86578e-05
gene:BU24DRAFT_439026,gene:BU24DRAFT_439026,ML978066,5302005,5304335,0.00012075195
gene:BU24DRAFT_41920,gene:BU24DRAFT_41920,ML978066,5303895,5304709,0.00014897149
gene:BU24DRAFT_458156,gene:BU24DRAFT_458156,ML978066,5305376,5307109,0.00016124704
gene:BU24DRAFT_458157,gene:BU24DRAFT_458157,ML978066,5309466,5310077,0.00019271857
gene:BU24DRAFT_458158,gene:BU24DRAFT_458158,ML978066,5310591,5311424,0.00012586145
gene:BU24DRAFT_447100,gene:BU24DRAFT_447100,ML978066,5311851,5314648,0.00013557663
gene:BU24DRAFT_42049,gene:BU24DRAFT_42049,ML978066,5315007,5316676,0.00011438393
gene:BU24DRAFT_405172,gene:BU24DRAFT_405172,ML978066,5316814,5317592,0.00010925249
gene:BU24DRAFT_458161,gene:BU24DRAFT_458161,ML978066,5319669,5320881,7.257981e-05
gene:BU24DRAFT_363482,gene:BU24DRAFT_363482,ML978066,5321877,5326088,5.7638066e-05
gene:BU24DRAFT_42130,gene:BU24DRAFT_42130,ML978066,5327731,5328326,0.00011808946
gene:BU24DRAFT_384905,gene:BU24DRAFT_384905,ML978066,5327997,5329731,0.00025248816
gene:BU24DRAFT_447106,gene:BU24DRAFT_447106,ML978066,5329973,5331970,0.00027148862
gene:BU24DRAFT_417943,gene:BU24DRAFT_417943,ML978066,5333009,5334940,0.00021027555
gene:BU24DRAFT_417945,gene:BU24DRAFT_417945,ML978066,5336329,5337478,5.342077e-05
gene:BU24DRAFT_488541,gene:BU24DRAFT_488541,ML978066,5337804,5338882,2.5555859e-05
gene:BU24DRAFT_42247,gene:BU24DRAFT_42247,ML978066,5339529,5342209,3.678222e-05
gene:BU24DRAFT_458170,gene:BU24DRAFT_458170,ML978066,5343046,5343614,6.2336636e-05
gene:BU24DRAFT_458171,gene:BU24DRAFT_458171,ML978066,5344469,5345773,6.948063e-05
gene:BU24DRAFT_337714,gene:BU24DRAFT_337714,ML978066,5346677,5348476,4.009916e-05
gene:BU24DRAFT_439038,gene:BU24DRAFT_439038,ML978066,5350476,5351242,7.288493e-05
gene:BU24DRAFT_363508,gene:BU24DRAFT_363508,ML978066,5351881,5353427,0.000117247306
gene:BU24DRAFT_42282,gene:BU24DRAFT_42282,ML978066,5355418,5359539,7.1400726e-05
gene:BU24DRAFT_405186,gene:BU24DRAFT_405186,ML978066,5364190,5365183,0.00014629163
gene:BU24DRAFT_417955,gene:BU24DRAFT_417955,ML978066,5365450,5366059,0.00011761862
gene:BU24DRAFT_42358,gene:BU24DRAFT_42358,ML978066,5367257,5367992,9.884397e-05
gene:BU24DRAFT_417957,gene:BU24DRAFT_417957,ML978066,5368249,5368969,9.2588474e-05
gene:BU24DRAFT_42362,gene:BU24DRAFT_42362,ML978066,5369519,5370485,0.00013191944
gene:BU24DRAFT_42540,gene:BU24DRAFT_42540,ML978066,5373333,5373968,0.00021069757
gene:BU24DRAFT_439043,gene:BU24DRAFT_439043,ML978066,5377364,5379164,0.00024783358
gene:BU24DRAFT_384945,gene:BU24DRAFT_384945,ML978066,5379889,5381163,0.00080377806
gene:BU24DRAFT_384947,gene:BU24DRAFT_384947,ML978066,5381294,5382861,0.0015716113
gene:BU24DRAFT_430677,gene:BU24DRAFT_430677,ML978066,5387607,5388344,9.7161486e-05
gene:BU24DRAFT_42863,gene:BU24DRAFT_42863,ML978066,5389550,5391042,0.00012496211
gene:BU24DRAFT_42868,gene:BU24DRAFT_42868,ML978066,5392978,5393737,0.00016016624
gene:BU24DRAFT_43029,gene:BU24DRAFT_43029,ML978066,5396005,5396403,0.00010737616
gene:BU24DRAFT_417968,gene:BU24DRAFT_417968,ML978066,5396090,5398158,7.46879e-05
gene:BU24DRAFT_339639,gene:BU24DRAFT_339639,ML978066,5399994,5400704,4.1009695e-05
gene:BU24DRAFT_417970,gene:BU24DRAFT_417970,ML978066,5400909,5402327,5.096694e-05
gene:BU24DRAFT_417972,gene:BU24DRAFT_417972,ML978066,5402382,5404259,6.309778e-05
gene:BU24DRAFT_417973,gene:BU24DRAFT_417973,ML978066,5404457,5405402,8.3710824e-05
gene:BU24DRAFT_43129,gene:BU24DRAFT_43129,ML978066,5406827,5408274,5.25045e-05
gene:BU24DRAFT_43208,gene:BU24DRAFT_43208,ML978066,5409380,5411559,3.9593466e-05
gene:BU24DRAFT_417983,gene:BU24DRAFT_417983,ML978066,5417123,5417607,8.210766e-05
gene:BU24DRAFT_337168,gene:BU24DRAFT_337168,ML978066,5418262,5420377,0.00027629145
gene:BU24DRAFT_339881,gene:BU24DRAFT_339881,ML978066,5424155,5425932,0.0009420198
gene:BU24DRAFT_458191,gene:BU24DRAFT_458191,ML978066,5426789,5428487,0.08243624
gene:BU24DRAFT_338231,gene:BU24DRAFT_338231,ML978066,5428998,5429831,0.110243894
gene:BU24DRAFT_338519,gene:BU24DRAFT_338519,ML978066,5430047,5431735,0.00031205997
gene:BU24DRAFT_338104,gene:BU24DRAFT_338104,ML978066,5432859,5433239,6.11439e-05
gene:BU24DRAFT_471504,gene:BU24DRAFT_471504,ML978066,5435066,5435845,7.015619e-05
gene:BU24DRAFT_417989,gene:BU24DRAFT_417989,ML978066,5436128,5447826,3.973025e-05
gene:BU24DRAFT_337134,gene:BU24DRAFT_337134,ML978066,5448762,5449851,6.116806e-05
gene:BU24DRAFT_43452,gene:BU24DRAFT_43452,ML978066,5454248,5456415,5.5902965e-05
gene:BU24DRAFT_405210,gene:BU24DRAFT_405210,ML978066,5460631,5461338,0.00013670408
gene:BU24DRAFT_417992,gene:BU24DRAFT_417992,ML978066,5462112,5463891,0.00036204106
gene:BU24DRAFT_43477,gene:BU24DRAFT_43477,ML978066,5464459,5465483,0.0037341136
gene:BU24DRAFT_417993,gene:BU24DRAFT_417993,ML978066,5466076,5467045,0.0017137378
gene:BU24DRAFT_488572,gene:BU24DRAFT_488572,ML978066,5467752,5469879,0.0026562915
gene:BU24DRAFT_339413,gene:BU24DRAFT_339413,ML978066,5470726,5471822,0.01081545
gene:BU24DRAFT_488573,gene:BU24DRAFT_488573,ML978066,5472440,5473633,0.032856643
gene:BU24DRAFT_417995,gene:BU24DRAFT_417995,ML978066,5474479,5475498,0.26960778
gene:BU24DRAFT_43513,gene:BU24DRAFT_43513,ML978066,5475425,5477156,0.34361398
gene:BU24DRAFT_363586,gene:BU24DRAFT_363586,ML978066,5477196,5478160,0.287068
gene:BU24DRAFT_43543,gene:BU24DRAFT_43543,ML978066,5478145,5480959,0.36648265
gene:BU24DRAFT_43552,gene:BU24DRAFT_43552,ML978066,5482108,5482767,0.19157715
gene:BU24DRAFT_43551,gene:BU24DRAFT_43551,ML978066,5482769,5484229,0.11504041
gene:BU24DRAFT_458211,gene:BU24DRAFT_458211,ML978066,5486877,5487600,0.03548475
gene:BU24DRAFT_430699,gene:BU24DRAFT_430699,ML978066,5488749,5491393,0.0001816289
gene:BU24DRAFT_471531,gene:BU24DRAFT_471531,ML978066,5492683,5493531,8.355598e-05
gene:BU24DRAFT_471533,gene:BU24DRAFT_471533,ML978066,5494681,5496518,9.53624e-05
gene:BU24DRAFT_447147,gene:BU24DRAFT_447147,ML978066,5496558,5497823,0.00012104711
gene:BU24DRAFT_418004,gene:BU24DRAFT_418004,ML978066,5498089,5499274,7.015047e-05
gene:BU24DRAFT_447149,gene:BU24DRAFT_447149,ML978066,5499412,5501630,4.8874605e-05
gene:BU24DRAFT_471534,gene:BU24DRAFT_471534,ML978066,5504959,5506083,9.283388e-05
gene:BU24DRAFT_418006,gene:BU24DRAFT_418006,ML978066,5508141,5510441,7.39028e-05
gene:BU24DRAFT_458220,gene:BU24DRAFT_458220,ML978066,5510474,5511163,0.00012759841
gene:BU24DRAFT_458221,gene:BU24DRAFT_458221,ML978066,5511457,5513538,0.00018750195
gene:BU24DRAFT_458222,gene:BU24DRAFT_458222,ML978066,5515543,5516355,0.0001355881
gene:BU24DRAFT_418009,gene:BU24DRAFT_418009,ML978066,5516404,5517496,8.183049e-05
gene:BU24DRAFT_363614,gene:BU24DRAFT_363614,ML978066,5517614,5520320,4.0696184e-05
gene:BU24DRAFT_385036,gene:BU24DRAFT_385036,ML978066,5520541,5522118,0.00010819494
gene:BU24DRAFT_43662,gene:BU24DRAFT_43662,ML978066,5522693,5523941,0.0001096539
gene:BU24DRAFT_337125,gene:BU24DRAFT_337125,ML978066,5524266,5524763,9.977317e-05
gene:BU24DRAFT_339681,gene:BU24DRAFT_339681,ML978066,5525164,5525926,7.620383e-05
gene:BU24DRAFT_418018,gene:BU24DRAFT_418018,ML978066,5526540,5527756,7.248588e-05
gene:BU24DRAFT_458230,gene:BU24DRAFT_458230,ML978066,5528223,5529517,5.5252647e-05
gene:BU24DRAFT_471537,gene:BU24DRAFT_471537,ML978066,5529418,5531121,6.6495035e-05
gene:BU24DRAFT_458232,gene:BU24DRAFT_458232,ML978066,5531258,5531783,9.564913e-05
gene:BU24DRAFT_471539,gene:BU24DRAFT_471539,ML978066,5532322,5533464,0.0001196655
gene:BU24DRAFT_439074,gene:BU24DRAFT_439074,ML978066,5537989,5539707,0.00076407345
gene:BU24DRAFT_363636,gene:BU24DRAFT_363636,ML978066,5539809,5541785,0.00043014888
gene:BU24DRAFT_488598,gene:BU24DRAFT_488598,ML978066,5542416,5544220,0.000944681
gene:BU24DRAFT_338881,gene:BU24DRAFT_338881,ML978066,5544336,5545906,0.003116171
gene:BU24DRAFT_338306,gene:BU24DRAFT_338306,ML978066,5547123,5548261,0.005268287
gene:BU24DRAFT_471551,gene:BU24DRAFT_471551,ML978066,5548369,5550061,0.0017369017
gene:BU24DRAFT_405251,gene:BU24DRAFT_405251,ML978066,5551322,5553010,0.0010402831
gene:BU24DRAFT_363646,gene:BU24DRAFT_363646,ML978066,5555259,5557741,0.00049077376
gene:BU24DRAFT_418024,gene:BU24DRAFT_418024,ML978066,5560557,5563182,0.000108721644
gene:BU24DRAFT_44140,gene:BU24DRAFT_44140,ML978066,5564258,5566370,6.775962e-05
gene:BU24DRAFT_418026,gene:BU24DRAFT_418026,ML978066,5566780,5568039,5.682293e-05
gene:BU24DRAFT_418027,gene:BU24DRAFT_418027,ML978066,5567822,5569222,5.1993007e-05
gene:BU24DRAFT_471559,gene:BU24DRAFT_471559,ML978066,5569913,5573343,1.9581077e-05
gene:BU24DRAFT_488606,gene:BU24DRAFT_488606,ML978066,5574058,5576599,5.8752485e-05
gene:BU24DRAFT_430725,gene:BU24DRAFT_430725,ML978066,5577231,5578427,5.258901e-05
gene:BU24DRAFT_418030,gene:BU24DRAFT_418030,ML978066,5579349,5579878,0.00014026398
gene:BU24DRAFT_430726,gene:BU24DRAFT_430726,ML978066,5580813,5582639,0.00019394154
gene:BU24DRAFT_339463,gene:BU24DRAFT_339463,ML978066,5584401,5585925,0.00046938704
gene:BU24DRAFT_363674,gene:BU24DRAFT_363674,ML978066,5586705,5587998,0.0006592986
gene:BU24DRAFT_363679,gene:BU24DRAFT_363679,ML978066,5588180,5589610,0.0071606073
gene:BU24DRAFT_458253,gene:BU24DRAFT_458253,ML978066,5591020,5592069,0.0008911972
gene:BU24DRAFT_439091,gene:BU24DRAFT_439091,ML978066,5594276,5597414,0.0011238876
gene:BU24DRAFT_488615,gene:BU24DRAFT_488615,ML978066,5598412,5599472,0.022659136
gene:BU24DRAFT_488616,gene:BU24DRAFT_488616,ML978066,5600024,5601086,0.00076638744
gene:BU24DRAFT_340268,gene:BU24DRAFT_340268,ML978066,5601369,5602832,0.00025548076
gene:BU24DRAFT_418037,gene:BU24DRAFT_418037,ML978066,5603102,5604325,9.3123606e-05
gene:BU24DRAFT_418038,gene:BU24DRAFT_418038,ML978066,5604430,5605802,0.0020353019
gene:BU24DRAFT_488620,gene:BU24DRAFT_488620,ML978066,5606405,5608803,0.012022067
gene:BU24DRAFT_339894,gene:BU24DRAFT_339894,ML978066,5609315,5609608,0.0020847586
gene:BU24DRAFT_471603,gene:BU24DRAFT_471603,ML978066,5610176,5612238,0.012114583
gene:BU24DRAFT_471605,gene:BU24DRAFT_471605,ML978066,5613015,5614967,0.012306955
gene:BU24DRAFT_471606,gene:BU24DRAFT_471606,ML978066,5615243,5616441,0.0063450485
gene:BU24DRAFT_418039,gene:BU24DRAFT_418039,ML978066,5616857,5618009,0.0034442493
gene:BU24DRAFT_418040,gene:BU24DRAFT_418040,ML978066,5618003,5618718,0.0014087812
gene:BU24DRAFT_339854,gene:BU24DRAFT_339854,ML978066,5619526,5621037,0.00049339514
gene:BU24DRAFT_338131,gene:BU24DRAFT_338131,ML978066,5621776,5622916,0.00055838894
gene:BU24DRAFT_488624,gene:BU24DRAFT_488624,ML978066,5623452,5625321,0.00048798468
gene:BU24DRAFT_447188,gene:BU24DRAFT_447188,ML978066,5625861,5627487,0.00038614194
gene:BU24DRAFT_439102,gene:BU24DRAFT_439102,ML978066,5627728,5628827,0.00014388806
gene:BU24DRAFT_418045,gene:BU24DRAFT_418045,ML978066,5628812,5631485,0.0011425395
gene:BU24DRAFT_458274,gene:BU24DRAFT_458274,ML978066,5633182,5634864,7.0309216e-05
gene:BU24DRAFT_418046,gene:BU24DRAFT_418046,ML978066,5636608,5637973,4.8096666e-05
gene:BU24DRAFT_363736,gene:BU24DRAFT_363736,ML978066,5639272,5641280,3.0854273e-05
gene:BU24DRAFT_418049,gene:BU24DRAFT_418049,ML978066,5641175,5642574,5.352546e-05
gene:BU24DRAFT_44463,gene:BU24DRAFT_44463,ML978066,5643490,5647880,0.00022537526
gene:BU24DRAFT_471629,gene:BU24DRAFT_471629,ML978066,5649071,5650543,0.002688828
gene:BU24DRAFT_405289,gene:BU24DRAFT_405289,ML978066,5650668,5653527,0.14247715
gene:BU24DRAFT_338244,gene:BU24DRAFT_338244,ML978066,5654562,5662604,0.996875
gene:BU24DRAFT_447199,gene:BU24DRAFT_447199,ML978066,5663899,5665777,0.9841776
gene:BU24DRAFT_447200,gene:BU24DRAFT_447200,ML978066,5666277,5668084,0.9965908
gene:BU24DRAFT_439112,gene:BU24DRAFT_439112,ML978066,5668382,5670042,0.9949821
gene:BU24DRAFT_363755,gene:BU24DRAFT_363755,ML978066,5671478,5672301,0.94289696
gene:BU24DRAFT_471647,gene:BU24DRAFT_471647,ML978066,5672502,5673251,0.483037
gene:BU24DRAFT_471649,gene:BU24DRAFT_471649,ML978066,5674268,5675423,0.21994188
gene:BU24DRAFT_447203,gene:BU24DRAFT_447203,ML978066,5676146,5677575,0.3454733
gene:BU24DRAFT_488641,gene:BU24DRAFT_488641,ML978066,5678540,5679102,0.012945078
gene:BU24DRAFT_471652,gene:BU24DRAFT_471652,ML978066,5679690,5682014,0.0021077795
gene:BU24DRAFT_339333,gene:BU24DRAFT_339333,ML978066,5682891,5683664,0.0009561168
