gene_id,pep_id,contig,start,end,pred_score
gene:BU24DRAFT_416053,gene:BU24DRAFT_416053,ML978066,774,2306,0.000956215
gene:BU24DRAFT_445593,gene:BU24DRAFT_445593,ML978066,9625,11341,0.00019223966
gene:BU24DRAFT_360743,gene:BU24DRAFT_360743,ML978066,13342,14862,8.503978e-05
gene:BU24DRAFT_360745,gene:BU24DRAFT_360745,ML978066,15702,17711,5.818461e-05
gene:BU24DRAFT_469135,gene:BU24DRAFT_469135,ML978066,17732,19365,4.5287077e-05
gene:BU24DRAFT_403463,gene:BU24DRAFT_403463,ML978066,20584,21846,5.9565908e-05
gene:BU24DRAFT_469138,gene:BU24DRAFT_469138,ML978066,22952,24294,0.00025996674
gene:BU24DRAFT_416056,gene:BU24DRAFT_416056,ML978066,24417,25933,0.00050273817
gene:BU24DRAFT_445598,gene:BU24DRAFT_445598,ML978066,26222,27556,0.00017542993
gene:BU24DRAFT_429519,gene:BU24DRAFT_429519,ML978066,28503,30152,5.1629453e-05
gene:BU24DRAFT_127,gene:BU24DRAFT_127,ML978066,31625,32522,7.502468e-05
gene:BU24DRAFT_437989,gene:BU24DRAFT_437989,ML978066,33180,34529,0.00012228893
gene:BU24DRAFT_469144,gene:BU24DRAFT_469144,ML978066,35511,37753,9.307927e-05
gene:BU24DRAFT_360763,gene:BU24DRAFT_360763,ML978066,38591,40065,0.00014942096
gene:BU24DRAFT_416061,gene:BU24DRAFT_416061,ML978066,41389,42889,0.00043654675
gene:BU24DRAFT_416062,gene:BU24DRAFT_416062,ML978066,43298,44214,0.0007121582
gene:BU24DRAFT_416063,gene:BU24DRAFT_416063,ML978066,47994,50259,0.00083778484
gene:BU24DRAFT_205,gene:BU24DRAFT_205,ML978066,55582,57345,0.0010014201
gene:BU24DRAFT_187,gene:BU24DRAFT_187,ML978066,57346,58163,0.00078831427
gene:BU24DRAFT_188,gene:BU24DRAFT_188,ML978066,58164,60002,0.0007938537
gene:BU24DRAFT_339661,gene:BU24DRAFT_339661,ML978066,60778,61608,0.0006464783
gene:BU24DRAFT_469146,gene:BU24DRAFT_469146,ML978066,66434,67156,0.00018511715
gene:BU24DRAFT_416067,gene:BU24DRAFT_416067,ML978066,68469,70175,0.00014382557
gene:BU24DRAFT_316530,gene:BU24DRAFT_316530,ML978066,70562,71332,0.00017532114
gene:BU24DRAFT_416069,gene:BU24DRAFT_416069,ML978066,75105,76171,0.00010941168
gene:BU24DRAFT_456447,gene:BU24DRAFT_456447,ML978066,76412,77295,6.716618e-05
gene:BU24DRAFT_382221,gene:BU24DRAFT_382221,ML978066,77590,80107,8.8543915e-05
gene:BU24DRAFT_352,gene:BU24DRAFT_352,ML978066,80214,81408,7.474705e-05
gene:BU24DRAFT_416073,gene:BU24DRAFT_416073,ML978066,82431,84549,4.964536e-05
gene:BU24DRAFT_456451,gene:BU24DRAFT_456451,ML978066,84721,85305,5.3574364e-05
gene:BU24DRAFT_360792,gene:BU24DRAFT_360792,ML978066,87137,89015,8.331791e-05
gene:BU24DRAFT_338955,gene:BU24DRAFT_338955,ML978066,89513,92598,0.00010960393
gene:BU24DRAFT_413,gene:BU24DRAFT_413,ML978066,92747,94973,6.270782e-05
gene:BU24DRAFT_416076,gene:BU24DRAFT_416076,ML978066,99985,101978,7.1378556e-05
gene:BU24DRAFT_463,gene:BU24DRAFT_463,ML978066,105050,106619,9.418862e-05
gene:BU24DRAFT_469155,gene:BU24DRAFT_469155,ML978066,106511,108438,4.1693915e-05
gene:BU24DRAFT_416080,gene:BU24DRAFT_416080,ML978066,108613,109410,8.51414e-05
gene:BU24DRAFT_382242,gene:BU24DRAFT_382242,ML978066,109332,110744,5.777115e-05
gene:BU24DRAFT_456460,gene:BU24DRAFT_456460,ML978066,111631,112068,9.590476e-05
gene:BU24DRAFT_456461,gene:BU24DRAFT_456461,ML978066,113303,113750,0.00017155867
gene:BU24DRAFT_416084,gene:BU24DRAFT_416084,ML978066,113945,115562,0.00013296725
gene:BU24DRAFT_416085,gene:BU24DRAFT_416085,ML978066,115517,116259,0.00014276389
gene:BU24DRAFT_456464,gene:BU24DRAFT_456464,ML978066,116209,117641,0.0001142595
gene:BU24DRAFT_360822,gene:BU24DRAFT_360822,ML978066,117732,118841,7.9356716e-05
gene:BU24DRAFT_489,gene:BU24DRAFT_489,ML978066,117734,118093,8.935413e-05
gene:BU24DRAFT_456466,gene:BU24DRAFT_456466,ML978066,119329,120825,6.962777e-05
gene:BU24DRAFT_619,gene:BU24DRAFT_619,ML978066,122340,124995,7.656925e-05
gene:BU24DRAFT_403502,gene:BU24DRAFT_403502,ML978066,125483,126033,0.00012696299
gene:BU24DRAFT_686,gene:BU24DRAFT_686,ML978066,126917,129498,0.0001740472
gene:BU24DRAFT_487023,gene:BU24DRAFT_487023,ML978066,129605,135241,0.0010131805
gene:BU24DRAFT_429543,gene:BU24DRAFT_429543,ML978066,136190,138469,0.02469234
gene:BU24DRAFT_445630,gene:BU24DRAFT_445630,ML978066,140026,142242,0.15099424
gene:BU24DRAFT_438011,gene:BU24DRAFT_438011,ML978066,143071,144922,0.124513395
gene:BU24DRAFT_429546,gene:BU24DRAFT_429546,ML978066,145478,146359,0.010810208
gene:BU24DRAFT_469168,gene:BU24DRAFT_469168,ML978066,147560,149191,0.0017676105
gene:BU24DRAFT_339115,gene:BU24DRAFT_339115,ML978066,149351,150746,0.0006351818
gene:BU24DRAFT_403511,gene:BU24DRAFT_403511,ML978066,152469,152974,0.00012218386
gene:BU24DRAFT_445635,gene:BU24DRAFT_445635,ML978066,153226,155434,4.205818e-05
gene:BU24DRAFT_339297,gene:BU24DRAFT_339297,ML978066,156130,157239,0.00010188162
gene:BU24DRAFT_416094,gene:BU24DRAFT_416094,ML978066,156917,158416,6.449991e-05
gene:BU24DRAFT_360858,gene:BU24DRAFT_360858,ML978066,158534,159375,0.0001330879
gene:BU24DRAFT_416096,gene:BU24DRAFT_416096,ML978066,159286,161875,4.5790322e-05
gene:BU24DRAFT_788,gene:BU24DRAFT_788,ML978066,163436,164607,0.00010643391
gene:BU24DRAFT_789,gene:BU24DRAFT_789,ML978066,164608,166502,6.413528e-05
gene:BU24DRAFT_416099,gene:BU24DRAFT_416099,ML978066,168831,169488,0.00012924659
gene:BU24DRAFT_403518,gene:BU24DRAFT_403518,ML978066,170449,171203,9.43265e-05
gene:BU24DRAFT_836,gene:BU24DRAFT_836,ML978066,174043,174731,0.000116477204
gene:BU24DRAFT_892,gene:BU24DRAFT_892,ML978066,177531,182650,0.00010286642
gene:BU24DRAFT_891,gene:BU24DRAFT_891,ML978066,182651,183228,0.00013486369
gene:BU24DRAFT_416106,gene:BU24DRAFT_416106,ML978066,183574,185423,0.00013273513
gene:BU24DRAFT_487039,gene:BU24DRAFT_487039,ML978066,188383,190097,0.0001302015
gene:BU24DRAFT_416108,gene:BU24DRAFT_416108,ML978066,190471,191278,8.395593e-05
gene:BU24DRAFT_403523,gene:BU24DRAFT_403523,ML978066,191794,193932,7.17707e-05
gene:BU24DRAFT_382300,gene:BU24DRAFT_382300,ML978066,194430,197354,0.00023555043
gene:BU24DRAFT_469180,gene:BU24DRAFT_469180,ML978066,197657,199218,0.00026839593
gene:BU24DRAFT_487043,gene:BU24DRAFT_487043,ML978066,199938,201643,0.004566218
gene:BU24DRAFT_429559,gene:BU24DRAFT_429559,ML978066,202151,204346,0.005653167
gene:BU24DRAFT_952,gene:BU24DRAFT_952,ML978066,205160,205644,0.00015318295
gene:BU24DRAFT_429560,gene:BU24DRAFT_429560,ML978066,207089,209346,0.00017662735
gene:BU24DRAFT_339173,gene:BU24DRAFT_339173,ML978066,210691,210882,0.00020292177
gene:BU24DRAFT_487045,gene:BU24DRAFT_487045,ML978066,211735,213307,0.0005347467
gene:BU24DRAFT_382310,gene:BU24DRAFT_382310,ML978066,213824,214484,0.00035952107
gene:BU24DRAFT_438025,gene:BU24DRAFT_438025,ML978066,214868,216105,0.0002641401
gene:BU24DRAFT_338474,gene:BU24DRAFT_338474,ML978066,217313,219084,0.00022868442
gene:BU24DRAFT_990,gene:BU24DRAFT_990,ML978066,220172,222645,0.00012608535
gene:BU24DRAFT_360888,gene:BU24DRAFT_360888,ML978066,222795,224023,0.00071012933
gene:BU24DRAFT_487051,gene:BU24DRAFT_487051,ML978066,224186,226075,3.7387697e-05
gene:BU24DRAFT_403538,gene:BU24DRAFT_403538,ML978066,227180,229447,3.3560467e-05
gene:BU24DRAFT_982,gene:BU24DRAFT_982,ML978066,233201,234429,0.00012782948
gene:BU24DRAFT_416118,gene:BU24DRAFT_416118,ML978066,236496,238049,3.9239516e-05
gene:BU24DRAFT_469204,gene:BU24DRAFT_469204,ML978066,240970,241931,0.00014372854
gene:BU24DRAFT_416119,gene:BU24DRAFT_416119,ML978066,241875,243245,6.213947e-05
gene:BU24DRAFT_445661,gene:BU24DRAFT_445661,ML978066,243679,244635,0.0029476534
gene:BU24DRAFT_1062,gene:BU24DRAFT_1062,ML978066,244631,247229,0.00033825968
gene:BU24DRAFT_469206,gene:BU24DRAFT_469206,ML978066,250974,251408,9.444357e-05
gene:BU24DRAFT_456511,gene:BU24DRAFT_456511,ML978066,252518,253417,0.00010142626
gene:BU24DRAFT_382346,gene:BU24DRAFT_382346,ML978066,253845,257649,4.940522e-05
gene:BU24DRAFT_382348,gene:BU24DRAFT_382348,ML978066,257259,257835,6.124156e-05
gene:BU24DRAFT_360917,gene:BU24DRAFT_360917,ML978066,258023,261942,0.00040905178
gene:BU24DRAFT_360921,gene:BU24DRAFT_360921,ML978066,261844,263765,0.0040689786
gene:BU24DRAFT_469208,gene:BU24DRAFT_469208,ML978066,265420,267395,0.00068862684
gene:BU24DRAFT_403551,gene:BU24DRAFT_403551,ML978066,268233,268793,0.00011011054
gene:BU24DRAFT_469218,gene:BU24DRAFT_469218,ML978066,269089,270321,5.5901666e-05
gene:BU24DRAFT_416126,gene:BU24DRAFT_416126,ML978066,270611,273366,5.4306547e-05
gene:BU24DRAFT_416127,gene:BU24DRAFT_416127,ML978066,273247,274566,3.8789945e-05
gene:BU24DRAFT_339265,gene:BU24DRAFT_339265,ML978066,274904,277114,2.8094311e-05
gene:BU24DRAFT_403556,gene:BU24DRAFT_403556,ML978066,280007,280406,3.5054276e-05
gene:BU24DRAFT_416132,gene:BU24DRAFT_416132,ML978066,281654,282043,6.6976136e-05
gene:BU24DRAFT_416133,gene:BU24DRAFT_416133,ML978066,282073,283769,6.895658e-05
gene:BU24DRAFT_1487,gene:BU24DRAFT_1487,ML978066,285542,287270,4.984615e-05
gene:BU24DRAFT_382373,gene:BU24DRAFT_382373,ML978066,288227,290129,5.6910987e-05
gene:BU24DRAFT_416137,gene:BU24DRAFT_416137,ML978066,290028,291082,0.00020429306
gene:BU24DRAFT_1437,gene:BU24DRAFT_1437,ML978066,291162,291767,8.4986495e-05
gene:BU24DRAFT_382381,gene:BU24DRAFT_382381,ML978066,292465,296167,6.1194965e-05
gene:BU24DRAFT_1496,gene:BU24DRAFT_1496,ML978066,296040,296867,7.3489966e-05
gene:BU24DRAFT_487072,gene:BU24DRAFT_487072,ML978066,297347,298951,8.1222206e-05
gene:BU24DRAFT_403563,gene:BU24DRAFT_403563,ML978066,301549,303282,5.3955948e-05
gene:BU24DRAFT_416141,gene:BU24DRAFT_416141,ML978066,303624,305143,4.2862783e-05
gene:BU24DRAFT_1530,gene:BU24DRAFT_1530,ML978066,306325,308261,6.259509e-05
gene:BU24DRAFT_416144,gene:BU24DRAFT_416144,ML978066,308299,311266,2.6133997e-05
gene:BU24DRAFT_360963,gene:BU24DRAFT_360963,ML978066,311729,313374,2.8634386e-05
gene:BU24DRAFT_416147,gene:BU24DRAFT_416147,ML978066,313430,315057,7.60391e-05
gene:BU24DRAFT_312244,gene:BU24DRAFT_312244,ML978066,315112,317048,0.00024856118
gene:BU24DRAFT_403570,gene:BU24DRAFT_403570,ML978066,318826,321925,0.00021484488
gene:BU24DRAFT_416152,gene:BU24DRAFT_416152,ML978066,323561,325287,0.00026593485
gene:BU24DRAFT_487082,gene:BU24DRAFT_487082,ML978066,325677,328157,0.00045613287
gene:BU24DRAFT_337745,gene:BU24DRAFT_337745,ML978066,328227,332664,0.0005116361
gene:BU24DRAFT_438057,gene:BU24DRAFT_438057,ML978066,333151,334990,0.000314158
gene:BU24DRAFT_429598,gene:BU24DRAFT_429598,ML978066,337159,338012,0.00016117685
gene:BU24DRAFT_487085,gene:BU24DRAFT_487085,ML978066,338320,339391,3.3319895e-05
gene:BU24DRAFT_416157,gene:BU24DRAFT_416157,ML978066,339235,340383,4.6494788e-05
gene:BU24DRAFT_456543,gene:BU24DRAFT_456543,ML978066,340771,343445,3.3552173e-05
gene:BU24DRAFT_487088,gene:BU24DRAFT_487088,ML978066,344268,345235,8.394517e-05
gene:BU24DRAFT_416160,gene:BU24DRAFT_416160,ML978066,345676,346319,3.9103474e-05
gene:BU24DRAFT_416161,gene:BU24DRAFT_416161,ML978066,346685,347508,7.345284e-05
gene:BU24DRAFT_340043,gene:BU24DRAFT_340043,ML978066,349039,351036,5.832849e-05
gene:BU24DRAFT_416164,gene:BU24DRAFT_416164,ML978066,352018,353639,7.962897e-05
gene:BU24DRAFT_403585,gene:BU24DRAFT_403585,ML978066,353945,355565,0.0001839721
gene:BU24DRAFT_487094,gene:BU24DRAFT_487094,ML978066,356217,357085,0.00013102872
gene:BU24DRAFT_469246,gene:BU24DRAFT_469246,ML978066,357553,358432,8.58666e-05
gene:BU24DRAFT_403588,gene:BU24DRAFT_403588,ML978066,359659,360767,0.0001184225
gene:BU24DRAFT_1973,gene:BU24DRAFT_1973,ML978066,366562,367158,0.0001182255
gene:BU24DRAFT_456553,gene:BU24DRAFT_456553,ML978066,368099,369636,6.2210354e-05
gene:BU24DRAFT_1984,gene:BU24DRAFT_1984,ML978066,369786,370546,0.00012220613
gene:BU24DRAFT_1989,gene:BU24DRAFT_1989,ML978066,370546,371148,9.3113646e-05
gene:BU24DRAFT_403590,gene:BU24DRAFT_403590,ML978066,372674,375363,0.00011602841
gene:BU24DRAFT_403591,gene:BU24DRAFT_403591,ML978066,376088,377493,0.00016941164
gene:BU24DRAFT_456556,gene:BU24DRAFT_456556,ML978066,378553,379964,0.00047027707
gene:BU24DRAFT_403593,gene:BU24DRAFT_403593,ML978066,380442,381918,0.00246604
gene:BU24DRAFT_416169,gene:BU24DRAFT_416169,ML978066,382292,383793,0.013027221
gene:BU24DRAFT_456559,gene:BU24DRAFT_456559,ML978066,384747,385360,0.047719333
gene:BU24DRAFT_438063,gene:BU24DRAFT_438063,ML978066,386501,388399,0.3350081
gene:BU24DRAFT_456561,gene:BU24DRAFT_456561,ML978066,388903,389962,0.31669214
gene:BU24DRAFT_469263,gene:BU24DRAFT_469263,ML978066,390399,391449,0.3071534
gene:BU24DRAFT_456563,gene:BU24DRAFT_456563,ML978066,391854,392771,0.27815223
gene:BU24DRAFT_445705,gene:BU24DRAFT_445705,ML978066,393712,396150,0.27638322
gene:BU24DRAFT_487101,gene:BU24DRAFT_487101,ML978066,396327,398359,0.1847002
gene:BU24DRAFT_445707,gene:BU24DRAFT_445707,ML978066,398896,401357,0.22120172
gene:BU24DRAFT_382431,gene:BU24DRAFT_382431,ML978066,402365,403996,0.080926105
gene:BU24DRAFT_416179,gene:BU24DRAFT_416179,ML978066,405705,408665,0.01157684
gene:BU24DRAFT_403604,gene:BU24DRAFT_403604,ML978066,408872,409861,0.0051547424
gene:BU24DRAFT_456570,gene:BU24DRAFT_456570,ML978066,411344,412169,0.00041411602
gene:BU24DRAFT_2139,gene:BU24DRAFT_2139,ML978066,412389,413909,4.8071586e-05
gene:BU24DRAFT_456572,gene:BU24DRAFT_456572,ML978066,415029,416285,4.566884e-05
gene:BU24DRAFT_456573,gene:BU24DRAFT_456573,ML978066,417008,417811,4.5936475e-05
gene:BU24DRAFT_469266,gene:BU24DRAFT_469266,ML978066,417925,419303,6.252965e-05
gene:BU24DRAFT_487108,gene:BU24DRAFT_487108,ML978066,419788,421695,0.00011827076
gene:BU24DRAFT_2212,gene:BU24DRAFT_2212,ML978066,421576,423244,0.0014972872
gene:BU24DRAFT_416185,gene:BU24DRAFT_416185,ML978066,424148,426325,0.0009303944
gene:BU24DRAFT_403612,gene:BU24DRAFT_403612,ML978066,426142,426883,0.00017464157
gene:BU24DRAFT_456578,gene:BU24DRAFT_456578,ML978066,427961,428924,7.545789e-05
gene:BU24DRAFT_456579,gene:BU24DRAFT_456579,ML978066,429212,430915,0.00020098023
gene:BU24DRAFT_438072,gene:BU24DRAFT_438072,ML978066,431920,435903,0.00036312247
gene:BU24DRAFT_382439,gene:BU24DRAFT_382439,ML978066,436031,438584,0.0043715416
gene:BU24DRAFT_403616,gene:BU24DRAFT_403616,ML978066,439512,440684,0.00019345706
gene:BU24DRAFT_416191,gene:BU24DRAFT_416191,ML978066,440989,442726,5.4535358e-05
gene:BU24DRAFT_445722,gene:BU24DRAFT_445722,ML978066,442839,443955,9.53708e-05
gene:BU24DRAFT_416192,gene:BU24DRAFT_416192,ML978066,444146,445072,5.951089e-05
gene:BU24DRAFT_403620,gene:BU24DRAFT_403620,ML978066,445540,445866,7.355111e-05
gene:BU24DRAFT_2362,gene:BU24DRAFT_2362,ML978066,446258,449605,5.3488922e-05
gene:BU24DRAFT_456586,gene:BU24DRAFT_456586,ML978066,450427,451129,0.00016663106
gene:BU24DRAFT_2316,gene:BU24DRAFT_2316,ML978066,451873,455572,0.000112636604
gene:BU24DRAFT_403624,gene:BU24DRAFT_403624,ML978066,455995,458108,0.00020959097
gene:BU24DRAFT_416195,gene:BU24DRAFT_416195,ML978066,457996,459257,0.009782594
gene:BU24DRAFT_438079,gene:BU24DRAFT_438079,ML978066,459519,460797,0.00020455703
gene:BU24DRAFT_382457,gene:BU24DRAFT_382457,ML978066,460953,462647,7.343797e-05
gene:BU24DRAFT_456592,gene:BU24DRAFT_456592,ML978066,463969,466000,0.0001480161
gene:BU24DRAFT_337939,gene:BU24DRAFT_337939,ML978066,467472,471197,4.9152142e-05
gene:BU24DRAFT_429625,gene:BU24DRAFT_429625,ML978066,471983,473751,9.376071e-05
gene:BU24DRAFT_487127,gene:BU24DRAFT_487127,ML978066,475385,477064,9.4709256e-05
gene:BU24DRAFT_416204,gene:BU24DRAFT_416204,ML978066,477470,478144,7.676601e-05
gene:BU24DRAFT_416205,gene:BU24DRAFT_416205,ML978066,478321,480642,5.2456697e-05
gene:BU24DRAFT_487130,gene:BU24DRAFT_487130,ML978066,480759,482376,0.00016089214
gene:BU24DRAFT_416207,gene:BU24DRAFT_416207,ML978066,482850,483655,0.000105842
gene:BU24DRAFT_416208,gene:BU24DRAFT_416208,ML978066,484068,486016,9.053795e-05
gene:BU24DRAFT_456601,gene:BU24DRAFT_456601,ML978066,486847,489705,4.7888996e-05
gene:BU24DRAFT_2563,gene:BU24DRAFT_2563,ML978066,492834,494245,0.000112936534
gene:BU24DRAFT_2599,gene:BU24DRAFT_2599,ML978066,496199,497246,7.9175086e-05
gene:BU24DRAFT_456603,gene:BU24DRAFT_456603,ML978066,497397,500776,4.774546e-05
gene:BU24DRAFT_416213,gene:BU24DRAFT_416213,ML978066,501412,503847,5.008837e-05
gene:BU24DRAFT_338566,gene:BU24DRAFT_338566,ML978066,504584,507332,3.7910424e-05
gene:BU24DRAFT_403643,gene:BU24DRAFT_403643,ML978066,508255,509951,8.825662e-05
gene:BU24DRAFT_416215,gene:BU24DRAFT_416215,ML978066,511082,512885,0.00013086866
gene:BU24DRAFT_487139,gene:BU24DRAFT_487139,ML978066,513079,514336,5.766937e-05
gene:BU24DRAFT_416217,gene:BU24DRAFT_416217,ML978066,514515,516360,7.265872e-05
gene:BU24DRAFT_339098,gene:BU24DRAFT_339098,ML978066,516805,522881,0.00013455914
gene:BU24DRAFT_403648,gene:BU24DRAFT_403648,ML978066,524496,525256,0.00012550855
gene:BU24DRAFT_416220,gene:BU24DRAFT_416220,ML978066,525189,527434,9.82888e-05
gene:BU24DRAFT_416221,gene:BU24DRAFT_416221,ML978066,527587,529322,7.657584e-05
gene:BU24DRAFT_416222,gene:BU24DRAFT_416222,ML978066,529500,531211,0.00016654274
gene:BU24DRAFT_438095,gene:BU24DRAFT_438095,ML978066,531198,532498,0.00011510399
gene:BU24DRAFT_456615,gene:BU24DRAFT_456615,ML978066,532736,534637,0.00017183117
gene:BU24DRAFT_403653,gene:BU24DRAFT_403653,ML978066,535027,536094,0.00015391225
gene:BU24DRAFT_416224,gene:BU24DRAFT_416224,ML978066,537167,538545,7.41282e-05
gene:BU24DRAFT_2868,gene:BU24DRAFT_2868,ML978066,539610,540394,0.00014456343
gene:BU24DRAFT_416225,gene:BU24DRAFT_416225,ML978066,540511,542753,9.8660574e-05
gene:BU24DRAFT_469315,gene:BU24DRAFT_469315,ML978066,543067,544375,0.00013921599
gene:BU24DRAFT_469317,gene:BU24DRAFT_469317,ML978066,544653,545759,0.00015363842
gene:BU24DRAFT_416226,gene:BU24DRAFT_416226,ML978066,546073,547726,0.00018104013
gene:BU24DRAFT_2925,gene:BU24DRAFT_2925,ML978066,551335,553243,4.898841e-05
gene:BU24DRAFT_2967,gene:BU24DRAFT_2967,ML978066,554018,554362,0.00022794743
gene:BU24DRAFT_2987,gene:BU24DRAFT_2987,ML978066,558153,558554,0.00014609087
gene:BU24DRAFT_456622,gene:BU24DRAFT_456622,ML978066,561182,562419,0.00017545493
gene:BU24DRAFT_445761,gene:BU24DRAFT_445761,ML978066,563897,566215,0.0001363001
gene:BU24DRAFT_416232,gene:BU24DRAFT_416232,ML978066,566176,566827,0.00011534968
gene:BU24DRAFT_416233,gene:BU24DRAFT_416233,ML978066,568719,571252,0.00015822863
gene:BU24DRAFT_416234,gene:BU24DRAFT_416234,ML978066,572725,573770,0.00012524448
gene:BU24DRAFT_3052,gene:BU24DRAFT_3052,ML978066,575919,576722,0.00012589575
gene:BU24DRAFT_340056,gene:BU24DRAFT_340056,ML978066,577714,580660,9.834202e-05
gene:BU24DRAFT_445766,gene:BU24DRAFT_445766,ML978066,580965,582314,4.2050993e-05
gene:BU24DRAFT_438100,gene:BU24DRAFT_438100,ML978066,583219,584914,7.576869e-05
gene:BU24DRAFT_416239,gene:BU24DRAFT_416239,ML978066,584932,588157,6.38302e-05
gene:BU24DRAFT_416240,gene:BU24DRAFT_416240,ML978066,588290,591024,0.00017079874
gene:BU24DRAFT_361071,gene:BU24DRAFT_361071,ML978066,591237,594039,0.00024063046
gene:BU24DRAFT_3199,gene:BU24DRAFT_3199,ML978066,594715,596034,0.08081858
gene:BU24DRAFT_3198,gene:BU24DRAFT_3198,ML978066,596035,598644,0.00013092418
gene:BU24DRAFT_403672,gene:BU24DRAFT_403672,ML978066,599494,600392,0.00015071894
gene:BU24DRAFT_416246,gene:BU24DRAFT_416246,ML978066,601594,605286,3.121253e-05
gene:BU24DRAFT_456636,gene:BU24DRAFT_456636,ML978066,605632,609113,3.8553724e-05
gene:BU24DRAFT_3353,gene:BU24DRAFT_3353,ML978066,610835,611204,0.00010410858
gene:BU24DRAFT_445776,gene:BU24DRAFT_445776,ML978066,611103,613488,0.00020321696
gene:BU24DRAFT_469342,gene:BU24DRAFT_469342,ML978066,614770,616304,0.00033175084
gene:BU24DRAFT_469346,gene:BU24DRAFT_469346,ML978066,616979,618882,0.000113842056
gene:BU24DRAFT_382519,gene:BU24DRAFT_382519,ML978066,619140,620623,0.00045361716
gene:BU24DRAFT_445779,gene:BU24DRAFT_445779,ML978066,621414,622487,0.0027733443
gene:BU24DRAFT_403681,gene:BU24DRAFT_403681,ML978066,622816,623252,0.038068995
gene:BU24DRAFT_382525,gene:BU24DRAFT_382525,ML978066,623987,626555,0.15603405
gene:BU24DRAFT_456643,gene:BU24DRAFT_456643,ML978066,627696,629415,0.09150572
gene:BU24DRAFT_438112,gene:BU24DRAFT_438112,ML978066,633489,636240,0.0017290558
gene:BU24DRAFT_416255,gene:BU24DRAFT_416255,ML978066,636712,637697,0.00014332058
gene:BU24DRAFT_487173,gene:BU24DRAFT_487173,ML978066,638093,643121,3.5886274e-05
gene:BU24DRAFT_487174,gene:BU24DRAFT_487174,ML978066,643493,644824,0.00012982187
gene:BU24DRAFT_382532,gene:BU24DRAFT_382532,ML978066,645172,646981,0.00033204805
gene:BU24DRAFT_3503,gene:BU24DRAFT_3503,ML978066,648224,649612,0.00025969258
gene:BU24DRAFT_416260,gene:BU24DRAFT_416260,ML978066,650288,653602,0.00051301956
gene:BU24DRAFT_3587,gene:BU24DRAFT_3587,ML978066,656459,657516,0.00020433147
gene:BU24DRAFT_339596,gene:BU24DRAFT_339596,ML978066,657452,658464,0.0001460416
gene:BU24DRAFT_361110,gene:BU24DRAFT_361110,ML978066,661898,665059,4.59939e-05
gene:BU24DRAFT_487181,gene:BU24DRAFT_487181,ML978066,665345,667213,3.5829926e-05
gene:BU24DRAFT_469370,gene:BU24DRAFT_469370,ML978066,669149,670314,6.132658e-05
gene:BU24DRAFT_429662,gene:BU24DRAFT_429662,ML978066,670760,674500,0.00012083729
gene:BU24DRAFT_429664,gene:BU24DRAFT_429664,ML978066,677801,679537,0.00013433465
gene:BU24DRAFT_416271,gene:BU24DRAFT_416271,ML978066,681565,681994,0.0003757616
gene:BU24DRAFT_487187,gene:BU24DRAFT_487187,ML978066,686538,687705,0.003302331
gene:BU24DRAFT_487188,gene:BU24DRAFT_487188,ML978066,688626,690127,0.00051772426
gene:BU24DRAFT_416274,gene:BU24DRAFT_416274,ML978066,690459,692015,5.824958e-05
gene:BU24DRAFT_487190,gene:BU24DRAFT_487190,ML978066,692650,694690,0.00012245437
gene:BU24DRAFT_456664,gene:BU24DRAFT_456664,ML978066,694984,697734,5.7137393e-05
gene:BU24DRAFT_3892,gene:BU24DRAFT_3892,ML978066,698188,698815,9.593552e-05
gene:BU24DRAFT_3891,gene:BU24DRAFT_3891,ML978066,698816,699966,7.048306e-05
gene:BU24DRAFT_337748,gene:BU24DRAFT_337748,ML978066,700310,702096,0.0001161278
gene:BU24DRAFT_456668,gene:BU24DRAFT_456668,ML978066,705445,706046,6.3069536e-05
gene:BU24DRAFT_339032,gene:BU24DRAFT_339032,ML978066,707444,709214,0.00015905325
gene:BU24DRAFT_3916,gene:BU24DRAFT_3916,ML978066,710593,714298,0.00019072482
gene:BU24DRAFT_3956,gene:BU24DRAFT_3956,ML978066,714609,716147,0.00012231771
gene:BU24DRAFT_3983,gene:BU24DRAFT_3983,ML978066,716485,716996,0.00013148112
gene:BU24DRAFT_416282,gene:BU24DRAFT_416282,ML978066,716644,718184,6.203634e-05
gene:BU24DRAFT_416283,gene:BU24DRAFT_416283,ML978066,718179,721206,9.568495e-05
gene:BU24DRAFT_4200,gene:BU24DRAFT_4200,ML978066,721927,724055,0.00023089592
gene:BU24DRAFT_403713,gene:BU24DRAFT_403713,ML978066,724434,726401,6.5729255e-05
gene:BU24DRAFT_469398,gene:BU24DRAFT_469398,ML978066,728325,729396,0.00012001257
gene:BU24DRAFT_403715,gene:BU24DRAFT_403715,ML978066,730425,731585,0.0002949591
gene:BU24DRAFT_4287,gene:BU24DRAFT_4287,ML978066,731918,733088,0.00015422425
gene:BU24DRAFT_416291,gene:BU24DRAFT_416291,ML978066,733145,733877,0.00022484665
gene:BU24DRAFT_4305,gene:BU24DRAFT_4305,ML978066,733783,734705,0.00015065461
gene:BU24DRAFT_416294,gene:BU24DRAFT_416294,ML978066,735079,735992,7.987662e-05
gene:BU24DRAFT_4395,gene:BU24DRAFT_4395,ML978066,736166,738962,0.00015314146
gene:BU24DRAFT_4439,gene:BU24DRAFT_4439,ML978066,741684,745602,0.00012235343
gene:BU24DRAFT_416297,gene:BU24DRAFT_416297,ML978066,747535,749569,7.995554e-05
gene:BU24DRAFT_416299,gene:BU24DRAFT_416299,ML978066,749787,751532,8.440196e-05
gene:BU24DRAFT_403723,gene:BU24DRAFT_403723,ML978066,752228,754032,5.83993e-05
gene:BU24DRAFT_416301,gene:BU24DRAFT_416301,ML978066,756800,758214,0.0001651575
gene:BU24DRAFT_429677,gene:BU24DRAFT_429677,ML978066,758415,761519,7.092408e-05
gene:BU24DRAFT_416306,gene:BU24DRAFT_416306,ML978066,762071,762371,7.862623e-05
gene:BU24DRAFT_4883,gene:BU24DRAFT_4883,ML978066,766232,767870,7.294696e-05
gene:BU24DRAFT_338569,gene:BU24DRAFT_338569,ML978066,771766,774081,6.200761e-05
gene:BU24DRAFT_445823,gene:BU24DRAFT_445823,ML978066,774273,775858,7.68918e-05
gene:BU24DRAFT_416311,gene:BU24DRAFT_416311,ML978066,777017,778311,0.00010585314
gene:BU24DRAFT_4938,gene:BU24DRAFT_4938,ML978066,778279,779896,4.881296e-05
gene:BU24DRAFT_340202,gene:BU24DRAFT_340202,ML978066,781296,784519,0.00013613017
gene:BU24DRAFT_403732,gene:BU24DRAFT_403732,ML978066,789762,790853,0.00015369922
gene:BU24DRAFT_456693,gene:BU24DRAFT_456693,ML978066,791804,793771,0.00043605428
gene:BU24DRAFT_4959,gene:BU24DRAFT_4959,ML978066,794213,796391,0.00012346411
gene:BU24DRAFT_361156,gene:BU24DRAFT_361156,ML978066,799003,806019,8.2242186e-05
gene:BU24DRAFT_445830,gene:BU24DRAFT_445830,ML978066,808427,809601,0.00013911688
gene:BU24DRAFT_445831,gene:BU24DRAFT_445831,ML978066,814038,815622,0.00012298008
gene:BU24DRAFT_416321,gene:BU24DRAFT_416321,ML978066,816899,818612,8.993451e-05
gene:BU24DRAFT_403738,gene:BU24DRAFT_403738,ML978066,819180,820067,8.3997315e-05
gene:BU24DRAFT_5468,gene:BU24DRAFT_5468,ML978066,821086,823729,0.00014973333
gene:BU24DRAFT_416324,gene:BU24DRAFT_416324,ML978066,824730,826359,0.0007649691
gene:BU24DRAFT_416325,gene:BU24DRAFT_416325,ML978066,826283,828855,0.22220889
gene:BU24DRAFT_416326,gene:BU24DRAFT_416326,ML978066,828962,830786,0.05908393
gene:BU24DRAFT_416328,gene:BU24DRAFT_416328,ML978066,831162,832642,0.0036663152
gene:BU24DRAFT_445838,gene:BU24DRAFT_445838,ML978066,832934,833856,0.00022293272
gene:BU24DRAFT_416330,gene:BU24DRAFT_416330,ML978066,834555,835219,4.7882906e-05
gene:BU24DRAFT_416331,gene:BU24DRAFT_416331,ML978066,835636,836336,0.00014122514
gene:BU24DRAFT_416332,gene:BU24DRAFT_416332,ML978066,836670,838179,0.00040628578
gene:BU24DRAFT_5604,gene:BU24DRAFT_5604,ML978066,838127,840215,0.00012562386
gene:BU24DRAFT_416334,gene:BU24DRAFT_416334,ML978066,840825,842875,9.6275005e-05
gene:BU24DRAFT_416336,gene:BU24DRAFT_416336,ML978066,845455,846929,7.939304e-05
gene:BU24DRAFT_456709,gene:BU24DRAFT_456709,ML978066,846887,847840,4.5357494e-05
gene:BU24DRAFT_5671,gene:BU24DRAFT_5671,ML978066,848062,849566,6.49695e-05
gene:BU24DRAFT_321862,gene:BU24DRAFT_321862,ML978066,850873,852384,6.763803e-05
gene:BU24DRAFT_5758,gene:BU24DRAFT_5758,ML978066,852879,855290,8.5278865e-05
gene:BU24DRAFT_416342,gene:BU24DRAFT_416342,ML978066,857886,858732,0.0002209961
gene:BU24DRAFT_5810,gene:BU24DRAFT_5810,ML978066,859733,861804,0.00010422859
gene:BU24DRAFT_403757,gene:BU24DRAFT_403757,ML978066,863569,866995,0.00013534531
gene:BU24DRAFT_5878,gene:BU24DRAFT_5878,ML978066,868010,869769,9.186434e-05
gene:BU24DRAFT_438149,gene:BU24DRAFT_438149,ML978066,870352,871864,0.00011446987
gene:BU24DRAFT_5926,gene:BU24DRAFT_5926,ML978066,874212,877064,0.00010216661
gene:BU24DRAFT_339311,gene:BU24DRAFT_339311,ML978066,878471,882720,0.00010007295
gene:BU24DRAFT_5983,gene:BU24DRAFT_5983,ML978066,883891,884683,0.00017831178
gene:BU24DRAFT_416350,gene:BU24DRAFT_416350,ML978066,884451,885972,7.35995e-05
gene:BU24DRAFT_382626,gene:BU24DRAFT_382626,ML978066,889307,891151,0.00014160556
gene:BU24DRAFT_416354,gene:BU24DRAFT_416354,ML978066,891075,892250,9.40138e-05
gene:BU24DRAFT_456721,gene:BU24DRAFT_456721,ML978066,893599,900198,5.237343e-05
gene:BU24DRAFT_416356,gene:BU24DRAFT_416356,ML978066,901961,903660,8.7275934e-05
gene:BU24DRAFT_6141,gene:BU24DRAFT_6141,ML978066,912238,913014,0.0001612821
gene:BU24DRAFT_403768,gene:BU24DRAFT_403768,ML978066,913162,914654,0.0001597622
gene:BU24DRAFT_339156,gene:BU24DRAFT_339156,ML978066,916275,918214,0.00012006863
gene:BU24DRAFT_456726,gene:BU24DRAFT_456726,ML978066,921348,921706,6.019194e-05
gene:BU24DRAFT_429713,gene:BU24DRAFT_429713,ML978066,923154,925297,4.715197e-05
gene:BU24DRAFT_6490,gene:BU24DRAFT_6490,ML978066,926221,928166,5.8762445e-05
gene:BU24DRAFT_6486,gene:BU24DRAFT_6486,ML978066,928167,929910,0.00015524513
gene:BU24DRAFT_416371,gene:BU24DRAFT_416371,ML978066,930766,932674,5.5085922e-05
gene:BU24DRAFT_456731,gene:BU24DRAFT_456731,ML978066,936967,937806,6.1601306e-05
gene:BU24DRAFT_6522,gene:BU24DRAFT_6522,ML978066,939500,940708,0.00020050677
gene:BU24DRAFT_416374,gene:BU24DRAFT_416374,ML978066,943441,944248,0.00052828295
gene:BU24DRAFT_416375,gene:BU24DRAFT_416375,ML978066,944329,945550,0.002094403
gene:BU24DRAFT_6653,gene:BU24DRAFT_6653,ML978066,945552,947453,0.0021643264
gene:BU24DRAFT_6690,gene:BU24DRAFT_6690,ML978066,947455,948404,0.00062796124
gene:BU24DRAFT_416380,gene:BU24DRAFT_416380,ML978066,953351,953751,0.00035375028
gene:BU24DRAFT_6719,gene:BU24DRAFT_6719,ML978066,955812,958790,0.00011700624
gene:BU24DRAFT_6721,gene:BU24DRAFT_6721,ML978066,959433,960365,6.52144e-05
gene:BU24DRAFT_416384,gene:BU24DRAFT_416384,ML978066,961139,962365,4.5290548e-05
gene:BU24DRAFT_469464,gene:BU24DRAFT_469464,ML978066,962888,966895,0.00026123808
gene:BU24DRAFT_416387,gene:BU24DRAFT_416387,ML978066,968565,971462,0.00018001428
gene:BU24DRAFT_403781,gene:BU24DRAFT_403781,ML978066,973493,974361,0.00013478161
gene:BU24DRAFT_6840,gene:BU24DRAFT_6840,ML978066,974456,974995,0.00022635041
gene:BU24DRAFT_6858,gene:BU24DRAFT_6858,ML978066,974996,977797,0.00073516415
gene:BU24DRAFT_445873,gene:BU24DRAFT_445873,ML978066,980066,981584,0.000107308246
gene:BU24DRAFT_382653,gene:BU24DRAFT_382653,ML978066,981753,985541,3.6173293e-05
gene:BU24DRAFT_361218,gene:BU24DRAFT_361218,ML978066,985627,987767,4.258483e-05
gene:BU24DRAFT_416395,gene:BU24DRAFT_416395,ML978066,988052,989731,8.429674e-05
gene:BU24DRAFT_487266,gene:BU24DRAFT_487266,ML978066,990374,993327,8.248417e-05
gene:BU24DRAFT_469468,gene:BU24DRAFT_469468,ML978066,993918,996480,9.5307645e-05
gene:BU24DRAFT_487268,gene:BU24DRAFT_487268,ML978066,996726,999281,0.00012403152
gene:BU24DRAFT_416397,gene:BU24DRAFT_416397,ML978066,1000249,1002629,0.000120350305
gene:BU24DRAFT_7094,gene:BU24DRAFT_7094,ML978066,1003570,1004852,0.000105669875
gene:BU24DRAFT_456751,gene:BU24DRAFT_456751,ML978066,1008184,1008873,0.00011483132
gene:BU24DRAFT_7105,gene:BU24DRAFT_7105,ML978066,1009486,1010891,9.853793e-05
gene:BU24DRAFT_7114,gene:BU24DRAFT_7114,ML978066,1011281,1012124,9.472726e-05
gene:BU24DRAFT_7135,gene:BU24DRAFT_7135,ML978066,1012126,1013123,0.000115775554
gene:BU24DRAFT_7134,gene:BU24DRAFT_7134,ML978066,1013124,1017125,6.0335715e-05
gene:BU24DRAFT_438168,gene:BU24DRAFT_438168,ML978066,1018792,1022397,0.00015837193
gene:BU24DRAFT_7192,gene:BU24DRAFT_7192,ML978066,1022060,1022509,0.0010477446
gene:BU24DRAFT_7207,gene:BU24DRAFT_7207,ML978066,1027048,1032231,0.21185948
gene:BU24DRAFT_7241,gene:BU24DRAFT_7241,ML978066,1034382,1035811,0.033202987
gene:BU24DRAFT_456757,gene:BU24DRAFT_456757,ML978066,1036646,1037892,0.024138216
gene:BU24DRAFT_416410,gene:BU24DRAFT_416410,ML978066,1038007,1039649,0.029665146
gene:BU24DRAFT_7539,gene:BU24DRAFT_7539,ML978066,1040479,1042197,0.00042443076
gene:BU24DRAFT_361245,gene:BU24DRAFT_361245,ML978066,1042570,1044846,9.819042e-05
gene:BU24DRAFT_403801,gene:BU24DRAFT_403801,ML978066,1045039,1045524,0.000104678664
gene:BU24DRAFT_416414,gene:BU24DRAFT_416414,ML978066,1045520,1046777,9.748811e-05
gene:BU24DRAFT_361248,gene:BU24DRAFT_361248,ML978066,1046911,1048647,8.683658e-05
gene:BU24DRAFT_469487,gene:BU24DRAFT_469487,ML978066,1049077,1050431,0.0010865745
gene:BU24DRAFT_487284,gene:BU24DRAFT_487284,ML978066,1051058,1056784,5.0117018e-05
gene:BU24DRAFT_469489,gene:BU24DRAFT_469489,ML978066,1061641,1063104,4.6993555e-05
gene:BU24DRAFT_7630,gene:BU24DRAFT_7630,ML978066,1063442,1064591,0.000108951666
gene:BU24DRAFT_7643,gene:BU24DRAFT_7643,ML978066,1065005,1065992,5.868706e-05
gene:BU24DRAFT_456769,gene:BU24DRAFT_456769,ML978066,1066654,1067391,0.00014593666
gene:BU24DRAFT_339509,gene:BU24DRAFT_339509,ML978066,1074785,1078073,0.000100847705
gene:BU24DRAFT_469493,gene:BU24DRAFT_469493,ML978066,1078425,1080240,0.000102551254
gene:BU24DRAFT_469497,gene:BU24DRAFT_469497,ML978066,1080869,1081818,0.00013346189
gene:BU24DRAFT_487290,gene:BU24DRAFT_487290,ML978066,1082298,1082843,0.0008150019
gene:BU24DRAFT_487291,gene:BU24DRAFT_487291,ML978066,1082896,1084194,0.0004623432
gene:BU24DRAFT_361252,gene:BU24DRAFT_361252,ML978066,1084734,1087601,0.00010413971
gene:BU24DRAFT_7702,gene:BU24DRAFT_7702,ML978066,1088125,1088789,0.0001150032
gene:BU24DRAFT_7716,gene:BU24DRAFT_7716,ML978066,1088790,1090010,0.00012308982
gene:BU24DRAFT_382693,gene:BU24DRAFT_382693,ML978066,1090677,1093180,7.671795e-05
gene:BU24DRAFT_337493,gene:BU24DRAFT_337493,ML978066,1094031,1096196,3.987157e-05
gene:BU24DRAFT_416426,gene:BU24DRAFT_416426,ML978066,1096723,1100448,5.8691356e-05
gene:BU24DRAFT_487297,gene:BU24DRAFT_487297,ML978066,1101033,1102132,8.691341e-05
gene:BU24DRAFT_7767,gene:BU24DRAFT_7767,ML978066,1102248,1102874,0.00019310138
gene:BU24DRAFT_382704,gene:BU24DRAFT_382704,ML978066,1103030,1107113,0.00012097436
gene:BU24DRAFT_382705,gene:BU24DRAFT_382705,ML978066,1107694,1110356,0.001415126
gene:BU24DRAFT_7834,gene:BU24DRAFT_7834,ML978066,1110988,1111468,0.0015949407
gene:BU24DRAFT_416430,gene:BU24DRAFT_416430,ML978066,1112401,1115365,0.0037518062
gene:BU24DRAFT_7904,gene:BU24DRAFT_7904,ML978066,1119787,1120367,0.00069609366
gene:BU24DRAFT_7915,gene:BU24DRAFT_7915,ML978066,1122583,1124433,0.00010444398
gene:BU24DRAFT_445911,gene:BU24DRAFT_445911,ML978066,1129137,1130682,0.00014843543
gene:BU24DRAFT_456787,gene:BU24DRAFT_456787,ML978066,1131271,1133673,3.681561e-05
gene:BU24DRAFT_445913,gene:BU24DRAFT_445913,ML978066,1134588,1137355,4.927663e-05
gene:BU24DRAFT_403829,gene:BU24DRAFT_403829,ML978066,1138612,1139340,4.7433303e-05
gene:BU24DRAFT_469526,gene:BU24DRAFT_469526,ML978066,1140510,1142314,6.3201616e-05
gene:BU24DRAFT_361280,gene:BU24DRAFT_361280,ML978066,1142187,1145308,5.8175185e-05
gene:BU24DRAFT_429738,gene:BU24DRAFT_429738,ML978066,1145587,1147827,0.000117546006
gene:BU24DRAFT_8002,gene:BU24DRAFT_8002,ML978066,1148518,1149015,6.878733e-05
gene:BU24DRAFT_403834,gene:BU24DRAFT_403834,ML978066,1149567,1151904,7.4844815e-05
gene:BU24DRAFT_487309,gene:BU24DRAFT_487309,ML978066,1152163,1154029,7.1462666e-05
gene:BU24DRAFT_8048,gene:BU24DRAFT_8048,ML978066,1153587,1154215,9.585531e-05
gene:BU24DRAFT_403836,gene:BU24DRAFT_403836,ML978066,1154048,1154892,0.00010304303
gene:BU24DRAFT_487311,gene:BU24DRAFT_487311,ML978066,1155188,1156123,6.5936474e-05
gene:BU24DRAFT_337293,gene:BU24DRAFT_337293,ML978066,1156301,1157962,0.0002523695
gene:BU24DRAFT_416447,gene:BU24DRAFT_416447,ML978066,1158535,1162135,6.98577e-05
gene:BU24DRAFT_8092,gene:BU24DRAFT_8092,ML978066,1162156,1164768,7.439447e-05
gene:BU24DRAFT_456800,gene:BU24DRAFT_456800,ML978066,1166340,1167749,4.6824538e-05
gene:BU24DRAFT_416449,gene:BU24DRAFT_416449,ML978066,1168136,1169891,7.921375e-05
gene:BU24DRAFT_416450,gene:BU24DRAFT_416450,ML978066,1170108,1171204,9.1816655e-05
gene:BU24DRAFT_416451,gene:BU24DRAFT_416451,ML978066,1171328,1174620,8.948521e-05
gene:BU24DRAFT_416452,gene:BU24DRAFT_416452,ML978066,1174541,1175949,0.0015270946
gene:BU24DRAFT_429744,gene:BU24DRAFT_429744,ML978066,1176652,1177638,0.00017349716
gene:BU24DRAFT_8228,gene:BU24DRAFT_8228,ML978066,1177801,1180437,4.4747358e-05
gene:BU24DRAFT_469554,gene:BU24DRAFT_469554,ML978066,1180761,1183447,7.3371506e-05
gene:BU24DRAFT_339550,gene:BU24DRAFT_339550,ML978066,1184599,1187916,6.763634e-05
gene:BU24DRAFT_382737,gene:BU24DRAFT_382737,ML978066,1188014,1189736,0.00070159644
gene:BU24DRAFT_416455,gene:BU24DRAFT_416455,ML978066,1189818,1190983,0.0021662174
gene:BU24DRAFT_8248,gene:BU24DRAFT_8248,ML978066,1190941,1192198,0.0003872556
gene:BU24DRAFT_416456,gene:BU24DRAFT_416456,ML978066,1192870,1194777,0.0005298009
gene:BU24DRAFT_403853,gene:BU24DRAFT_403853,ML978066,1195374,1196478,0.0028543002
gene:BU24DRAFT_456814,gene:BU24DRAFT_456814,ML978066,1196709,1197356,0.00035205702
gene:BU24DRAFT_337819,gene:BU24DRAFT_337819,ML978066,1198018,1199058,0.00012267791
gene:BU24DRAFT_416459,gene:BU24DRAFT_416459,ML978066,1199297,1202576,5.683306e-05
gene:BU24DRAFT_8335,gene:BU24DRAFT_8335,ML978066,1202733,1205604,4.2391905e-05
gene:BU24DRAFT_416460,gene:BU24DRAFT_416460,ML978066,1205752,1207452,7.192836e-05
gene:BU24DRAFT_456818,gene:BU24DRAFT_456818,ML978066,1207712,1209337,5.9689894e-05
gene:BU24DRAFT_416462,gene:BU24DRAFT_416462,ML978066,1209938,1211227,7.696134e-05
gene:BU24DRAFT_8388,gene:BU24DRAFT_8388,ML978066,1212701,1217093,0.00011373436
gene:BU24DRAFT_382758,gene:BU24DRAFT_382758,ML978066,1217524,1220715,6.714834e-05
gene:BU24DRAFT_416468,gene:BU24DRAFT_416468,ML978066,1220890,1225176,7.485308e-05
gene:BU24DRAFT_445943,gene:BU24DRAFT_445943,ML978066,1225408,1231251,9.936401e-05
gene:BU24DRAFT_416470,gene:BU24DRAFT_416470,ML978066,1231860,1234115,9.3842886e-05
gene:BU24DRAFT_339361,gene:BU24DRAFT_339361,ML978066,1234861,1238047,0.0002248432
gene:BU24DRAFT_338974,gene:BU24DRAFT_338974,ML978066,1239222,1241355,0.00085894286
gene:BU24DRAFT_469573,gene:BU24DRAFT_469573,ML978066,1242106,1243466,0.0077572498
gene:BU24DRAFT_456828,gene:BU24DRAFT_456828,ML978066,1243462,1244166,0.00063962047
gene:BU24DRAFT_429760,gene:BU24DRAFT_429760,ML978066,1245866,1247760,0.00010612399
gene:BU24DRAFT_438205,gene:BU24DRAFT_438205,ML978066,1248238,1250543,0.00015180343
gene:BU24DRAFT_416475,gene:BU24DRAFT_416475,ML978066,1251277,1252375,0.000121271
gene:BU24DRAFT_8727,gene:BU24DRAFT_8727,ML978066,1252037,1253612,0.00015463168
gene:BU24DRAFT_416480,gene:BU24DRAFT_416480,ML978066,1255310,1256559,8.529296e-05
gene:BU24DRAFT_456834,gene:BU24DRAFT_456834,ML978066,1257307,1258224,0.0002786495
gene:BU24DRAFT_469588,gene:BU24DRAFT_469588,ML978066,1259311,1261069,0.0001430781
gene:BU24DRAFT_338304,gene:BU24DRAFT_338304,ML978066,1261305,1262696,0.0003412774
gene:BU24DRAFT_8813,gene:BU24DRAFT_8813,ML978066,1264016,1264326,0.00015574008
gene:BU24DRAFT_403876,gene:BU24DRAFT_403876,ML978066,1264367,1265136,0.00016378972
gene:BU24DRAFT_469594,gene:BU24DRAFT_469594,ML978066,1265643,1266262,7.7326724e-05
gene:BU24DRAFT_416484,gene:BU24DRAFT_416484,ML978066,1266900,1267813,0.00035655644
gene:BU24DRAFT_456839,gene:BU24DRAFT_456839,ML978066,1267769,1269102,0.00063938025
gene:BU24DRAFT_487348,gene:BU24DRAFT_487348,ML978066,1269666,1271213,0.00013472688
gene:BU24DRAFT_8854,gene:BU24DRAFT_8854,ML978066,1271538,1273682,9.8544886e-05
gene:BU24DRAFT_429766,gene:BU24DRAFT_429766,ML978066,1273820,1275483,0.00028482455
gene:BU24DRAFT_403882,gene:BU24DRAFT_403882,ML978066,1275915,1278515,0.00010962898
gene:BU24DRAFT_456844,gene:BU24DRAFT_456844,ML978066,1279724,1282409,4.2410597e-05
gene:BU24DRAFT_8895,gene:BU24DRAFT_8895,ML978066,1282214,1282816,7.073442e-05
gene:BU24DRAFT_456845,gene:BU24DRAFT_456845,ML978066,1283648,1286250,5.0302944e-05
gene:BU24DRAFT_340067,gene:BU24DRAFT_340067,ML978066,1287480,1288694,5.867118e-05
gene:BU24DRAFT_416491,gene:BU24DRAFT_416491,ML978066,1289834,1292073,5.4383814e-05
gene:BU24DRAFT_416492,gene:BU24DRAFT_416492,ML978066,1291974,1293176,0.000100635625
gene:BU24DRAFT_8979,gene:BU24DRAFT_8979,ML978066,1293721,1295872,0.00073665264
gene:BU24DRAFT_8990,gene:BU24DRAFT_8990,ML978066,1296523,1299165,9.390059e-05
gene:BU24DRAFT_9010,gene:BU24DRAFT_9010,ML978066,1301734,1302714,4.7606267e-05
gene:BU24DRAFT_382802,gene:BU24DRAFT_382802,ML978066,1303463,1305533,4.939705e-05
gene:BU24DRAFT_403892,gene:BU24DRAFT_403892,ML978066,1306523,1307410,0.00012769223
gene:BU24DRAFT_469605,gene:BU24DRAFT_469605,ML978066,1308681,1311287,7.765381e-05
gene:BU24DRAFT_416497,gene:BU24DRAFT_416497,ML978066,1311783,1313399,5.805304e-05
gene:BU24DRAFT_9082,gene:BU24DRAFT_9082,ML978066,1313869,1314653,0.00020482886
gene:BU24DRAFT_9102,gene:BU24DRAFT_9102,ML978066,1318090,1318747,0.00042612062
gene:BU24DRAFT_361367,gene:BU24DRAFT_361367,ML978066,1321029,1323355,0.0005898196
gene:BU24DRAFT_416501,gene:BU24DRAFT_416501,ML978066,1326063,1330624,0.0003712466
gene:BU24DRAFT_9135,gene:BU24DRAFT_9135,ML978066,1330324,1330987,9.633667e-05
gene:BU24DRAFT_416502,gene:BU24DRAFT_416502,ML978066,1331809,1334082,4.422462e-05
gene:BU24DRAFT_9145,gene:BU24DRAFT_9145,ML978066,1334680,1336471,9.02997e-05
gene:BU24DRAFT_456860,gene:BU24DRAFT_456860,ML978066,1342084,1343918,6.86634e-05
gene:BU24DRAFT_456861,gene:BU24DRAFT_456861,ML978066,1345618,1346831,9.7332e-05
gene:BU24DRAFT_438222,gene:BU24DRAFT_438222,ML978066,1348054,1352047,5.140534e-05
gene:BU24DRAFT_361378,gene:BU24DRAFT_361378,ML978066,1353201,1355963,5.4816413e-05
gene:BU24DRAFT_445978,gene:BU24DRAFT_445978,ML978066,1356129,1357092,5.7492183e-05
gene:BU24DRAFT_416509,gene:BU24DRAFT_416509,ML978066,1357409,1358523,0.00011154035
gene:BU24DRAFT_416510,gene:BU24DRAFT_416510,ML978066,1358684,1360313,8.094705e-05
gene:BU24DRAFT_382821,gene:BU24DRAFT_382821,ML978066,1360535,1363087,5.823651e-05
gene:BU24DRAFT_416512,gene:BU24DRAFT_416512,ML978066,1365692,1368143,0.000115149196
gene:BU24DRAFT_361392,gene:BU24DRAFT_361392,ML978066,1368450,1369489,6.7862085e-05
gene:BU24DRAFT_416514,gene:BU24DRAFT_416514,ML978066,1369840,1373807,4.529797e-05
gene:BU24DRAFT_9650,gene:BU24DRAFT_9650,ML978066,1374435,1377119,5.4003795e-05
gene:BU24DRAFT_429787,gene:BU24DRAFT_429787,ML978066,1379435,1380524,0.0002780356
gene:BU24DRAFT_416516,gene:BU24DRAFT_416516,ML978066,1381124,1383139,5.6447647e-05
gene:BU24DRAFT_416517,gene:BU24DRAFT_416517,ML978066,1384184,1385328,7.453402e-05
gene:BU24DRAFT_487381,gene:BU24DRAFT_487381,ML978066,1385545,1387412,5.0317154e-05
gene:BU24DRAFT_403916,gene:BU24DRAFT_403916,ML978066,1388129,1388872,0.00010218213
gene:BU24DRAFT_416520,gene:BU24DRAFT_416520,ML978066,1389591,1391460,9.779492e-05
gene:BU24DRAFT_445992,gene:BU24DRAFT_445992,ML978066,1391533,1392167,7.7901364e-05
gene:BU24DRAFT_456878,gene:BU24DRAFT_456878,ML978066,1393008,1394025,6.1207196e-05
gene:BU24DRAFT_9760,gene:BU24DRAFT_9760,ML978066,1396581,1397914,8.1420774e-05
gene:BU24DRAFT_456880,gene:BU24DRAFT_456880,ML978066,1399579,1401492,6.670153e-05
gene:BU24DRAFT_445995,gene:BU24DRAFT_445995,ML978066,1402261,1405051,0.000193076
gene:BU24DRAFT_438236,gene:BU24DRAFT_438236,ML978066,1404989,1406892,0.00033265084
gene:BU24DRAFT_469646,gene:BU24DRAFT_469646,ML978066,1407289,1408354,0.0003781309
gene:BU24DRAFT_403925,gene:BU24DRAFT_403925,ML978066,1409008,1410103,0.00020455544
gene:BU24DRAFT_416525,gene:BU24DRAFT_416525,ML978066,1410174,1411323,0.00027525442
gene:BU24DRAFT_9918,gene:BU24DRAFT_9918,ML978066,1412891,1416336,0.014303866
gene:BU24DRAFT_338466,gene:BU24DRAFT_338466,ML978066,1417262,1418668,0.0002686312
gene:BU24DRAFT_469648,gene:BU24DRAFT_469648,ML978066,1419425,1419803,0.00075754576
gene:BU24DRAFT_416528,gene:BU24DRAFT_416528,ML978066,1419910,1421292,0.000955705
gene:BU24DRAFT_9945,gene:BU24DRAFT_9945,ML978066,1421411,1423370,9.8748176e-05
gene:BU24DRAFT_416531,gene:BU24DRAFT_416531,ML978066,1424906,1429419,8.2051425e-05
gene:BU24DRAFT_9977,gene:BU24DRAFT_9977,ML978066,1430096,1432171,5.0966082e-05
gene:BU24DRAFT_416533,gene:BU24DRAFT_416533,ML978066,1432136,1433449,7.854911e-05
gene:BU24DRAFT_438242,gene:BU24DRAFT_438242,ML978066,1436358,1438783,7.5309654e-05
gene:BU24DRAFT_416535,gene:BU24DRAFT_416535,ML978066,1438956,1440995,6.4815176e-05
gene:BU24DRAFT_416536,gene:BU24DRAFT_416536,ML978066,1440906,1444765,8.148164e-05
gene:BU24DRAFT_403938,gene:BU24DRAFT_403938,ML978066,1445037,1446727,6.744376e-05
gene:BU24DRAFT_10023,gene:BU24DRAFT_10023,ML978066,1447961,1448739,9.028805e-05
gene:BU24DRAFT_446010,gene:BU24DRAFT_446010,ML978066,1451390,1455141,0.00016672234
gene:BU24DRAFT_10138,gene:BU24DRAFT_10138,ML978066,1457522,1460275,0.0003287535
gene:BU24DRAFT_10165,gene:BU24DRAFT_10165,ML978066,1462504,1465871,7.21389e-05
gene:BU24DRAFT_429806,gene:BU24DRAFT_429806,ML978066,1469508,1474519,5.5827968e-05
gene:BU24DRAFT_416544,gene:BU24DRAFT_416544,ML978066,1475631,1478297,5.652112e-05
gene:BU24DRAFT_361442,gene:BU24DRAFT_361442,ML978066,1479005,1480449,8.073965e-05
gene:BU24DRAFT_469662,gene:BU24DRAFT_469662,ML978066,1480526,1482118,0.00022483965
gene:BU24DRAFT_487407,gene:BU24DRAFT_487407,ML978066,1482461,1484732,0.00039567662
gene:BU24DRAFT_416545,gene:BU24DRAFT_416545,ML978066,1484991,1486179,4.5926474e-05
gene:BU24DRAFT_456907,gene:BU24DRAFT_456907,ML978066,1486224,1486903,0.00018839198
gene:BU24DRAFT_340010,gene:BU24DRAFT_340010,ML978066,1488588,1492108,5.1729876e-05
gene:BU24DRAFT_416547,gene:BU24DRAFT_416547,ML978066,1492594,1495115,3.9030867e-05
gene:BU24DRAFT_416548,gene:BU24DRAFT_416548,ML978066,1495160,1496954,6.701082e-05
gene:BU24DRAFT_456911,gene:BU24DRAFT_456911,ML978066,1498229,1499995,5.144125e-05
gene:BU24DRAFT_429813,gene:BU24DRAFT_429813,ML978066,1501325,1503419,3.9285384e-05
gene:BU24DRAFT_10390,gene:BU24DRAFT_10390,ML978066,1509903,1510871,0.00015117222
gene:BU24DRAFT_416553,gene:BU24DRAFT_416553,ML978066,1511146,1511665,0.0012923422
gene:BU24DRAFT_403953,gene:BU24DRAFT_403953,ML978066,1515156,1516715,0.0079652425
gene:BU24DRAFT_469667,gene:BU24DRAFT_469667,ML978066,1517901,1518721,0.004831741
gene:BU24DRAFT_456916,gene:BU24DRAFT_456916,ML978066,1519292,1521148,0.0011351787
gene:BU24DRAFT_416555,gene:BU24DRAFT_416555,ML978066,1521475,1523004,5.4197066e-05
gene:BU24DRAFT_10411,gene:BU24DRAFT_10411,ML978066,1523345,1525367,3.9610648e-05
gene:BU24DRAFT_10412,gene:BU24DRAFT_10412,ML978066,1525368,1527167,0.0001030324
gene:BU24DRAFT_487418,gene:BU24DRAFT_487418,ML978066,1527375,1528803,0.00017140115
gene:BU24DRAFT_416557,gene:BU24DRAFT_416557,ML978066,1528846,1529859,0.0001761713
gene:BU24DRAFT_416559,gene:BU24DRAFT_416559,ML978066,1530047,1534096,3.7348505e-05
gene:BU24DRAFT_382905,gene:BU24DRAFT_382905,ML978066,1534806,1538974,4.6058147e-05
gene:BU24DRAFT_337684,gene:BU24DRAFT_337684,ML978066,1539747,1541378,0.00012244159
gene:BU24DRAFT_382910,gene:BU24DRAFT_382910,ML978066,1541386,1544122,0.00011657038
gene:BU24DRAFT_10621,gene:BU24DRAFT_10621,ML978066,1546232,1548983,5.2542044e-05
gene:BU24DRAFT_416564,gene:BU24DRAFT_416564,ML978066,1549630,1551031,7.581227e-05
gene:BU24DRAFT_487426,gene:BU24DRAFT_487426,ML978066,1551400,1552341,0.00010295925
gene:BU24DRAFT_456929,gene:BU24DRAFT_456929,ML978066,1553127,1555754,9.6065356e-05
gene:BU24DRAFT_416566,gene:BU24DRAFT_416566,ML978066,1557237,1558298,0.00017995363
gene:BU24DRAFT_10747,gene:BU24DRAFT_10747,ML978066,1564598,1565683,0.00025065933
gene:BU24DRAFT_446034,gene:BU24DRAFT_446034,ML978066,1566429,1571159,5.887328e-05
gene:BU24DRAFT_10711,gene:BU24DRAFT_10711,ML978066,1572275,1573747,0.00020145327
gene:BU24DRAFT_416573,gene:BU24DRAFT_416573,ML978066,1575417,1575706,0.00011355571
gene:BU24DRAFT_10846,gene:BU24DRAFT_10846,ML978066,1575841,1577719,6.1453786e-05
gene:BU24DRAFT_10762,gene:BU24DRAFT_10762,ML978066,1577665,1583279,6.886012e-05
gene:BU24DRAFT_10879,gene:BU24DRAFT_10879,ML978066,1583682,1586007,0.00018024728
gene:BU24DRAFT_10877,gene:BU24DRAFT_10877,ML978066,1586528,1587158,0.00016320965
gene:BU24DRAFT_469672,gene:BU24DRAFT_469672,ML978066,1589285,1590396,8.212475e-05
gene:BU24DRAFT_487434,gene:BU24DRAFT_487434,ML978066,1592417,1593985,0.0002005279
gene:BU24DRAFT_456938,gene:BU24DRAFT_456938,ML978066,1594386,1595515,0.00010223526
gene:BU24DRAFT_429832,gene:BU24DRAFT_429832,ML978066,1598290,1601409,9.665496e-05
gene:BU24DRAFT_416580,gene:BU24DRAFT_416580,ML978066,1601857,1604129,5.8534577e-05
gene:BU24DRAFT_361487,gene:BU24DRAFT_361487,ML978066,1605268,1607597,0.00011577558
gene:BU24DRAFT_10992,gene:BU24DRAFT_10992,ML978066,1607901,1609719,0.00013120951
gene:BU24DRAFT_416583,gene:BU24DRAFT_416583,ML978066,1609831,1610900,6.0371185e-05
gene:BU24DRAFT_11004,gene:BU24DRAFT_11004,ML978066,1610791,1615108,4.9097544e-05
gene:BU24DRAFT_339997,gene:BU24DRAFT_339997,ML978066,1618147,1620158,7.3825824e-05
gene:BU24DRAFT_416584,gene:BU24DRAFT_416584,ML978066,1620857,1622425,7.327307e-05
gene:BU24DRAFT_416585,gene:BU24DRAFT_416585,ML978066,1622585,1624102,0.00013696177
gene:BU24DRAFT_416586,gene:BU24DRAFT_416586,ML978066,1624475,1626372,0.000104218605
gene:BU24DRAFT_446049,gene:BU24DRAFT_446049,ML978066,1626939,1628781,5.9444195e-05
gene:BU24DRAFT_11106,gene:BU24DRAFT_11106,ML978066,1628828,1631354,5.7259564e-05
gene:BU24DRAFT_416589,gene:BU24DRAFT_416589,ML978066,1631647,1633827,9.388898e-05
gene:BU24DRAFT_337758,gene:BU24DRAFT_337758,ML978066,1633887,1637109,6.52501e-05
gene:BU24DRAFT_11261,gene:BU24DRAFT_11261,ML978066,1641387,1643907,0.0002657779
gene:BU24DRAFT_446054,gene:BU24DRAFT_446054,ML978066,1643794,1645564,0.00013207342
gene:BU24DRAFT_487450,gene:BU24DRAFT_487450,ML978066,1645594,1647128,7.941348e-05
gene:BU24DRAFT_469682,gene:BU24DRAFT_469682,ML978066,1648768,1650398,4.557195e-05
gene:BU24DRAFT_403996,gene:BU24DRAFT_403996,ML978066,1651618,1652309,7.0240705e-05
gene:BU24DRAFT_456958,gene:BU24DRAFT_456958,ML978066,1653527,1654698,7.621762e-05
gene:BU24DRAFT_403998,gene:BU24DRAFT_403998,ML978066,1655067,1656723,0.00010232644
gene:BU24DRAFT_416595,gene:BU24DRAFT_416595,ML978066,1657474,1658563,8.1839135e-05
gene:BU24DRAFT_361508,gene:BU24DRAFT_361508,ML978066,1659389,1663767,4.1601244e-05
gene:BU24DRAFT_337887,gene:BU24DRAFT_337887,ML978066,1664190,1665340,3.6032623e-05
gene:BU24DRAFT_416599,gene:BU24DRAFT_416599,ML978066,1666552,1668201,0.00017380428
gene:BU24DRAFT_416600,gene:BU24DRAFT_416600,ML978066,1668570,1669872,0.00032350258
gene:BU24DRAFT_11536,gene:BU24DRAFT_11536,ML978066,1673623,1675210,0.00068290386
gene:BU24DRAFT_416605,gene:BU24DRAFT_416605,ML978066,1675296,1676774,0.00049167994
gene:BU24DRAFT_456966,gene:BU24DRAFT_456966,ML978066,1677137,1677941,0.000220898
gene:BU24DRAFT_11715,gene:BU24DRAFT_11715,ML978066,1678180,1679892,0.00060458214
gene:BU24DRAFT_429847,gene:BU24DRAFT_429847,ML978066,1681167,1682881,0.00027774659
gene:BU24DRAFT_487461,gene:BU24DRAFT_487461,ML978066,1683146,1683823,0.00016500089
gene:BU24DRAFT_416608,gene:BU24DRAFT_416608,ML978066,1684078,1684967,0.00015355191
gene:BU24DRAFT_11603,gene:BU24DRAFT_11603,ML978066,1686840,1688174,0.0002442162
gene:BU24DRAFT_416610,gene:BU24DRAFT_416610,ML978066,1688363,1689064,6.382138e-05
gene:BU24DRAFT_404011,gene:BU24DRAFT_404011,ML978066,1688942,1689505,5.88666e-05
gene:BU24DRAFT_416612,gene:BU24DRAFT_416612,ML978066,1690370,1691222,6.620292e-05
gene:BU24DRAFT_416615,gene:BU24DRAFT_416615,ML978066,1692021,1694662,7.165636e-05
gene:BU24DRAFT_416616,gene:BU24DRAFT_416616,ML978066,1694841,1699697,5.8605034e-05
gene:BU24DRAFT_416623,gene:BU24DRAFT_416623,ML978066,1707064,1708013,0.00011384456
gene:BU24DRAFT_429850,gene:BU24DRAFT_429850,ML978066,1709203,1711606,0.00030469746
gene:BU24DRAFT_361523,gene:BU24DRAFT_361523,ML978066,1713655,1715367,0.00015966834
gene:BU24DRAFT_12074,gene:BU24DRAFT_12074,ML978066,1715508,1717379,3.829412e-05
gene:BU24DRAFT_339045,gene:BU24DRAFT_339045,ML978066,1719976,1723215,0.000270329
gene:BU24DRAFT_404020,gene:BU24DRAFT_404020,ML978066,1723775,1724980,0.00014912506
gene:BU24DRAFT_456980,gene:BU24DRAFT_456980,ML978066,1725984,1727477,0.00014416192
gene:BU24DRAFT_404022,gene:BU24DRAFT_404022,ML978066,1727734,1728684,8.2020146e-05
gene:BU24DRAFT_416634,gene:BU24DRAFT_416634,ML978066,1728821,1731266,5.8944486e-05
gene:BU24DRAFT_416635,gene:BU24DRAFT_416635,ML978066,1731429,1732635,9.456714e-05
gene:BU24DRAFT_404025,gene:BU24DRAFT_404025,ML978066,1732566,1733483,0.00017015975
gene:BU24DRAFT_416638,gene:BU24DRAFT_416638,ML978066,1734345,1736100,3.859103e-05
gene:BU24DRAFT_446085,gene:BU24DRAFT_446085,ML978066,1736451,1738068,3.8137863e-05
gene:BU24DRAFT_338759,gene:BU24DRAFT_338759,ML978066,1738714,1741517,7.126826e-05
gene:BU24DRAFT_487480,gene:BU24DRAFT_487480,ML978066,1741554,1742862,7.038335e-05
gene:BU24DRAFT_469702,gene:BU24DRAFT_469702,ML978066,1743045,1743856,0.00014592949
gene:BU24DRAFT_382976,gene:BU24DRAFT_382976,ML978066,1744724,1746646,0.00016837774
gene:BU24DRAFT_12312,gene:BU24DRAFT_12312,ML978066,1746718,1748497,7.724192e-05
gene:BU24DRAFT_469704,gene:BU24DRAFT_469704,ML978066,1752907,1754725,8.4819876e-05
gene:BU24DRAFT_446093,gene:BU24DRAFT_446093,ML978066,1759789,1761154,0.000801487
gene:BU24DRAFT_416649,gene:BU24DRAFT_416649,ML978066,1761725,1762333,9.817974e-05
gene:BU24DRAFT_456995,gene:BU24DRAFT_456995,ML978066,1763402,1765134,6.553492e-05
gene:BU24DRAFT_456996,gene:BU24DRAFT_456996,ML978066,1765685,1766706,3.8634218e-05
gene:BU24DRAFT_339405,gene:BU24DRAFT_339405,ML978066,1767569,1769260,3.910963e-05
gene:BU24DRAFT_416655,gene:BU24DRAFT_416655,ML978066,1769355,1771412,5.1716317e-05
gene:BU24DRAFT_338734,gene:BU24DRAFT_338734,ML978066,1772850,1774823,3.1140695e-05
gene:BU24DRAFT_404043,gene:BU24DRAFT_404043,ML978066,1777834,1778872,4.2329506e-05
gene:BU24DRAFT_416659,gene:BU24DRAFT_416659,ML978066,1779588,1783643,0.000100685116
gene:BU24DRAFT_469740,gene:BU24DRAFT_469740,ML978066,1783645,1785118,0.0014902352
gene:BU24DRAFT_487495,gene:BU24DRAFT_487495,ML978066,1785451,1788058,0.0018265175
gene:BU24DRAFT_12675,gene:BU24DRAFT_12675,ML978066,1789651,1794953,0.027517647
gene:BU24DRAFT_457005,gene:BU24DRAFT_457005,ML978066,1799636,1802226,0.0012149801
gene:BU24DRAFT_416667,gene:BU24DRAFT_416667,ML978066,1802826,1804275,0.00066895294
gene:BU24DRAFT_446107,gene:BU24DRAFT_446107,ML978066,1805077,1805829,8.808315e-05
gene:BU24DRAFT_12880,gene:BU24DRAFT_12880,ML978066,1809022,1810889,5.8172074e-05
gene:BU24DRAFT_416670,gene:BU24DRAFT_416670,ML978066,1811615,1813864,5.9459027e-05
gene:BU24DRAFT_383013,gene:BU24DRAFT_383013,ML978066,1814638,1816159,0.00020300425
gene:BU24DRAFT_416673,gene:BU24DRAFT_416673,ML978066,1816341,1818100,0.00015859863
gene:BU24DRAFT_416675,gene:BU24DRAFT_416675,ML978066,1819313,1820576,0.00024186783
gene:BU24DRAFT_469755,gene:BU24DRAFT_469755,ML978066,1822349,1823158,0.00064315775
gene:BU24DRAFT_469757,gene:BU24DRAFT_469757,ML978066,1823810,1825831,0.0011846729
gene:BU24DRAFT_487505,gene:BU24DRAFT_487505,ML978066,1827522,1828760,0.00019657778
gene:BU24DRAFT_469762,gene:BU24DRAFT_469762,ML978066,1830444,1832412,0.0004761892
gene:BU24DRAFT_12966,gene:BU24DRAFT_12966,ML978066,1832869,1836368,5.683767e-05
gene:BU24DRAFT_469765,gene:BU24DRAFT_469765,ML978066,1838360,1839692,0.00016048178
gene:BU24DRAFT_469768,gene:BU24DRAFT_469768,ML978066,1840940,1842073,0.00019237223
gene:BU24DRAFT_404063,gene:BU24DRAFT_404063,ML978066,1842972,1843936,0.00020028338
gene:BU24DRAFT_361581,gene:BU24DRAFT_361581,ML978066,1843936,1848628,0.00024164909
gene:BU24DRAFT_487508,gene:BU24DRAFT_487508,ML978066,1849040,1850836,0.00052237755
gene:BU24DRAFT_416679,gene:BU24DRAFT_416679,ML978066,1850965,1851446,0.00022428807
gene:BU24DRAFT_404066,gene:BU24DRAFT_404066,ML978066,1852776,1854941,0.0001390684
gene:BU24DRAFT_469774,gene:BU24DRAFT_469774,ML978066,1856032,1857706,9.958387e-05
gene:BU24DRAFT_446117,gene:BU24DRAFT_446117,ML978066,1857740,1858958,0.00014705992
gene:BU24DRAFT_487510,gene:BU24DRAFT_487510,ML978066,1859255,1859890,0.00034829273
gene:BU24DRAFT_416682,gene:BU24DRAFT_416682,ML978066,1860453,1861450,0.011625177
gene:BU24DRAFT_429878,gene:BU24DRAFT_429878,ML978066,1862626,1863520,0.03195643
gene:BU24DRAFT_487513,gene:BU24DRAFT_487513,ML978066,1863886,1865005,0.001034593
gene:BU24DRAFT_13033,gene:BU24DRAFT_13033,ML978066,1864814,1865829,0.00013475391
gene:BU24DRAFT_13082,gene:BU24DRAFT_13082,ML978066,1865830,1867277,3.51935e-05
gene:BU24DRAFT_416685,gene:BU24DRAFT_416685,ML978066,1867048,1868698,3.3007585e-05
gene:BU24DRAFT_361588,gene:BU24DRAFT_361588,ML978066,1868908,1870384,5.3980544e-05
gene:BU24DRAFT_13174,gene:BU24DRAFT_13174,ML978066,1870571,1871638,8.121286e-05
gene:BU24DRAFT_416686,gene:BU24DRAFT_416686,ML978066,1871800,1873275,5.755205e-05
gene:BU24DRAFT_457034,gene:BU24DRAFT_457034,ML978066,1873278,1876578,7.828731e-05
gene:BU24DRAFT_361591,gene:BU24DRAFT_361591,ML978066,1877313,1881068,7.729132e-05
gene:BU24DRAFT_383030,gene:BU24DRAFT_383030,ML978066,1881478,1883799,0.00017346347
gene:BU24DRAFT_446126,gene:BU24DRAFT_446126,ML978066,1884325,1885935,8.254124e-05
gene:BU24DRAFT_416692,gene:BU24DRAFT_416692,ML978066,1886299,1888325,0.00016436241
gene:BU24DRAFT_339759,gene:BU24DRAFT_339759,ML978066,1890149,1892500,0.0006413077
gene:BU24DRAFT_337682,gene:BU24DRAFT_337682,ML978066,1893689,1896752,0.00015745487
gene:BU24DRAFT_429887,gene:BU24DRAFT_429887,ML978066,1897917,1900119,8.6470725e-05
gene:BU24DRAFT_457043,gene:BU24DRAFT_457043,ML978066,1901468,1905043,4.3859185e-05
gene:BU24DRAFT_383043,gene:BU24DRAFT_383043,ML978066,1906910,1909573,4.1268595e-05
gene:BU24DRAFT_446132,gene:BU24DRAFT_446132,ML978066,1910222,1912841,0.00010024235
gene:BU24DRAFT_13561,gene:BU24DRAFT_13561,ML978066,1913042,1915896,2.6700143e-05
gene:BU24DRAFT_416701,gene:BU24DRAFT_416701,ML978066,1917052,1918383,5.807795e-05
gene:BU24DRAFT_404087,gene:BU24DRAFT_404087,ML978066,1919899,1923177,5.0439383e-05
gene:BU24DRAFT_416703,gene:BU24DRAFT_416703,ML978066,1923882,1926718,0.000112095484
gene:BU24DRAFT_487534,gene:BU24DRAFT_487534,ML978066,1927038,1929018,0.0005585814
gene:BU24DRAFT_469800,gene:BU24DRAFT_469800,ML978066,1929235,1930734,0.0010826696
gene:BU24DRAFT_13702,gene:BU24DRAFT_13702,ML978066,1931005,1932709,0.0022414192
gene:BU24DRAFT_487536,gene:BU24DRAFT_487536,ML978066,1932846,1935112,0.0010346957
gene:BU24DRAFT_469808,gene:BU24DRAFT_469808,ML978066,1935245,1937887,0.00014573315
gene:BU24DRAFT_339806,gene:BU24DRAFT_339806,ML978066,1942079,1943652,9.091418e-05
gene:BU24DRAFT_13736,gene:BU24DRAFT_13736,ML978066,1944288,1947922,7.318839e-05
gene:BU24DRAFT_416710,gene:BU24DRAFT_416710,ML978066,1949008,1952297,3.6055677e-05
gene:BU24DRAFT_487541,gene:BU24DRAFT_487541,ML978066,1952413,1953200,8.3624305e-05
gene:BU24DRAFT_416712,gene:BU24DRAFT_416712,ML978066,1952941,1954111,0.000107112435
gene:BU24DRAFT_416713,gene:BU24DRAFT_416713,ML978066,1954267,1955486,5.07607e-05
gene:BU24DRAFT_429899,gene:BU24DRAFT_429899,ML978066,1955725,1962589,7.539765e-05
gene:BU24DRAFT_361636,gene:BU24DRAFT_361636,ML978066,1963378,1970202,4.8968996e-05
gene:BU24DRAFT_361641,gene:BU24DRAFT_361641,ML978066,1971182,1974314,9.488508e-05
gene:BU24DRAFT_14013,gene:BU24DRAFT_14013,ML978066,1976244,1978876,0.00014068295
gene:BU24DRAFT_13956,gene:BU24DRAFT_13956,ML978066,1978618,1980077,0.00013249564
gene:BU24DRAFT_416722,gene:BU24DRAFT_416722,ML978066,1980693,1986408,4.0200743e-05
gene:BU24DRAFT_14068,gene:BU24DRAFT_14068,ML978066,1986550,1988187,3.88235e-05
gene:BU24DRAFT_416724,gene:BU24DRAFT_416724,ML978066,1988028,1988828,8.3801366e-05
gene:BU24DRAFT_416725,gene:BU24DRAFT_416725,ML978066,1988996,1990405,4.8274203e-05
gene:BU24DRAFT_416727,gene:BU24DRAFT_416727,ML978066,1990359,1991496,8.986698e-05
gene:BU24DRAFT_14092,gene:BU24DRAFT_14092,ML978066,1991694,1992644,0.00035564118
gene:BU24DRAFT_404108,gene:BU24DRAFT_404108,ML978066,1992771,1993572,0.00058710296
gene:BU24DRAFT_469836,gene:BU24DRAFT_469836,ML978066,1993621,1994429,0.00231802
gene:BU24DRAFT_14089,gene:BU24DRAFT_14089,ML978066,1994747,1995609,0.00025775746
gene:BU24DRAFT_487556,gene:BU24DRAFT_487556,ML978066,1995709,1996879,0.00018249344
gene:BU24DRAFT_457076,gene:BU24DRAFT_457076,ML978066,1998403,1998711,0.010540378
gene:BU24DRAFT_14200,gene:BU24DRAFT_14200,ML978066,2000000,2001478,0.004405658
gene:BU24DRAFT_457078,gene:BU24DRAFT_457078,ML978066,2002410,2004670,0.0012811022
gene:BU24DRAFT_404114,gene:BU24DRAFT_404114,ML978066,2005883,2006976,0.0008308257
gene:BU24DRAFT_338739,gene:BU24DRAFT_338739,ML978066,2009045,2010895,0.0022902135
gene:BU24DRAFT_438341,gene:BU24DRAFT_438341,ML978066,2011641,2013555,0.0018853679
gene:BU24DRAFT_446162,gene:BU24DRAFT_446162,ML978066,2013576,2015170,0.0014685874
gene:BU24DRAFT_14289,gene:BU24DRAFT_14289,ML978066,2015409,2015731,0.023981066
gene:BU24DRAFT_457083,gene:BU24DRAFT_457083,ML978066,2016660,2022538,0.802332
gene:BU24DRAFT_14303,gene:BU24DRAFT_14303,ML978066,2023937,2028368,0.7584598
gene:BU24DRAFT_416739,gene:BU24DRAFT_416739,ML978066,2028920,2030940,0.77167904
gene:BU24DRAFT_404121,gene:BU24DRAFT_404121,ML978066,2031513,2032875,0.66163164
gene:BU24DRAFT_14323,gene:BU24DRAFT_14323,ML978066,2034620,2036698,0.4479791
gene:BU24DRAFT_416742,gene:BU24DRAFT_416742,ML978066,2037933,2040031,0.0015505204
gene:BU24DRAFT_429916,gene:BU24DRAFT_429916,ML978066,2040407,2042137,0.00033690286
gene:BU24DRAFT_14337,gene:BU24DRAFT_14337,ML978066,2042287,2044323,0.00015758112
gene:BU24DRAFT_457091,gene:BU24DRAFT_457091,ML978066,2044479,2046417,6.7502115e-05
gene:BU24DRAFT_383106,gene:BU24DRAFT_383106,ML978066,2046650,2048663,0.000109101784
gene:BU24DRAFT_416745,gene:BU24DRAFT_416745,ML978066,2049513,2051141,0.00010012142
gene:BU24DRAFT_487574,gene:BU24DRAFT_487574,ML978066,2051690,2052139,5.4715325e-05
gene:BU24DRAFT_487575,gene:BU24DRAFT_487575,ML978066,2052148,2053881,7.950528e-05
gene:BU24DRAFT_487576,gene:BU24DRAFT_487576,ML978066,2056086,2057850,0.00013221453
gene:BU24DRAFT_361674,gene:BU24DRAFT_361674,ML978066,2057892,2060238,6.754123e-05
gene:BU24DRAFT_416749,gene:BU24DRAFT_416749,ML978066,2060561,2065606,9.3747716e-05
gene:BU24DRAFT_487579,gene:BU24DRAFT_487579,ML978066,2065836,2066690,0.014448078
gene:BU24DRAFT_14455,gene:BU24DRAFT_14455,ML978066,2067453,2069312,0.0031669496
gene:BU24DRAFT_416751,gene:BU24DRAFT_416751,ML978066,2069330,2072076,0.17084284
gene:BU24DRAFT_14438,gene:BU24DRAFT_14438,ML978066,2072328,2074051,0.0004431639
gene:BU24DRAFT_14582,gene:BU24DRAFT_14582,ML978066,2079302,2080516,0.00028067868
gene:BU24DRAFT_438352,gene:BU24DRAFT_438352,ML978066,2081122,2083634,6.186357e-05
gene:BU24DRAFT_14586,gene:BU24DRAFT_14586,ML978066,2084824,2087841,6.26264e-05
gene:BU24DRAFT_457105,gene:BU24DRAFT_457105,ML978066,2091556,2091894,4.822391e-05
gene:BU24DRAFT_14619,gene:BU24DRAFT_14619,ML978066,2092057,2093118,7.740096e-05
gene:BU24DRAFT_457106,gene:BU24DRAFT_457106,ML978066,2093756,2097363,5.626867e-05
gene:BU24DRAFT_416760,gene:BU24DRAFT_416760,ML978066,2098544,2100302,9.404494e-05
gene:BU24DRAFT_416761,gene:BU24DRAFT_416761,ML978066,2100382,2101371,6.4196494e-05
gene:BU24DRAFT_14678,gene:BU24DRAFT_14678,ML978066,2101586,2103088,9.490379e-05
gene:BU24DRAFT_14695,gene:BU24DRAFT_14695,ML978066,2103090,2104467,6.300424e-05
gene:BU24DRAFT_429925,gene:BU24DRAFT_429925,ML978066,2104620,2105609,4.565663e-05
gene:BU24DRAFT_14732,gene:BU24DRAFT_14732,ML978066,2105684,2107409,3.7114205e-05
gene:BU24DRAFT_457113,gene:BU24DRAFT_457113,ML978066,2109933,2110714,9.14063e-05
gene:BU24DRAFT_416766,gene:BU24DRAFT_416766,ML978066,2113907,2115456,6.816589e-05
gene:BU24DRAFT_14922,gene:BU24DRAFT_14922,ML978066,2122134,2124726,4.2458236e-05
gene:BU24DRAFT_416769,gene:BU24DRAFT_416769,ML978066,2125433,2126503,0.00014725693
gene:BU24DRAFT_416771,gene:BU24DRAFT_416771,ML978066,2127088,2128603,0.00012470591
gene:BU24DRAFT_404153,gene:BU24DRAFT_404153,ML978066,2128689,2129959,0.00015230702
gene:BU24DRAFT_469857,gene:BU24DRAFT_469857,ML978066,2130482,2133597,0.0002432912
gene:BU24DRAFT_15080,gene:BU24DRAFT_15080,ML978066,2133953,2134675,0.00038042106
gene:BU24DRAFT_340240,gene:BU24DRAFT_340240,ML978066,2135307,2137255,0.0012070535
gene:BU24DRAFT_15104,gene:BU24DRAFT_15104,ML978066,2137759,2139745,0.08879548
gene:BU24DRAFT_416775,gene:BU24DRAFT_416775,ML978066,2140669,2142492,0.08300302
gene:BU24DRAFT_429930,gene:BU24DRAFT_429930,ML978066,2142627,2146743,0.16396731
gene:BU24DRAFT_429931,gene:BU24DRAFT_429931,ML978066,2147661,2149142,0.10589928
gene:BU24DRAFT_446202,gene:BU24DRAFT_446202,ML978066,2150855,2153935,0.13371283
gene:BU24DRAFT_438364,gene:BU24DRAFT_438364,ML978066,2155859,2156733,0.07187934
gene:BU24DRAFT_15237,gene:BU24DRAFT_15237,ML978066,2156990,2157998,0.003447615
gene:BU24DRAFT_361702,gene:BU24DRAFT_361702,ML978066,2159776,2160879,0.00018320528
gene:BU24DRAFT_416780,gene:BU24DRAFT_416780,ML978066,2160698,2161998,3.5952624e-05
gene:BU24DRAFT_416781,gene:BU24DRAFT_416781,ML978066,2162063,2163942,3.654502e-05
gene:BU24DRAFT_383139,gene:BU24DRAFT_383139,ML978066,2163794,2165199,3.5388508e-05
gene:BU24DRAFT_383143,gene:BU24DRAFT_383143,ML978066,2165359,2169034,5.170239e-05
gene:BU24DRAFT_457131,gene:BU24DRAFT_457131,ML978066,2170174,2172173,8.0414015e-05
gene:BU24DRAFT_404168,gene:BU24DRAFT_404168,ML978066,2175255,2175695,0.00012658152
gene:BU24DRAFT_429938,gene:BU24DRAFT_429938,ML978066,2177095,2178867,8.051341e-05
gene:BU24DRAFT_416789,gene:BU24DRAFT_416789,ML978066,2181379,2184032,4.0064682e-05
gene:BU24DRAFT_416791,gene:BU24DRAFT_416791,ML978066,2187036,2187669,7.720689e-05
gene:BU24DRAFT_383154,gene:BU24DRAFT_383154,ML978066,2188278,2191148,9.816369e-05
gene:BU24DRAFT_383159,gene:BU24DRAFT_383159,ML978066,2192360,2195989,0.00020567737
gene:BU24DRAFT_15397,gene:BU24DRAFT_15397,ML978066,2195557,2195996,0.0022933448
gene:BU24DRAFT_457136,gene:BU24DRAFT_457136,ML978066,2196717,2198160,0.022590408
gene:BU24DRAFT_15408,gene:BU24DRAFT_15408,ML978066,2198446,2201333,0.005442764
gene:BU24DRAFT_416797,gene:BU24DRAFT_416797,ML978066,2203714,2205963,0.0003060514
gene:BU24DRAFT_15431,gene:BU24DRAFT_15431,ML978066,2207405,2209008,0.00036041276
gene:BU24DRAFT_469883,gene:BU24DRAFT_469883,ML978066,2210440,2212087,0.00018596966
gene:BU24DRAFT_15461,gene:BU24DRAFT_15461,ML978066,2213622,2216079,0.00041607211
gene:BU24DRAFT_361738,gene:BU24DRAFT_361738,ML978066,2216730,2219162,0.00039469733
gene:BU24DRAFT_438380,gene:BU24DRAFT_438380,ML978066,2218962,2220984,0.00095398247
gene:BU24DRAFT_15493,gene:BU24DRAFT_15493,ML978066,2221526,2223423,5.961339e-05
gene:BU24DRAFT_457143,gene:BU24DRAFT_457143,ML978066,2223608,2224561,0.00012742702
gene:BU24DRAFT_446225,gene:BU24DRAFT_446225,ML978066,2226145,2229042,0.00011249654
gene:BU24DRAFT_404184,gene:BU24DRAFT_404184,ML978066,2229835,2230592,0.00013886606
gene:BU24DRAFT_416807,gene:BU24DRAFT_416807,ML978066,2230841,2233143,0.00035251884
gene:BU24DRAFT_15580,gene:BU24DRAFT_15580,ML978066,2233649,2235267,0.0096014105
gene:BU24DRAFT_416810,gene:BU24DRAFT_416810,ML978066,2235106,2236469,0.00097615755
gene:BU24DRAFT_429958,gene:BU24DRAFT_429958,ML978066,2239310,2240166,0.0008839927
gene:BU24DRAFT_383183,gene:BU24DRAFT_383183,ML978066,2241846,2243885,0.00039692209
gene:BU24DRAFT_404190,gene:BU24DRAFT_404190,ML978066,2244292,2245696,0.00040623537
gene:BU24DRAFT_416815,gene:BU24DRAFT_416815,ML978066,2247273,2249853,0.0010947001
gene:BU24DRAFT_469912,gene:BU24DRAFT_469912,ML978066,2250442,2255129,0.0021623578
gene:BU24DRAFT_469930,gene:BU24DRAFT_469930,ML978066,2256252,2257151,0.000671315
gene:BU24DRAFT_383189,gene:BU24DRAFT_383189,ML978066,2258071,2259984,5.396247e-05
gene:BU24DRAFT_383192,gene:BU24DRAFT_383192,ML978066,2261280,2263193,7.036563e-05
gene:BU24DRAFT_416818,gene:BU24DRAFT_416818,ML978066,2263408,2265523,3.3512653e-05
gene:BU24DRAFT_416819,gene:BU24DRAFT_416819,ML978066,2265653,2266860,2.7147946e-05
gene:BU24DRAFT_469931,gene:BU24DRAFT_469931,ML978066,2266977,2270573,1.8971095e-05
gene:BU24DRAFT_457159,gene:BU24DRAFT_457159,ML978066,2271927,2273450,4.9480343e-05
gene:BU24DRAFT_383198,gene:BU24DRAFT_383198,ML978066,2273560,2275678,8.865698e-05
gene:BU24DRAFT_446239,gene:BU24DRAFT_446239,ML978066,2276137,2277835,0.00020921689
gene:BU24DRAFT_487635,gene:BU24DRAFT_487635,ML978066,2278477,2279853,0.0002496599
gene:BU24DRAFT_487636,gene:BU24DRAFT_487636,ML978066,2280330,2281738,0.0002745525
gene:BU24DRAFT_446242,gene:BU24DRAFT_446242,ML978066,2282121,2283542,0.0013892077
gene:BU24DRAFT_469938,gene:BU24DRAFT_469938,ML978066,2283954,2285047,0.00039981608
gene:BU24DRAFT_457165,gene:BU24DRAFT_457165,ML978066,2287060,2288742,0.0005931938
gene:BU24DRAFT_438395,gene:BU24DRAFT_438395,ML978066,2289180,2290388,0.0006901617
gene:BU24DRAFT_457167,gene:BU24DRAFT_457167,ML978066,2290596,2291486,0.00016587618
gene:BU24DRAFT_446244,gene:BU24DRAFT_446244,ML978066,2291722,2294267,2.9215917e-05
gene:BU24DRAFT_487640,gene:BU24DRAFT_487640,ML978066,2294449,2296520,6.0440372e-05
gene:BU24DRAFT_457170,gene:BU24DRAFT_457170,ML978066,2296865,2298421,4.1741256e-05
gene:BU24DRAFT_15806,gene:BU24DRAFT_15806,ML978066,2298963,2301008,5.4325028e-05
gene:BU24DRAFT_15874,gene:BU24DRAFT_15874,ML978066,2301298,2302385,3.5348166e-05
gene:BU24DRAFT_15873,gene:BU24DRAFT_15873,ML978066,2302386,2303740,5.3216652e-05
gene:BU24DRAFT_438397,gene:BU24DRAFT_438397,ML978066,2304235,2306908,5.7206977e-05
gene:BU24DRAFT_416830,gene:BU24DRAFT_416830,ML978066,2308574,2311808,6.473356e-05
gene:BU24DRAFT_416831,gene:BU24DRAFT_416831,ML978066,2312674,2313336,0.0001311199
gene:BU24DRAFT_429977,gene:BU24DRAFT_429977,ML978066,2314637,2316963,0.0006331357
gene:BU24DRAFT_416835,gene:BU24DRAFT_416835,ML978066,2318293,2320233,0.0004649853
gene:BU24DRAFT_416836,gene:BU24DRAFT_416836,ML978066,2320454,2321033,0.00011667321
gene:BU24DRAFT_457178,gene:BU24DRAFT_457178,ML978066,2322182,2323102,0.0001838701
gene:BU24DRAFT_16389,gene:BU24DRAFT_16389,ML978066,2323750,2325146,0.0015943326
gene:BU24DRAFT_416842,gene:BU24DRAFT_416842,ML978066,2329038,2332091,0.00073238596
gene:BU24DRAFT_16466,gene:BU24DRAFT_16466,ML978066,2333049,2334561,0.00022786179
gene:BU24DRAFT_416845,gene:BU24DRAFT_416845,ML978066,2334763,2336292,4.3800675e-05
gene:BU24DRAFT_429981,gene:BU24DRAFT_429981,ML978066,2337060,2342547,3.3131328e-05
gene:BU24DRAFT_469991,gene:BU24DRAFT_469991,ML978066,2344853,2345904,9.7661345e-05
gene:BU24DRAFT_16697,gene:BU24DRAFT_16697,ML978066,2347123,2348984,4.886474e-05
gene:BU24DRAFT_16764,gene:BU24DRAFT_16764,ML978066,2350428,2354475,3.6230787e-05
gene:BU24DRAFT_404229,gene:BU24DRAFT_404229,ML978066,2354994,2355918,3.839317e-05
gene:BU24DRAFT_446264,gene:BU24DRAFT_446264,ML978066,2356473,2357624,4.3112013e-05
gene:BU24DRAFT_361792,gene:BU24DRAFT_361792,ML978066,2358015,2359661,5.265896e-05
gene:BU24DRAFT_438408,gene:BU24DRAFT_438408,ML978066,2361315,2362290,0.00040205359
gene:BU24DRAFT_383231,gene:BU24DRAFT_383231,ML978066,2362752,2364249,0.0017307245
gene:BU24DRAFT_416856,gene:BU24DRAFT_416856,ML978066,2364775,2366889,0.0012560148
gene:BU24DRAFT_470001,gene:BU24DRAFT_470001,ML978066,2366472,2368482,0.0007390473
gene:BU24DRAFT_338033,gene:BU24DRAFT_338033,ML978066,2369383,2370530,0.0005686837
gene:BU24DRAFT_404237,gene:BU24DRAFT_404237,ML978066,2371260,2372576,0.00043652643
gene:BU24DRAFT_470007,gene:BU24DRAFT_470007,ML978066,2376209,2377483,0.0011863074
gene:BU24DRAFT_457197,gene:BU24DRAFT_457197,ML978066,2377959,2379062,0.0023915514
gene:BU24DRAFT_339088,gene:BU24DRAFT_339088,ML978066,2380408,2382094,0.0028600162
gene:BU24DRAFT_457199,gene:BU24DRAFT_457199,ML978066,2382914,2384016,0.0009464105
gene:BU24DRAFT_457200,gene:BU24DRAFT_457200,ML978066,2384472,2386436,0.0004958544
gene:BU24DRAFT_446270,gene:BU24DRAFT_446270,ML978066,2387541,2391568,6.544937e-05
gene:BU24DRAFT_457202,gene:BU24DRAFT_457202,ML978066,2392278,2394275,8.3197774e-05
gene:BU24DRAFT_438412,gene:BU24DRAFT_438412,ML978066,2396398,2398826,3.9888924e-05
gene:BU24DRAFT_416862,gene:BU24DRAFT_416862,ML978066,2399626,2401232,5.3915734e-05
gene:BU24DRAFT_361813,gene:BU24DRAFT_361813,ML978066,2401418,2403525,0.00016560429
gene:BU24DRAFT_487669,gene:BU24DRAFT_487669,ML978066,2403590,2404804,0.002102774
gene:BU24DRAFT_16991,gene:BU24DRAFT_16991,ML978066,2405129,2406236,0.000797318
gene:BU24DRAFT_416865,gene:BU24DRAFT_416865,ML978066,2406532,2408795,0.0007108847
gene:BU24DRAFT_338460,gene:BU24DRAFT_338460,ML978066,2409539,2410597,0.0044496492
gene:BU24DRAFT_487673,gene:BU24DRAFT_487673,ML978066,2410583,2412592,0.0007013117
gene:BU24DRAFT_416867,gene:BU24DRAFT_416867,ML978066,2412780,2414063,0.00018214197
gene:BU24DRAFT_416868,gene:BU24DRAFT_416868,ML978066,2413731,2415033,8.4696505e-05
gene:BU24DRAFT_17085,gene:BU24DRAFT_17085,ML978066,2415449,2419767,3.4293847e-05
gene:BU24DRAFT_457214,gene:BU24DRAFT_457214,ML978066,2420234,2421039,5.254058e-05
gene:BU24DRAFT_416871,gene:BU24DRAFT_416871,ML978066,2421425,2422678,5.9848673e-05
gene:BU24DRAFT_457216,gene:BU24DRAFT_457216,ML978066,2422569,2423777,0.00017120126
gene:BU24DRAFT_338079,gene:BU24DRAFT_338079,ML978066,2424237,2425095,0.00013789121
gene:BU24DRAFT_17161,gene:BU24DRAFT_17161,ML978066,2427159,2428121,9.335759e-05
gene:BU24DRAFT_17116,gene:BU24DRAFT_17116,ML978066,2427862,2430678,4.261782e-05
gene:BU24DRAFT_17151,gene:BU24DRAFT_17151,ML978066,2430313,2432190,5.3456217e-05
gene:BU24DRAFT_17123,gene:BU24DRAFT_17123,ML978066,2432513,2433245,0.00013148232
gene:BU24DRAFT_17174,gene:BU24DRAFT_17174,ML978066,2435540,2436076,0.0001570593
gene:BU24DRAFT_457220,gene:BU24DRAFT_457220,ML978066,2439221,2440606,5.747965e-05
gene:BU24DRAFT_383274,gene:BU24DRAFT_383274,ML978066,2443789,2446085,0.00030009632
gene:BU24DRAFT_446289,gene:BU24DRAFT_446289,ML978066,2447190,2448971,0.00023836382
gene:BU24DRAFT_416880,gene:BU24DRAFT_416880,ML978066,2449515,2452374,0.00011032516
gene:BU24DRAFT_17426,gene:BU24DRAFT_17426,ML978066,2452386,2453334,0.00013632515
gene:BU24DRAFT_17425,gene:BU24DRAFT_17425,ML978066,2453336,2456342,9.178016e-05
gene:BU24DRAFT_457224,gene:BU24DRAFT_457224,ML978066,2456619,2457129,0.00013215092
gene:BU24DRAFT_487686,gene:BU24DRAFT_487686,ML978066,2456961,2457734,0.00019344094
gene:BU24DRAFT_416882,gene:BU24DRAFT_416882,ML978066,2457775,2458942,0.00034022192
gene:BU24DRAFT_416885,gene:BU24DRAFT_416885,ML978066,2459075,2460933,0.00014196496
gene:BU24DRAFT_404267,gene:BU24DRAFT_404267,ML978066,2464636,2469925,9.629201e-05
gene:BU24DRAFT_416889,gene:BU24DRAFT_416889,ML978066,2470522,2471101,0.00011310427
gene:BU24DRAFT_17559,gene:BU24DRAFT_17559,ML978066,2474233,2477051,0.00023005473
gene:BU24DRAFT_487692,gene:BU24DRAFT_487692,ML978066,2477076,2479324,0.00011668414
gene:BU24DRAFT_446297,gene:BU24DRAFT_446297,ML978066,2480268,2481408,8.202936e-05
gene:BU24DRAFT_416892,gene:BU24DRAFT_416892,ML978066,2482053,2484471,0.00034274056
gene:BU24DRAFT_416893,gene:BU24DRAFT_416893,ML978066,2484847,2485331,0.00018291752
gene:BU24DRAFT_416894,gene:BU24DRAFT_416894,ML978066,2485937,2487280,8.048661e-05
gene:BU24DRAFT_416895,gene:BU24DRAFT_416895,ML978066,2487687,2488547,0.000117255215
gene:BU24DRAFT_361853,gene:BU24DRAFT_361853,ML978066,2488745,2495174,8.069982e-05
gene:BU24DRAFT_487697,gene:BU24DRAFT_487697,ML978066,2495375,2497712,9.188864e-05
gene:BU24DRAFT_416898,gene:BU24DRAFT_416898,ML978066,2497784,2498998,8.589678e-05
gene:BU24DRAFT_487699,gene:BU24DRAFT_487699,ML978066,2500218,2502141,7.502543e-05
gene:BU24DRAFT_438432,gene:BU24DRAFT_438432,ML978066,2503480,2506013,0.0001317283
gene:BU24DRAFT_416902,gene:BU24DRAFT_416902,ML978066,2506936,2507577,0.00016422941
gene:BU24DRAFT_487702,gene:BU24DRAFT_487702,ML978066,2511957,2514811,7.5973716e-05
gene:BU24DRAFT_17795,gene:BU24DRAFT_17795,ML978066,2515347,2516932,0.000112035406
gene:BU24DRAFT_416906,gene:BU24DRAFT_416906,ML978066,2517003,2518165,9.345838e-05
gene:BU24DRAFT_17793,gene:BU24DRAFT_17793,ML978066,2518040,2520849,5.667262e-05
gene:BU24DRAFT_17791,gene:BU24DRAFT_17791,ML978066,2521858,2522839,8.3624305e-05
gene:BU24DRAFT_416907,gene:BU24DRAFT_416907,ML978066,2523026,2524950,6.6176086e-05
gene:BU24DRAFT_416912,gene:BU24DRAFT_416912,ML978066,2526377,2527815,6.169576e-05
gene:BU24DRAFT_361859,gene:BU24DRAFT_361859,ML978066,2528123,2530223,6.419662e-05
gene:BU24DRAFT_446312,gene:BU24DRAFT_446312,ML978066,2530220,2532146,6.7321176e-05
gene:BU24DRAFT_416915,gene:BU24DRAFT_416915,ML978066,2532336,2534368,9.193808e-05
gene:BU24DRAFT_487710,gene:BU24DRAFT_487710,ML978066,2534452,2535455,0.00038208335
gene:BU24DRAFT_416917,gene:BU24DRAFT_416917,ML978066,2536459,2537547,8.0609905e-05
gene:BU24DRAFT_446316,gene:BU24DRAFT_446316,ML978066,2537618,2538926,7.806304e-05
gene:BU24DRAFT_416918,gene:BU24DRAFT_416918,ML978066,2539453,2540612,0.00030075625
gene:BU24DRAFT_338136,gene:BU24DRAFT_338136,ML978066,2540906,2542924,0.00072384113
gene:BU24DRAFT_416919,gene:BU24DRAFT_416919,ML978066,2543840,2544539,0.00027757222
gene:BU24DRAFT_383304,gene:BU24DRAFT_383304,ML978066,2544491,2546549,0.00040100337
gene:BU24DRAFT_416920,gene:BU24DRAFT_416920,ML978066,2547447,2549088,0.0004805337
gene:BU24DRAFT_416921,gene:BU24DRAFT_416921,ML978066,2549039,2550496,9.609065e-05
gene:BU24DRAFT_446320,gene:BU24DRAFT_446320,ML978066,2551192,2552026,9.916266e-05
gene:BU24DRAFT_416925,gene:BU24DRAFT_416925,ML978066,2553131,2554108,0.00010725013
gene:BU24DRAFT_416926,gene:BU24DRAFT_416926,ML978066,2554282,2557210,6.616637e-05
gene:BU24DRAFT_18011,gene:BU24DRAFT_18011,ML978066,2557314,2559165,6.393467e-05
gene:BU24DRAFT_361881,gene:BU24DRAFT_361881,ML978066,2560302,2562620,8.252531e-05
gene:BU24DRAFT_416929,gene:BU24DRAFT_416929,ML978066,2564309,2565273,0.000100166144
gene:BU24DRAFT_416931,gene:BU24DRAFT_416931,ML978066,2565609,2566696,0.00013935164
gene:BU24DRAFT_487723,gene:BU24DRAFT_487723,ML978066,2566976,2567713,0.00016662487
gene:BU24DRAFT_18055,gene:BU24DRAFT_18055,ML978066,2568476,2569513,8.658204e-05
gene:BU24DRAFT_416933,gene:BU24DRAFT_416933,ML978066,2569660,2571338,0.00011253876
gene:BU24DRAFT_416934,gene:BU24DRAFT_416934,ML978066,2571319,2575641,6.4467145e-05
gene:BU24DRAFT_446329,gene:BU24DRAFT_446329,ML978066,2576457,2577650,5.1519408e-05
gene:BU24DRAFT_487728,gene:BU24DRAFT_487728,ML978066,2577840,2578930,0.00011076662
gene:BU24DRAFT_18094,gene:BU24DRAFT_18094,ML978066,2579501,2580048,0.0001491663
gene:BU24DRAFT_404307,gene:BU24DRAFT_404307,ML978066,2581523,2587077,0.003986612
gene:BU24DRAFT_446332,gene:BU24DRAFT_446332,ML978066,2587597,2589192,0.00026074427
gene:BU24DRAFT_446333,gene:BU24DRAFT_446333,ML978066,2589279,2592128,0.00012861544
gene:BU24DRAFT_487733,gene:BU24DRAFT_487733,ML978066,2592073,2596305,8.041673e-05
gene:BU24DRAFT_487734,gene:BU24DRAFT_487734,ML978066,2596166,2598657,0.0004707646
gene:BU24DRAFT_446336,gene:BU24DRAFT_446336,ML978066,2599104,2601603,0.00045248214
gene:BU24DRAFT_457275,gene:BU24DRAFT_457275,ML978066,2601843,2602119,0.0001891402
gene:BU24DRAFT_404313,gene:BU24DRAFT_404313,ML978066,2602857,2604439,0.00012697055
gene:BU24DRAFT_18391,gene:BU24DRAFT_18391,ML978066,2605943,2607395,0.00011066043
gene:BU24DRAFT_404315,gene:BU24DRAFT_404315,ML978066,2608338,2611934,3.178291e-05
gene:BU24DRAFT_416948,gene:BU24DRAFT_416948,ML978066,2612061,2613440,4.5907098e-05
gene:BU24DRAFT_404317,gene:BU24DRAFT_404317,ML978066,2614015,2615880,0.000109094195
gene:BU24DRAFT_18465,gene:BU24DRAFT_18465,ML978066,2618608,2621451,0.0001983114
gene:BU24DRAFT_416956,gene:BU24DRAFT_416956,ML978066,2623753,2626758,5.1364772e-05
gene:BU24DRAFT_339610,gene:BU24DRAFT_339610,ML978066,2626937,2629936,0.00015312352
gene:BU24DRAFT_18536,gene:BU24DRAFT_18536,ML978066,2630202,2632821,0.00033231103
gene:BU24DRAFT_430038,gene:BU24DRAFT_430038,ML978066,2635216,2636833,0.00015567263
gene:BU24DRAFT_457286,gene:BU24DRAFT_457286,ML978066,2640097,2641895,6.287907e-05
gene:BU24DRAFT_457287,gene:BU24DRAFT_457287,ML978066,2642125,2643218,4.0544488e-05
gene:BU24DRAFT_416962,gene:BU24DRAFT_416962,ML978066,2643822,2644251,5.0904127e-05
gene:BU24DRAFT_361910,gene:BU24DRAFT_361910,ML978066,2644509,2646583,7.473233e-05
gene:BU24DRAFT_18669,gene:BU24DRAFT_18669,ML978066,2646801,2648909,0.0001685424
gene:BU24DRAFT_430041,gene:BU24DRAFT_430041,ML978066,2649806,2651666,0.00023511234
gene:BU24DRAFT_416965,gene:BU24DRAFT_416965,ML978066,2651995,2653328,5.9945873e-05
gene:BU24DRAFT_416966,gene:BU24DRAFT_416966,ML978066,2653233,2653887,6.648615e-05
gene:BU24DRAFT_18961,gene:BU24DRAFT_18961,ML978066,2654506,2656075,7.2387644e-05
gene:BU24DRAFT_457293,gene:BU24DRAFT_457293,ML978066,2656821,2658252,9.648098e-05
gene:BU24DRAFT_416969,gene:BU24DRAFT_416969,ML978066,2658932,2659859,7.339355e-05
gene:BU24DRAFT_404330,gene:BU24DRAFT_404330,ML978066,2661328,2662143,0.00016650521
gene:BU24DRAFT_457295,gene:BU24DRAFT_457295,ML978066,2662922,2663199,0.00011437274
gene:BU24DRAFT_18983,gene:BU24DRAFT_18983,ML978066,2665464,2666016,8.344546e-05
gene:BU24DRAFT_416971,gene:BU24DRAFT_416971,ML978066,2666008,2666661,0.00015660444
gene:BU24DRAFT_19012,gene:BU24DRAFT_19012,ML978066,2667601,2670631,0.00040737103
gene:BU24DRAFT_430044,gene:BU24DRAFT_430044,ML978066,2671850,2673875,7.9934696e-05
gene:BU24DRAFT_446356,gene:BU24DRAFT_446356,ML978066,2674216,2676153,5.2310912e-05
gene:BU24DRAFT_361923,gene:BU24DRAFT_361923,ML978066,2676312,2679319,4.052124e-05
gene:BU24DRAFT_19128,gene:BU24DRAFT_19128,ML978066,2680252,2681675,7.9748344e-05
gene:BU24DRAFT_416978,gene:BU24DRAFT_416978,ML978066,2685910,2686772,6.841836e-05
gene:BU24DRAFT_416979,gene:BU24DRAFT_416979,ML978066,2686944,2687870,8.120258e-05
gene:BU24DRAFT_19201,gene:BU24DRAFT_19201,ML978066,2689309,2689833,7.110615e-05
gene:BU24DRAFT_404338,gene:BU24DRAFT_404338,ML978066,2691819,2692522,9.4202165e-05
gene:BU24DRAFT_338811,gene:BU24DRAFT_338811,ML978066,2693139,2694621,9.677787e-05
gene:BU24DRAFT_416984,gene:BU24DRAFT_416984,ML978066,2695315,2695923,0.00012818984
gene:BU24DRAFT_438464,gene:BU24DRAFT_438464,ML978066,2696134,2698684,0.00013255328
gene:BU24DRAFT_339587,gene:BU24DRAFT_339587,ML978066,2699150,2700184,0.00019274504
gene:BU24DRAFT_404342,gene:BU24DRAFT_404342,ML978066,2702730,2703445,9.381864e-05
gene:BU24DRAFT_383368,gene:BU24DRAFT_383368,ML978066,2703827,2709888,0.00012335896
gene:BU24DRAFT_457309,gene:BU24DRAFT_457309,ML978066,2710015,2710824,0.0012776264
gene:BU24DRAFT_19296,gene:BU24DRAFT_19296,ML978066,2712004,2714375,0.00014016726
gene:BU24DRAFT_19314,gene:BU24DRAFT_19314,ML978066,2717606,2720052,0.00021326027
gene:BU24DRAFT_404347,gene:BU24DRAFT_404347,ML978066,2721893,2722399,0.00041489818
gene:BU24DRAFT_19386,gene:BU24DRAFT_19386,ML978066,2726700,2731632,0.005312428
gene:BU24DRAFT_416993,gene:BU24DRAFT_416993,ML978066,2732789,2733381,0.00053259596
gene:BU24DRAFT_19415,gene:BU24DRAFT_19415,ML978066,2733674,2734125,0.00053518236
gene:BU24DRAFT_416997,gene:BU24DRAFT_416997,ML978066,2734126,2736087,0.000103311584
gene:BU24DRAFT_457316,gene:BU24DRAFT_457316,ML978066,2737802,2739604,0.00041376284
gene:BU24DRAFT_361945,gene:BU24DRAFT_361945,ML978066,2739665,2741070,0.00070792006
gene:BU24DRAFT_417000,gene:BU24DRAFT_417000,ML978066,2741296,2743441,0.00030821073
gene:BU24DRAFT_417001,gene:BU24DRAFT_417001,ML978066,2743704,2744324,0.00020986906
gene:BU24DRAFT_417004,gene:BU24DRAFT_417004,ML978066,2745985,2746625,0.00014646853
gene:BU24DRAFT_457320,gene:BU24DRAFT_457320,ML978066,2747844,2755129,0.000106687585
gene:BU24DRAFT_417006,gene:BU24DRAFT_417006,ML978066,2754965,2756890,0.00015114027
gene:BU24DRAFT_417007,gene:BU24DRAFT_417007,ML978066,2757217,2760488,5.4457898e-05
gene:BU24DRAFT_470122,gene:BU24DRAFT_470122,ML978066,2762321,2764033,4.9604307e-05
gene:BU24DRAFT_361949,gene:BU24DRAFT_361949,ML978066,2766259,2768827,4.9008824e-05
gene:BU24DRAFT_417010,gene:BU24DRAFT_417010,ML978066,2769050,2770367,7.6345576e-05
gene:BU24DRAFT_417011,gene:BU24DRAFT_417011,ML978066,2770679,2772342,5.6683406e-05
gene:BU24DRAFT_338176,gene:BU24DRAFT_338176,ML978066,2778026,2779938,0.00010787012
gene:BU24DRAFT_404362,gene:BU24DRAFT_404362,ML978066,2780314,2781949,9.699494e-05
gene:BU24DRAFT_417013,gene:BU24DRAFT_417013,ML978066,2781984,2783749,0.00010486179
gene:BU24DRAFT_383392,gene:BU24DRAFT_383392,ML978066,2783865,2785866,0.00015935689
gene:BU24DRAFT_446385,gene:BU24DRAFT_446385,ML978066,2786339,2787957,0.00011619686
gene:BU24DRAFT_19608,gene:BU24DRAFT_19608,ML978066,2788035,2789465,0.0002653728
gene:BU24DRAFT_487788,gene:BU24DRAFT_487788,ML978066,2790272,2792042,0.0003028998
gene:BU24DRAFT_417016,gene:BU24DRAFT_417016,ML978066,2792232,2793627,0.0004625306
gene:BU24DRAFT_361963,gene:BU24DRAFT_361963,ML978066,2797966,2799077,0.00056002114
gene:BU24DRAFT_446390,gene:BU24DRAFT_446390,ML978066,2799602,2801252,0.00025171414
gene:BU24DRAFT_19694,gene:BU24DRAFT_19694,ML978066,2801698,2804468,0.00096525555
gene:BU24DRAFT_417020,gene:BU24DRAFT_417020,ML978066,2805555,2808253,0.00011627449
gene:BU24DRAFT_19703,gene:BU24DRAFT_19703,ML978066,2808587,2810433,4.7915477e-05
gene:BU24DRAFT_487795,gene:BU24DRAFT_487795,ML978066,2810503,2811632,2.967106e-05
gene:BU24DRAFT_417023,gene:BU24DRAFT_417023,ML978066,2811673,2812755,2.6110407e-05
gene:BU24DRAFT_383406,gene:BU24DRAFT_383406,ML978066,2812878,2814887,3.2848286e-05
gene:BU24DRAFT_383408,gene:BU24DRAFT_383408,ML978066,2814791,2816162,0.00019784951
gene:BU24DRAFT_417026,gene:BU24DRAFT_417026,ML978066,2816451,2818276,0.020607816
gene:BU24DRAFT_457346,gene:BU24DRAFT_457346,ML978066,2818642,2819649,0.0004120787
gene:BU24DRAFT_457347,gene:BU24DRAFT_457347,ML978066,2820861,2821167,0.00011754573
gene:BU24DRAFT_417027,gene:BU24DRAFT_417027,ML978066,2821562,2822971,0.00035186653
gene:BU24DRAFT_446398,gene:BU24DRAFT_446398,ML978066,2823107,2825264,0.00065121794
gene:BU24DRAFT_417030,gene:BU24DRAFT_417030,ML978066,2831331,2833786,0.0005134429
gene:BU24DRAFT_430077,gene:BU24DRAFT_430077,ML978066,2838832,2839585,0.00012432327
gene:BU24DRAFT_457353,gene:BU24DRAFT_457353,ML978066,2840606,2842041,0.00010318457
gene:BU24DRAFT_404386,gene:BU24DRAFT_404386,ML978066,2843875,2844549,0.00012222627
gene:BU24DRAFT_487807,gene:BU24DRAFT_487807,ML978066,2845796,2846453,9.7910604e-05
gene:BU24DRAFT_404387,gene:BU24DRAFT_404387,ML978066,2848324,2850165,0.00016926992
gene:BU24DRAFT_361990,gene:BU24DRAFT_361990,ML978066,2851328,2854142,9.8741795e-05
gene:BU24DRAFT_20017,gene:BU24DRAFT_20017,ML978066,2854217,2855965,0.0001240282
gene:BU24DRAFT_457359,gene:BU24DRAFT_457359,ML978066,2856322,2857154,0.00010211498
gene:BU24DRAFT_20087,gene:BU24DRAFT_20087,ML978066,2857447,2859941,0.00017655057
gene:BU24DRAFT_404392,gene:BU24DRAFT_404392,ML978066,2862620,2863576,0.0001502749
gene:BU24DRAFT_20104,gene:BU24DRAFT_20104,ML978066,2867541,2869095,0.00013991463
gene:BU24DRAFT_338120,gene:BU24DRAFT_338120,ML978066,2872375,2874867,7.965358e-05
gene:BU24DRAFT_487814,gene:BU24DRAFT_487814,ML978066,2876530,2879134,0.00010981935
gene:BU24DRAFT_417042,gene:BU24DRAFT_417042,ML978066,2879458,2883833,0.00014169909
gene:BU24DRAFT_487816,gene:BU24DRAFT_487816,ML978066,2884881,2897223,0.00014670589
gene:BU24DRAFT_383446,gene:BU24DRAFT_383446,ML978066,2897306,2900834,9.95498e-05
gene:BU24DRAFT_417046,gene:BU24DRAFT_417046,ML978066,2901494,2902484,0.00016272735
gene:BU24DRAFT_487819,gene:BU24DRAFT_487819,ML978066,2903025,2907854,7.72516e-05
gene:BU24DRAFT_20253,gene:BU24DRAFT_20253,ML978066,2908248,2909839,0.0001599225
gene:BU24DRAFT_404401,gene:BU24DRAFT_404401,ML978066,2909752,2911090,0.00014521818
gene:BU24DRAFT_470162,gene:BU24DRAFT_470162,ML978066,2912271,2914733,0.00013671357
gene:BU24DRAFT_20283,gene:BU24DRAFT_20283,ML978066,2914955,2915288,0.0001193943
gene:BU24DRAFT_20279,gene:BU24DRAFT_20279,ML978066,2915250,2916979,5.6275872e-05
gene:BU24DRAFT_417050,gene:BU24DRAFT_417050,ML978066,2922040,2923178,8.950132e-05
gene:BU24DRAFT_417052,gene:BU24DRAFT_417052,ML978066,2924627,2926017,0.00011801441
gene:BU24DRAFT_404407,gene:BU24DRAFT_404407,ML978066,2926024,2927144,5.7043075e-05
gene:BU24DRAFT_487824,gene:BU24DRAFT_487824,ML978066,2931464,2932782,6.770794e-05
gene:BU24DRAFT_417054,gene:BU24DRAFT_417054,ML978066,2932503,2933646,0.00010334356
gene:BU24DRAFT_430092,gene:BU24DRAFT_430092,ML978066,2936809,2939727,0.00015834182
gene:BU24DRAFT_417059,gene:BU24DRAFT_417059,ML978066,2942227,2943693,7.804545e-05
gene:BU24DRAFT_430094,gene:BU24DRAFT_430094,ML978066,2945095,2946799,0.00013147428
gene:BU24DRAFT_438508,gene:BU24DRAFT_438508,ML978066,2951883,2955437,6.4058666e-05
gene:BU24DRAFT_417064,gene:BU24DRAFT_417064,ML978066,2955117,2957048,0.00025458506
gene:BU24DRAFT_383465,gene:BU24DRAFT_383465,ML978066,2957380,2959707,0.0039804094
gene:BU24DRAFT_457385,gene:BU24DRAFT_457385,ML978066,2960543,2960849,0.00028872056
gene:BU24DRAFT_20649,gene:BU24DRAFT_20649,ML978066,2965558,2971142,0.0001240866
gene:BU24DRAFT_20641,gene:BU24DRAFT_20641,ML978066,2973315,2973785,0.0001900241
gene:BU24DRAFT_487835,gene:BU24DRAFT_487835,ML978066,2974062,2975938,5.4306256e-05
gene:BU24DRAFT_339316,gene:BU24DRAFT_339316,ML978066,2977213,2979153,4.6754438e-05
gene:BU24DRAFT_457390,gene:BU24DRAFT_457390,ML978066,2982442,2983278,5.246454e-05
gene:BU24DRAFT_457391,gene:BU24DRAFT_457391,ML978066,2983541,2984353,7.62049e-05
gene:BU24DRAFT_417072,gene:BU24DRAFT_417072,ML978066,2984685,2986006,0.00012210624
gene:BU24DRAFT_446434,gene:BU24DRAFT_446434,ML978066,2986134,2987595,0.00018711625
gene:BU24DRAFT_417075,gene:BU24DRAFT_417075,ML978066,2988967,2993530,0.00012777428
gene:BU24DRAFT_20750,gene:BU24DRAFT_20750,ML978066,2997137,2998358,6.224895e-05
gene:BU24DRAFT_383476,gene:BU24DRAFT_383476,ML978066,2999123,3001769,4.1390053e-05
gene:BU24DRAFT_487844,gene:BU24DRAFT_487844,ML978066,3001973,3004177,8.8548906e-05
gene:BU24DRAFT_417079,gene:BU24DRAFT_417079,ML978066,3004453,3005541,0.00012619808
gene:BU24DRAFT_339308,gene:BU24DRAFT_339308,ML978066,3005840,3006799,0.00012484293
gene:BU24DRAFT_470179,gene:BU24DRAFT_470179,ML978066,3008118,3008933,0.00015536584
gene:BU24DRAFT_457401,gene:BU24DRAFT_457401,ML978066,3009412,3010500,0.0001531854
gene:BU24DRAFT_383484,gene:BU24DRAFT_383484,ML978066,3010765,3013135,0.00022812084
gene:BU24DRAFT_404431,gene:BU24DRAFT_404431,ML978066,3013341,3014444,0.08221113
gene:BU24DRAFT_457404,gene:BU24DRAFT_457404,ML978066,3014819,3015648,0.001186587
gene:BU24DRAFT_487848,gene:BU24DRAFT_487848,ML978066,3016882,3018105,0.0007663888
gene:BU24DRAFT_383490,gene:BU24DRAFT_383490,ML978066,3018772,3020296,0.0025363434
gene:BU24DRAFT_20829,gene:BU24DRAFT_20829,ML978066,3019820,3021037,0.00024185372
gene:BU24DRAFT_417085,gene:BU24DRAFT_417085,ML978066,3020756,3021782,5.033497e-05
gene:BU24DRAFT_446444,gene:BU24DRAFT_446444,ML978066,3021901,3023372,8.3737104e-05
gene:BU24DRAFT_20861,gene:BU24DRAFT_20861,ML978066,3023687,3025969,0.00013476441
gene:BU24DRAFT_487853,gene:BU24DRAFT_487853,ML978066,3027911,3029197,0.0002088837
gene:BU24DRAFT_487854,gene:BU24DRAFT_487854,ML978066,3029406,3030213,0.00019210645
gene:BU24DRAFT_470199,gene:BU24DRAFT_470199,ML978066,3030553,3032486,0.00040184468
gene:BU24DRAFT_470201,gene:BU24DRAFT_470201,ML978066,3032668,3033546,0.0012269907
gene:BU24DRAFT_383497,gene:BU24DRAFT_383497,ML978066,3034961,3038866,0.0024889023
gene:BU24DRAFT_362066,gene:BU24DRAFT_362066,ML978066,3039492,3041772,0.0040751677
gene:BU24DRAFT_487857,gene:BU24DRAFT_487857,ML978066,3041892,3042465,0.0006339442
gene:BU24DRAFT_20908,gene:BU24DRAFT_20908,ML978066,3042522,3044448,0.00028561987
gene:BU24DRAFT_487858,gene:BU24DRAFT_487858,ML978066,3044234,3045757,0.00024761862
gene:BU24DRAFT_487859,gene:BU24DRAFT_487859,ML978066,3046128,3047850,0.00015862855
gene:BU24DRAFT_438524,gene:BU24DRAFT_438524,ML978066,3048185,3049346,0.006700571
gene:BU24DRAFT_470216,gene:BU24DRAFT_470216,ML978066,3049575,3050643,0.028104173
gene:BU24DRAFT_417094,gene:BU24DRAFT_417094,ML978066,3051133,3053260,0.050177302
gene:BU24DRAFT_417095,gene:BU24DRAFT_417095,ML978066,3053489,3054908,0.06984959
gene:BU24DRAFT_446456,gene:BU24DRAFT_446456,ML978066,3054929,3055741,0.039357584
gene:BU24DRAFT_470220,gene:BU24DRAFT_470220,ML978066,3057433,3058720,0.015781075
gene:BU24DRAFT_417097,gene:BU24DRAFT_417097,ML978066,3058535,3059653,0.002433979
gene:BU24DRAFT_417099,gene:BU24DRAFT_417099,ML978066,3060961,3064502,0.0005018429
gene:BU24DRAFT_338823,gene:BU24DRAFT_338823,ML978066,3064574,3066550,9.866287e-05
gene:BU24DRAFT_438531,gene:BU24DRAFT_438531,ML978066,3066968,3068284,0.000102654936
gene:BU24DRAFT_21040,gene:BU24DRAFT_21040,ML978066,3068744,3070303,0.0001360707
gene:BU24DRAFT_430123,gene:BU24DRAFT_430123,ML978066,3070378,3072070,0.00015892048
gene:BU24DRAFT_470223,gene:BU24DRAFT_470223,ML978066,3072941,3074548,0.00032678794
gene:BU24DRAFT_446463,gene:BU24DRAFT_446463,ML978066,3075855,3077195,0.00019647661
gene:BU24DRAFT_457434,gene:BU24DRAFT_457434,ML978066,3079393,3081255,0.0003266273
gene:BU24DRAFT_487870,gene:BU24DRAFT_487870,ML978066,3082443,3084277,0.00410653
gene:BU24DRAFT_383514,gene:BU24DRAFT_383514,ML978066,3084320,3086208,0.032013923
gene:BU24DRAFT_21095,gene:BU24DRAFT_21095,ML978066,3089573,3090425,0.042101312
gene:BU24DRAFT_21081,gene:BU24DRAFT_21081,ML978066,3090972,3092880,0.0056434763
gene:BU24DRAFT_430128,gene:BU24DRAFT_430128,ML978066,3093015,3094300,0.00583005
gene:BU24DRAFT_21137,gene:BU24DRAFT_21137,ML978066,3094875,3095977,0.009455944
gene:BU24DRAFT_487875,gene:BU24DRAFT_487875,ML978066,3097613,3099201,0.0011873429
gene:BU24DRAFT_487876,gene:BU24DRAFT_487876,ML978066,3099389,3100256,0.00013446104
gene:BU24DRAFT_383516,gene:BU24DRAFT_383516,ML978066,3100808,3102318,0.00026650392
gene:BU24DRAFT_430133,gene:BU24DRAFT_430133,ML978066,3102462,3104734,3.480651e-05
gene:BU24DRAFT_404473,gene:BU24DRAFT_404473,ML978066,3105387,3106339,7.0435184e-05
gene:BU24DRAFT_457444,gene:BU24DRAFT_457444,ML978066,3106777,3108039,5.041411e-05
gene:BU24DRAFT_21200,gene:BU24DRAFT_21200,ML978066,3108213,3109329,0.000105393374
gene:BU24DRAFT_457446,gene:BU24DRAFT_457446,ML978066,3109247,3110721,2.9969244e-05
gene:BU24DRAFT_21229,gene:BU24DRAFT_21229,ML978066,3111914,3114406,5.966728e-05
gene:BU24DRAFT_438540,gene:BU24DRAFT_438540,ML978066,3115633,3117230,3.784125e-05
gene:BU24DRAFT_487883,gene:BU24DRAFT_487883,ML978066,3120438,3121975,5.7323792e-05
gene:BU24DRAFT_446479,gene:BU24DRAFT_446479,ML978066,3123627,3124523,0.00012835495
gene:BU24DRAFT_362091,gene:BU24DRAFT_362091,ML978066,3124480,3126983,6.2548104e-05
gene:BU24DRAFT_21281,gene:BU24DRAFT_21281,ML978066,3127087,3129604,0.00011116594
gene:BU24DRAFT_21282,gene:BU24DRAFT_21282,ML978066,3129605,3131119,0.00011168464
gene:BU24DRAFT_362099,gene:BU24DRAFT_362099,ML978066,3130969,3132147,6.0387516e-05
gene:BU24DRAFT_417117,gene:BU24DRAFT_417117,ML978066,3132217,3133736,7.994575e-05
gene:BU24DRAFT_338135,gene:BU24DRAFT_338135,ML978066,3133696,3135668,0.0012806131
gene:BU24DRAFT_487890,gene:BU24DRAFT_487890,ML978066,3136746,3137999,0.003495034
gene:BU24DRAFT_487891,gene:BU24DRAFT_487891,ML978066,3138244,3140508,0.0034663617
gene:BU24DRAFT_457459,gene:BU24DRAFT_457459,ML978066,3141731,3142522,0.0003789522
gene:BU24DRAFT_417119,gene:BU24DRAFT_417119,ML978066,3142676,3144762,0.00011915474
gene:BU24DRAFT_417121,gene:BU24DRAFT_417121,ML978066,3145904,3146703,0.00010036613
gene:BU24DRAFT_417123,gene:BU24DRAFT_417123,ML978066,3147134,3149914,3.743289e-05
gene:BU24DRAFT_21372,gene:BU24DRAFT_21372,ML978066,3150901,3152543,4.182784e-05
gene:BU24DRAFT_470255,gene:BU24DRAFT_470255,ML978066,3153239,3156413,0.00010624976
gene:BU24DRAFT_339037,gene:BU24DRAFT_339037,ML978066,3158026,3159570,5.209607e-05
gene:BU24DRAFT_21493,gene:BU24DRAFT_21493,ML978066,3161100,3162497,5.5586886e-05
gene:BU24DRAFT_417128,gene:BU24DRAFT_417128,ML978066,3162476,3164332,5.040891e-05
gene:BU24DRAFT_21504,gene:BU24DRAFT_21504,ML978066,3165186,3166363,7.542254e-05
gene:BU24DRAFT_383548,gene:BU24DRAFT_383548,ML978066,3166591,3169121,9.312398e-05
gene:BU24DRAFT_470259,gene:BU24DRAFT_470259,ML978066,3170569,3171396,6.767354e-05
gene:BU24DRAFT_21569,gene:BU24DRAFT_21569,ML978066,3172937,3174858,8.34852e-05
gene:BU24DRAFT_417132,gene:BU24DRAFT_417132,ML978066,3174846,3178301,0.0001026265
gene:BU24DRAFT_417133,gene:BU24DRAFT_417133,ML978066,3178172,3180077,0.00044157886
gene:BU24DRAFT_337600,gene:BU24DRAFT_337600,ML978066,3180777,3184424,9.41529e-05
gene:BU24DRAFT_383556,gene:BU24DRAFT_383556,ML978066,3186854,3190047,5.9416165e-05
gene:BU24DRAFT_470267,gene:BU24DRAFT_470267,ML978066,3191051,3192769,0.00019091101
gene:BU24DRAFT_470269,gene:BU24DRAFT_470269,ML978066,3193473,3194563,9.239622e-05
gene:BU24DRAFT_21699,gene:BU24DRAFT_21699,ML978066,3197380,3199644,3.343708e-05
gene:BU24DRAFT_339068,gene:BU24DRAFT_339068,ML978066,3201395,3202531,0.000120249264
gene:BU24DRAFT_417142,gene:BU24DRAFT_417142,ML978066,3203358,3203825,0.0003392939
gene:BU24DRAFT_470275,gene:BU24DRAFT_470275,ML978066,3203960,3206106,0.004945868
gene:BU24DRAFT_470280,gene:BU24DRAFT_470280,ML978066,3206538,3208188,0.023911545
gene:BU24DRAFT_417143,gene:BU24DRAFT_417143,ML978066,3207591,3209097,0.0032745453
gene:BU24DRAFT_457483,gene:BU24DRAFT_457483,ML978066,3210050,3210410,0.0023311197
gene:BU24DRAFT_417145,gene:BU24DRAFT_417145,ML978066,3212311,3214158,0.0007783365
gene:BU24DRAFT_417147,gene:BU24DRAFT_417147,ML978066,3214765,3216114,0.00035624224
gene:BU24DRAFT_417149,gene:BU24DRAFT_417149,ML978066,3218367,3221079,0.00046494114
gene:BU24DRAFT_430157,gene:BU24DRAFT_430157,ML978066,3221371,3223363,0.00037811688
gene:BU24DRAFT_21881,gene:BU24DRAFT_21881,ML978066,3223325,3223734,0.00021888471
gene:BU24DRAFT_362141,gene:BU24DRAFT_362141,ML978066,3224080,3226618,0.00021469532
gene:BU24DRAFT_383577,gene:BU24DRAFT_383577,ML978066,3228417,3229653,0.00033793304
gene:BU24DRAFT_337364,gene:BU24DRAFT_337364,ML978066,3230354,3231942,0.0005891226
gene:BU24DRAFT_417152,gene:BU24DRAFT_417152,ML978066,3233313,3235392,0.00064411864
gene:BU24DRAFT_417153,gene:BU24DRAFT_417153,ML978066,3235393,3236881,0.00017509604
gene:BU24DRAFT_487920,gene:BU24DRAFT_487920,ML978066,3238062,3239898,0.0003883693
gene:BU24DRAFT_417155,gene:BU24DRAFT_417155,ML978066,3241374,3243516,0.00016958015
gene:BU24DRAFT_417156,gene:BU24DRAFT_417156,ML978066,3244069,3245274,0.0004869503
gene:BU24DRAFT_340019,gene:BU24DRAFT_340019,ML978066,3246851,3252807,0.0006082099
gene:BU24DRAFT_22081,gene:BU24DRAFT_22081,ML978066,3253373,3255292,0.0002641004
gene:BU24DRAFT_417162,gene:BU24DRAFT_417162,ML978066,3255257,3256342,0.00011989111
gene:BU24DRAFT_417163,gene:BU24DRAFT_417163,ML978066,3256499,3257507,4.506291e-05
gene:BU24DRAFT_22107,gene:BU24DRAFT_22107,ML978066,3257415,3259021,5.1430106e-05
gene:BU24DRAFT_446522,gene:BU24DRAFT_446522,ML978066,3259009,3261842,2.6969903e-05
gene:BU24DRAFT_22136,gene:BU24DRAFT_22136,ML978066,3261963,3263585,4.4528926e-05
gene:BU24DRAFT_457505,gene:BU24DRAFT_457505,ML978066,3264242,3265605,5.1313982e-05
gene:BU24DRAFT_417166,gene:BU24DRAFT_417166,ML978066,3266112,3267211,7.277666e-05
gene:BU24DRAFT_417167,gene:BU24DRAFT_417167,ML978066,3267351,3269641,6.443833e-05
gene:BU24DRAFT_457508,gene:BU24DRAFT_457508,ML978066,3269931,3270554,0.00012523116
gene:BU24DRAFT_487932,gene:BU24DRAFT_487932,ML978066,3271884,3272883,8.116928e-05
gene:BU24DRAFT_417170,gene:BU24DRAFT_417170,ML978066,3273077,3274046,0.00013341011
gene:BU24DRAFT_417172,gene:BU24DRAFT_417172,ML978066,3274037,3275383,0.000103246726
gene:BU24DRAFT_417173,gene:BU24DRAFT_417173,ML978066,3275550,3278346,8.060137e-05
gene:BU24DRAFT_22273,gene:BU24DRAFT_22273,ML978066,3279650,3281916,4.484394e-05
gene:BU24DRAFT_383593,gene:BU24DRAFT_383593,ML978066,3283099,3284863,8.097269e-05
gene:BU24DRAFT_22298,gene:BU24DRAFT_22298,ML978066,3285972,3288480,0.00014835331
gene:BU24DRAFT_22303,gene:BU24DRAFT_22303,ML978066,3288450,3288997,0.00016578329
gene:BU24DRAFT_22349,gene:BU24DRAFT_22349,ML978066,3289349,3291295,0.00043967058
gene:BU24DRAFT_417179,gene:BU24DRAFT_417179,ML978066,3292430,3294163,6.8596775e-05
gene:BU24DRAFT_383601,gene:BU24DRAFT_383601,ML978066,3294697,3296004,0.00016066543
gene:BU24DRAFT_446536,gene:BU24DRAFT_446536,ML978066,3295994,3297385,7.900907e-05
gene:BU24DRAFT_446537,gene:BU24DRAFT_446537,ML978066,3297246,3299195,4.2357282e-05
gene:BU24DRAFT_417183,gene:BU24DRAFT_417183,ML978066,3299354,3301511,4.2775926e-05
gene:BU24DRAFT_417185,gene:BU24DRAFT_417185,ML978066,3301510,3303263,0.001214773
gene:BU24DRAFT_404553,gene:BU24DRAFT_404553,ML978066,3304639,3305973,0.00030160995
gene:BU24DRAFT_22444,gene:BU24DRAFT_22444,ML978066,3306941,3308588,0.0005553012
gene:BU24DRAFT_22456,gene:BU24DRAFT_22456,ML978066,3310239,3310857,0.00043853922
gene:BU24DRAFT_22462,gene:BU24DRAFT_22462,ML978066,3313814,3315641,5.416851e-05
gene:BU24DRAFT_22475,gene:BU24DRAFT_22475,ML978066,3317132,3317628,0.00012962538
gene:BU24DRAFT_22468,gene:BU24DRAFT_22468,ML978066,3318618,3320902,0.00017454004
gene:BU24DRAFT_22545,gene:BU24DRAFT_22545,ML978066,3321708,3323914,0.003488976
gene:BU24DRAFT_22561,gene:BU24DRAFT_22561,ML978066,3326089,3328010,0.0019740409
gene:BU24DRAFT_417194,gene:BU24DRAFT_417194,ML978066,3327779,3330138,0.0023605416
gene:BU24DRAFT_417195,gene:BU24DRAFT_417195,ML978066,3330999,3331640,0.00030568743
gene:BU24DRAFT_404561,gene:BU24DRAFT_404561,ML978066,3333405,3334184,0.00010199058
gene:BU24DRAFT_417198,gene:BU24DRAFT_417198,ML978066,3336228,3336963,0.00013033855
gene:BU24DRAFT_404563,gene:BU24DRAFT_404563,ML978066,3337582,3338433,5.509358e-05
gene:BU24DRAFT_487956,gene:BU24DRAFT_487956,ML978066,3339430,3341345,0.00012579892
gene:BU24DRAFT_22713,gene:BU24DRAFT_22713,ML978066,3344633,3345230,0.00012758777
gene:BU24DRAFT_336272,gene:BU24DRAFT_336272,ML978066,3349318,3349506,0.00010673397
gene:BU24DRAFT_457536,gene:BU24DRAFT_457536,ML978066,3352400,3353397,8.363941e-05
gene:BU24DRAFT_417203,gene:BU24DRAFT_417203,ML978066,3358961,3360254,0.00034096255
gene:BU24DRAFT_417204,gene:BU24DRAFT_417204,ML978066,3362501,3364714,0.00020689392
gene:BU24DRAFT_417205,gene:BU24DRAFT_417205,ML978066,3365949,3367468,0.00024935103
gene:BU24DRAFT_404571,gene:BU24DRAFT_404571,ML978066,3367779,3368828,7.744884e-05
gene:BU24DRAFT_457541,gene:BU24DRAFT_457541,ML978066,3370452,3371588,7.0599366e-05
gene:BU24DRAFT_383635,gene:BU24DRAFT_383635,ML978066,3373918,3375276,5.8120066e-05
gene:BU24DRAFT_22898,gene:BU24DRAFT_22898,ML978066,3375368,3375769,8.795035e-05
gene:BU24DRAFT_338419,gene:BU24DRAFT_338419,ML978066,3375854,3377853,0.00021992624
gene:BU24DRAFT_338313,gene:BU24DRAFT_338313,ML978066,3379283,3381096,0.00025489228
gene:BU24DRAFT_430189,gene:BU24DRAFT_430189,ML978066,3382434,3384302,0.0002117031
gene:BU24DRAFT_362215,gene:BU24DRAFT_362215,ML978066,3384804,3387079,0.0001401717
gene:BU24DRAFT_362219,gene:BU24DRAFT_362219,ML978066,3387277,3390296,0.00012896868
gene:BU24DRAFT_446563,gene:BU24DRAFT_446563,ML978066,3389869,3392103,5.727799e-05
gene:BU24DRAFT_404580,gene:BU24DRAFT_404580,ML978066,3392874,3395529,0.00011491859
gene:BU24DRAFT_23102,gene:BU24DRAFT_23102,ML978066,3396480,3397042,0.00015331886
gene:BU24DRAFT_338320,gene:BU24DRAFT_338320,ML978066,3397141,3398298,9.696449e-05
gene:BU24DRAFT_23159,gene:BU24DRAFT_23159,ML978066,3401578,3402293,8.202362e-05
gene:BU24DRAFT_23110,gene:BU24DRAFT_23110,ML978066,3402755,3404489,0.00016979809
gene:BU24DRAFT_334127,gene:BU24DRAFT_334127,ML978066,3405277,3405987,0.0011172439
gene:BU24DRAFT_339760,gene:BU24DRAFT_339760,ML978066,3407462,3408167,0.0036147786
gene:BU24DRAFT_339788,gene:BU24DRAFT_339788,ML978066,3408770,3409876,0.004554719
gene:BU24DRAFT_23177,gene:BU24DRAFT_23177,ML978066,3409998,3412455,0.010080918
gene:BU24DRAFT_321859,gene:BU24DRAFT_321859,ML978066,3413340,3414915,0.0037750255
gene:BU24DRAFT_430197,gene:BU24DRAFT_430197,ML978066,3416167,3417343,0.0012081178
gene:BU24DRAFT_362237,gene:BU24DRAFT_362237,ML978066,3417352,3419205,0.00046245294
gene:BU24DRAFT_417220,gene:BU24DRAFT_417220,ML978066,3419452,3422492,0.000101078374
gene:BU24DRAFT_23266,gene:BU24DRAFT_23266,ML978066,3423237,3424672,6.586799e-05
gene:BU24DRAFT_404591,gene:BU24DRAFT_404591,ML978066,3426942,3429596,0.00010088255
gene:BU24DRAFT_23349,gene:BU24DRAFT_23349,ML978066,3430335,3432430,0.00022188324
gene:BU24DRAFT_362255,gene:BU24DRAFT_362255,ML978066,3432414,3434318,0.00067062577
gene:BU24DRAFT_417224,gene:BU24DRAFT_417224,ML978066,3434409,3435576,8.472585e-05
gene:BU24DRAFT_23368,gene:BU24DRAFT_23368,ML978066,3435596,3436184,0.00014916343
gene:BU24DRAFT_23374,gene:BU24DRAFT_23374,ML978066,3436098,3438602,6.105656e-05
gene:BU24DRAFT_417227,gene:BU24DRAFT_417227,ML978066,3440268,3441172,7.7511366e-05
gene:BU24DRAFT_487985,gene:BU24DRAFT_487985,ML978066,3441869,3443052,0.0003765662
gene:BU24DRAFT_417229,gene:BU24DRAFT_417229,ML978066,3442819,3444048,0.00013239532
gene:BU24DRAFT_417231,gene:BU24DRAFT_417231,ML978066,3444193,3445525,0.000114047725
gene:BU24DRAFT_487988,gene:BU24DRAFT_487988,ML978066,3445357,3447225,9.816083e-05
gene:BU24DRAFT_404601,gene:BU24DRAFT_404601,ML978066,3447505,3448448,5.300151e-05
gene:BU24DRAFT_417233,gene:BU24DRAFT_417233,ML978066,3449509,3449898,0.00013116514
gene:BU24DRAFT_446583,gene:BU24DRAFT_446583,ML978066,3451392,3453246,5.391909e-05
gene:BU24DRAFT_337735,gene:BU24DRAFT_337735,ML978066,3453971,3455562,7.0443726e-05
gene:BU24DRAFT_23557,gene:BU24DRAFT_23557,ML978066,3456051,3458126,0.00035090614
gene:BU24DRAFT_23754,gene:BU24DRAFT_23754,ML978066,3458567,3461331,0.00014112068
gene:BU24DRAFT_487994,gene:BU24DRAFT_487994,ML978066,3463956,3465698,6.345987e-05
gene:BU24DRAFT_417238,gene:BU24DRAFT_417238,ML978066,3465637,3468158,4.0559175e-05
gene:BU24DRAFT_333460,gene:BU24DRAFT_333460,ML978066,3468632,3468994,8.079588e-05
gene:BU24DRAFT_23787,gene:BU24DRAFT_23787,ML978066,3469523,3470578,5.0853225e-05
gene:BU24DRAFT_338752,gene:BU24DRAFT_338752,ML978066,3471230,3472838,6.928535e-05
gene:BU24DRAFT_23801,gene:BU24DRAFT_23801,ML978066,3473034,3473946,0.0001692787
gene:BU24DRAFT_430219,gene:BU24DRAFT_430219,ML978066,3474669,3476542,0.00075672904
gene:BU24DRAFT_417243,gene:BU24DRAFT_417243,ML978066,3477469,3479344,0.0002122401
gene:BU24DRAFT_446593,gene:BU24DRAFT_446593,ML978066,3479751,3482304,0.00046026445
gene:BU24DRAFT_339896,gene:BU24DRAFT_339896,ML978066,3484494,3487346,6.935061e-05
gene:BU24DRAFT_457584,gene:BU24DRAFT_457584,ML978066,3490433,3491152,0.00013811258
gene:BU24DRAFT_430223,gene:BU24DRAFT_430223,ML978066,3491779,3493505,5.567599e-05
gene:BU24DRAFT_417248,gene:BU24DRAFT_417248,ML978066,3494281,3494950,5.4565804e-05
gene:BU24DRAFT_24016,gene:BU24DRAFT_24016,ML978066,3494861,3496624,0.00014671161
gene:BU24DRAFT_488006,gene:BU24DRAFT_488006,ML978066,3497341,3498914,0.0001402665
gene:BU24DRAFT_417250,gene:BU24DRAFT_417250,ML978066,3500918,3502547,0.00013872843
gene:BU24DRAFT_488008,gene:BU24DRAFT_488008,ML978066,3502501,3503659,9.619014e-05
gene:BU24DRAFT_417254,gene:BU24DRAFT_417254,ML978066,3505083,3506162,0.00012916271
gene:BU24DRAFT_24106,gene:BU24DRAFT_24106,ML978066,3508902,3509482,0.00013368796
gene:BU24DRAFT_24130,gene:BU24DRAFT_24130,ML978066,3509533,3511636,7.1224524e-05
gene:BU24DRAFT_417258,gene:BU24DRAFT_417258,ML978066,3515638,3518437,0.00020670326
gene:BU24DRAFT_457593,gene:BU24DRAFT_457593,ML978066,3519321,3521836,3.8589107e-05
gene:BU24DRAFT_417262,gene:BU24DRAFT_417262,ML978066,3522858,3523667,0.00010137886
gene:BU24DRAFT_24296,gene:BU24DRAFT_24296,ML978066,3524565,3525193,9.999871e-05
gene:BU24DRAFT_24355,gene:BU24DRAFT_24355,ML978066,3524894,3526276,7.108638e-05
gene:BU24DRAFT_438625,gene:BU24DRAFT_438625,ML978066,3526995,3529060,7.163594e-05
gene:BU24DRAFT_362330,gene:BU24DRAFT_362330,ML978066,3529141,3530927,5.981833e-05
gene:BU24DRAFT_417267,gene:BU24DRAFT_417267,ML978066,3532424,3536194,5.9410195e-05
gene:BU24DRAFT_417268,gene:BU24DRAFT_417268,ML978066,3537257,3538414,7.3105024e-05
gene:BU24DRAFT_24408,gene:BU24DRAFT_24408,ML978066,3539244,3539921,0.00015599071
gene:BU24DRAFT_457599,gene:BU24DRAFT_457599,ML978066,3543656,3545984,9.765134e-05
gene:BU24DRAFT_417274,gene:BU24DRAFT_417274,ML978066,3547427,3549592,0.00018652088
gene:BU24DRAFT_417276,gene:BU24DRAFT_417276,ML978066,3550239,3551647,0.00017933603
gene:BU24DRAFT_417277,gene:BU24DRAFT_417277,ML978066,3551721,3552330,4.4321085e-05
gene:BU24DRAFT_340175,gene:BU24DRAFT_340175,ML978066,3553763,3555065,4.3679804e-05
gene:BU24DRAFT_417279,gene:BU24DRAFT_417279,ML978066,3556812,3558315,5.8098434e-05
gene:BU24DRAFT_337384,gene:BU24DRAFT_337384,ML978066,3558655,3559745,5.8863305e-05
gene:BU24DRAFT_24757,gene:BU24DRAFT_24757,ML978066,3561346,3562862,0.00014418967
gene:BU24DRAFT_417283,gene:BU24DRAFT_417283,ML978066,3563256,3564745,0.00014917737
gene:BU24DRAFT_362360,gene:BU24DRAFT_362360,ML978066,3565166,3567442,0.00024702217
gene:BU24DRAFT_339719,gene:BU24DRAFT_339719,ML978066,3567651,3568936,0.00045355232
gene:BU24DRAFT_383798,gene:BU24DRAFT_383798,ML978066,3569654,3571692,0.00024723972
gene:BU24DRAFT_430244,gene:BU24DRAFT_430244,ML978066,3572406,3573034,6.953739e-05
gene:BU24DRAFT_362373,gene:BU24DRAFT_362373,ML978066,3573267,3574125,7.628753e-05
gene:BU24DRAFT_430245,gene:BU24DRAFT_430245,ML978066,3577672,3578900,3.2601016e-05
gene:BU24DRAFT_417293,gene:BU24DRAFT_417293,ML978066,3580047,3582788,0.0015852948
gene:BU24DRAFT_438642,gene:BU24DRAFT_438642,ML978066,3585356,3586869,0.0014492678
gene:BU24DRAFT_488032,gene:BU24DRAFT_488032,ML978066,3587172,3587742,0.00046773063
gene:BU24DRAFT_417295,gene:BU24DRAFT_417295,ML978066,3587884,3590413,0.00038238068
gene:BU24DRAFT_417297,gene:BU24DRAFT_417297,ML978066,3591142,3592384,0.00020793427
gene:BU24DRAFT_488035,gene:BU24DRAFT_488035,ML978066,3593997,3594749,0.00039946844
gene:BU24DRAFT_362388,gene:BU24DRAFT_362388,ML978066,3595793,3597049,0.00035299695
gene:BU24DRAFT_438646,gene:BU24DRAFT_438646,ML978066,3598031,3599673,0.00029092495
gene:BU24DRAFT_488038,gene:BU24DRAFT_488038,ML978066,3600007,3603634,0.00020336582
gene:BU24DRAFT_417299,gene:BU24DRAFT_417299,ML978066,3604049,3606834,0.0001786263
gene:BU24DRAFT_383827,gene:BU24DRAFT_383827,ML978066,3606877,3610125,5.246859e-05
gene:BU24DRAFT_457624,gene:BU24DRAFT_457624,ML978066,3611138,3613050,0.000111429385
gene:BU24DRAFT_430256,gene:BU24DRAFT_430256,ML978066,3613820,3614447,2.2803966e-05
gene:BU24DRAFT_417303,gene:BU24DRAFT_417303,ML978066,3614399,3615449,3.6933397e-05
gene:BU24DRAFT_383838,gene:BU24DRAFT_383838,ML978066,3620180,3622771,4.4711065e-05
gene:BU24DRAFT_470450,gene:BU24DRAFT_470450,ML978066,3623452,3624785,9.921169e-05
gene:BU24DRAFT_383841,gene:BU24DRAFT_383841,ML978066,3625034,3627139,0.00013492025
gene:BU24DRAFT_417306,gene:BU24DRAFT_417306,ML978066,3628906,3629525,7.005807e-05
gene:BU24DRAFT_25163,gene:BU24DRAFT_25163,ML978066,3630055,3631018,0.0006555564
gene:BU24DRAFT_430260,gene:BU24DRAFT_430260,ML978066,3632182,3633884,0.00079079974
gene:BU24DRAFT_337525,gene:BU24DRAFT_337525,ML978066,3635283,3636492,6.939759e-05
gene:BU24DRAFT_417310,gene:BU24DRAFT_417310,ML978066,3638201,3638574,0.00012982843
gene:BU24DRAFT_25271,gene:BU24DRAFT_25271,ML978066,3640140,3640791,0.0001013869
gene:BU24DRAFT_25275,gene:BU24DRAFT_25275,ML978066,3641130,3644048,4.688964e-05
gene:BU24DRAFT_404660,gene:BU24DRAFT_404660,ML978066,3647253,3648559,0.00010489957
gene:BU24DRAFT_417315,gene:BU24DRAFT_417315,ML978066,3648808,3649687,9.868209e-05
gene:BU24DRAFT_488050,gene:BU24DRAFT_488050,ML978066,3651908,3653088,4.9393795e-05
gene:BU24DRAFT_488051,gene:BU24DRAFT_488051,ML978066,3653128,3654853,7.4720265e-05
gene:BU24DRAFT_417317,gene:BU24DRAFT_417317,ML978066,3654967,3657825,0.00022735023
gene:BU24DRAFT_430264,gene:BU24DRAFT_430264,ML978066,3658602,3662630,0.00032402764
gene:BU24DRAFT_438665,gene:BU24DRAFT_438665,ML978066,3663007,3665476,0.00021179621
gene:BU24DRAFT_470459,gene:BU24DRAFT_470459,ML978066,3666020,3668854,0.00010128543
gene:BU24DRAFT_488057,gene:BU24DRAFT_488057,ML978066,3669424,3670506,5.7461682e-05
gene:BU24DRAFT_488058,gene:BU24DRAFT_488058,ML978066,3670544,3673290,7.9652455e-05
gene:BU24DRAFT_470471,gene:BU24DRAFT_470471,ML978066,3674045,3675920,6.224792e-05
gene:BU24DRAFT_417324,gene:BU24DRAFT_417324,ML978066,3678581,3679990,6.354049e-05
gene:BU24DRAFT_470478,gene:BU24DRAFT_470478,ML978066,3680020,3682191,0.00014623495
gene:BU24DRAFT_25718,gene:BU24DRAFT_25718,ML978066,3682100,3683495,0.0001663703
gene:BU24DRAFT_417325,gene:BU24DRAFT_417325,ML978066,3683374,3684729,0.00054360845
gene:BU24DRAFT_417326,gene:BU24DRAFT_417326,ML978066,3685143,3686341,0.00085186627
gene:BU24DRAFT_417327,gene:BU24DRAFT_417327,ML978066,3686429,3688418,9.438207e-05
gene:BU24DRAFT_438677,gene:BU24DRAFT_438677,ML978066,3688542,3693832,0.000110061024
gene:BU24DRAFT_470496,gene:BU24DRAFT_470496,ML978066,3693878,3694678,0.00012144579
gene:BU24DRAFT_404676,gene:BU24DRAFT_404676,ML978066,3695204,3700490,0.00057158107
gene:BU24DRAFT_488068,gene:BU24DRAFT_488068,ML978066,3702701,3704618,0.00011099447
gene:BU24DRAFT_457653,gene:BU24DRAFT_457653,ML978066,3706436,3708002,0.00010670835
gene:BU24DRAFT_25843,gene:BU24DRAFT_25843,ML978066,3708185,3709546,6.268093e-05
gene:BU24DRAFT_25850,gene:BU24DRAFT_25850,ML978066,3710374,3712204,8.9664194e-05
gene:BU24DRAFT_25852,gene:BU24DRAFT_25852,ML978066,3712177,3712929,0.00012751526
gene:BU24DRAFT_417333,gene:BU24DRAFT_417333,ML978066,3714265,3715033,0.0001474853
gene:BU24DRAFT_25874,gene:BU24DRAFT_25874,ML978066,3714993,3718033,0.00015377207
gene:BU24DRAFT_417336,gene:BU24DRAFT_417336,ML978066,3723028,3724864,0.00013536416
gene:BU24DRAFT_446661,gene:BU24DRAFT_446661,ML978066,3725040,3729864,0.00029086616
gene:BU24DRAFT_26229,gene:BU24DRAFT_26229,ML978066,3731079,3733193,0.00048723747
gene:BU24DRAFT_417339,gene:BU24DRAFT_417339,ML978066,3734998,3736849,0.00033216126
gene:BU24DRAFT_417342,gene:BU24DRAFT_417342,ML978066,3738645,3739041,0.00029156925
gene:BU24DRAFT_338097,gene:BU24DRAFT_338097,ML978066,3739907,3741482,0.0008698855
gene:BU24DRAFT_417343,gene:BU24DRAFT_417343,ML978066,3742075,3743324,0.00023388347
gene:BU24DRAFT_488078,gene:BU24DRAFT_488078,ML978066,3743391,3744880,7.759329e-05
gene:BU24DRAFT_26186,gene:BU24DRAFT_26186,ML978066,3745726,3746317,0.00013177359
gene:BU24DRAFT_457664,gene:BU24DRAFT_457664,ML978066,3747079,3747641,0.00014724939
gene:BU24DRAFT_457665,gene:BU24DRAFT_457665,ML978066,3747846,3748193,0.00011988845
gene:BU24DRAFT_430293,gene:BU24DRAFT_430293,ML978066,3748403,3751749,6.37088e-05
gene:BU24DRAFT_340211,gene:BU24DRAFT_340211,ML978066,3752739,3754250,5.8167003e-05
gene:BU24DRAFT_404694,gene:BU24DRAFT_404694,ML978066,3755279,3757416,6.901565e-05
gene:BU24DRAFT_26060,gene:BU24DRAFT_26060,ML978066,3757671,3759532,0.0008822491
gene:BU24DRAFT_313976,gene:BU24DRAFT_313976,ML978066,3760723,3762121,0.000658831
gene:BU24DRAFT_25930,gene:BU24DRAFT_25930,ML978066,3761891,3764635,0.00057523715
gene:BU24DRAFT_362490,gene:BU24DRAFT_362490,ML978066,3765343,3767521,0.00034921634
gene:BU24DRAFT_362492,gene:BU24DRAFT_362492,ML978066,3767592,3769556,0.00021008754
gene:BU24DRAFT_446676,gene:BU24DRAFT_446676,ML978066,3769557,3770584,0.00012949601
gene:BU24DRAFT_457675,gene:BU24DRAFT_457675,ML978066,3770696,3771307,9.037463e-05
gene:BU24DRAFT_457676,gene:BU24DRAFT_457676,ML978066,3772356,3777998,0.00011750972
gene:BU24DRAFT_457677,gene:BU24DRAFT_457677,ML978066,3779412,3784582,0.000144937
gene:BU24DRAFT_339939,gene:BU24DRAFT_339939,ML978066,3788879,3789840,0.00012891754
gene:BU24DRAFT_417357,gene:BU24DRAFT_417357,ML978066,3790941,3792178,6.4198786e-05
gene:BU24DRAFT_417359,gene:BU24DRAFT_417359,ML978066,3792155,3793814,9.547075e-05
gene:BU24DRAFT_417360,gene:BU24DRAFT_417360,ML978066,3794117,3796043,9.688566e-05
gene:BU24DRAFT_446681,gene:BU24DRAFT_446681,ML978066,3795968,3797005,9.471648e-05
gene:BU24DRAFT_417362,gene:BU24DRAFT_417362,ML978066,3797233,3798022,9.461721e-05
gene:BU24DRAFT_362512,gene:BU24DRAFT_362512,ML978066,3798915,3801500,0.0002035252
gene:BU24DRAFT_383945,gene:BU24DRAFT_383945,ML978066,3801416,3802512,0.00012276252
gene:BU24DRAFT_27346,gene:BU24DRAFT_27346,ML978066,3802731,3805015,5.631985e-05
gene:BU24DRAFT_27335,gene:BU24DRAFT_27335,ML978066,3804944,3805740,0.00019055011
gene:BU24DRAFT_332796,gene:BU24DRAFT_332796,ML978066,3808324,3808590,8.373033e-05
gene:BU24DRAFT_470529,gene:BU24DRAFT_470529,ML978066,3813896,3814604,8.2601466e-05
gene:BU24DRAFT_446685,gene:BU24DRAFT_446685,ML978066,3815357,3816526,9.258978e-05
gene:BU24DRAFT_338657,gene:BU24DRAFT_338657,ML978066,3818169,3818817,9.35799e-05
gene:BU24DRAFT_417364,gene:BU24DRAFT_417364,ML978066,3819077,3820420,0.00015169935
gene:BU24DRAFT_383959,gene:BU24DRAFT_383959,ML978066,3821952,3822743,0.0001124399
gene:BU24DRAFT_27562,gene:BU24DRAFT_27562,ML978066,3824893,3825440,0.00016397492
gene:BU24DRAFT_27563,gene:BU24DRAFT_27563,ML978066,3825441,3826611,0.00017212542
gene:BU24DRAFT_338799,gene:BU24DRAFT_338799,ML978066,3827138,3829625,0.00011677545
gene:BU24DRAFT_417367,gene:BU24DRAFT_417367,ML978066,3830100,3830969,0.00017668433
gene:BU24DRAFT_417369,gene:BU24DRAFT_417369,ML978066,3831195,3831604,0.00016380078
gene:BU24DRAFT_27592,gene:BU24DRAFT_27592,ML978066,3833628,3834498,0.00025431527
gene:BU24DRAFT_27597,gene:BU24DRAFT_27597,ML978066,3834362,3838045,0.00010187996
gene:BU24DRAFT_27598,gene:BU24DRAFT_27598,ML978066,3838046,3838963,9.947611e-05
gene:BU24DRAFT_27606,gene:BU24DRAFT_27606,ML978066,3840383,3842033,6.0898034e-05
gene:BU24DRAFT_27614,gene:BU24DRAFT_27614,ML978066,3841954,3842364,0.00013673432
gene:BU24DRAFT_457695,gene:BU24DRAFT_457695,ML978066,3843037,3845308,0.00011545839
gene:BU24DRAFT_470548,gene:BU24DRAFT_470548,ML978066,3847410,3850766,0.00010819946
gene:BU24DRAFT_323404,gene:BU24DRAFT_323404,ML978066,3853704,3854765,6.0127542e-05
gene:BU24DRAFT_27662,gene:BU24DRAFT_27662,ML978066,3854699,3857654,3.901221e-05
gene:BU24DRAFT_417379,gene:BU24DRAFT_417379,ML978066,3860244,3863326,0.00013177308
gene:BU24DRAFT_417380,gene:BU24DRAFT_417380,ML978066,3863281,3864049,0.00013237029
gene:BU24DRAFT_457699,gene:BU24DRAFT_457699,ML978066,3864341,3865507,0.00029677743
gene:BU24DRAFT_404725,gene:BU24DRAFT_404725,ML978066,3866488,3867495,0.00026542344
gene:BU24DRAFT_457700,gene:BU24DRAFT_457700,ML978066,3869363,3873093,0.00034801918
gene:BU24DRAFT_28039,gene:BU24DRAFT_28039,ML978066,3874418,3875205,0.00023187498
gene:BU24DRAFT_28163,gene:BU24DRAFT_28163,ML978066,3876678,3878368,5.5416804e-05
gene:BU24DRAFT_404728,gene:BU24DRAFT_404728,ML978066,3878692,3879615,8.079673e-05
gene:BU24DRAFT_457704,gene:BU24DRAFT_457704,ML978066,3885141,3885596,9.7731434e-05
gene:BU24DRAFT_28046,gene:BU24DRAFT_28046,ML978066,3886789,3887264,0.00010678021
gene:BU24DRAFT_332039,gene:BU24DRAFT_332039,ML978066,3889564,3891046,6.572952e-05
gene:BU24DRAFT_457706,gene:BU24DRAFT_457706,ML978066,3891767,3892731,9.6092146e-05
gene:BU24DRAFT_417390,gene:BU24DRAFT_417390,ML978066,3892922,3894707,0.00035831556
gene:BU24DRAFT_430320,gene:BU24DRAFT_430320,ML978066,3894954,3897719,0.0013416052
gene:BU24DRAFT_430321,gene:BU24DRAFT_430321,ML978066,3898038,3899368,0.00021219392
gene:BU24DRAFT_470572,gene:BU24DRAFT_470572,ML978066,3901238,3903009,0.0001630646
gene:BU24DRAFT_28492,gene:BU24DRAFT_28492,ML978066,3903339,3903856,0.000113719834
gene:BU24DRAFT_339503,gene:BU24DRAFT_339503,ML978066,3905148,3908368,4.3659682e-05
gene:BU24DRAFT_438716,gene:BU24DRAFT_438716,ML978066,3909118,3910931,5.0920567e-05
gene:BU24DRAFT_457712,gene:BU24DRAFT_457712,ML978066,3911335,3912311,7.665708e-05
gene:BU24DRAFT_28566,gene:BU24DRAFT_28566,ML978066,3912027,3913366,4.9809627e-05
gene:BU24DRAFT_362581,gene:BU24DRAFT_362581,ML978066,3913550,3915449,8.829737e-05
gene:BU24DRAFT_384012,gene:BU24DRAFT_384012,ML978066,3915744,3919497,5.3728076e-05
gene:BU24DRAFT_362588,gene:BU24DRAFT_362588,ML978066,3919652,3921281,0.00021018187
gene:BU24DRAFT_28591,gene:BU24DRAFT_28591,ML978066,3921977,3924038,0.0001971708
gene:BU24DRAFT_417402,gene:BU24DRAFT_417402,ML978066,3925422,3926252,0.00014991708
gene:BU24DRAFT_417403,gene:BU24DRAFT_417403,ML978066,3926774,3928450,6.9664726e-05
gene:BU24DRAFT_338018,gene:BU24DRAFT_338018,ML978066,3929069,3931536,4.999312e-05
gene:BU24DRAFT_417404,gene:BU24DRAFT_417404,ML978066,3933617,3934905,7.585408e-05
gene:BU24DRAFT_340179,gene:BU24DRAFT_340179,ML978066,3935829,3937153,9.192184e-05
gene:BU24DRAFT_337318,gene:BU24DRAFT_337318,ML978066,3941154,3942745,5.7142683e-05
gene:BU24DRAFT_417408,gene:BU24DRAFT_417408,ML978066,3945152,3947613,0.00026093164
gene:BU24DRAFT_362609,gene:BU24DRAFT_362609,ML978066,3947635,3948747,0.0006115943
gene:BU24DRAFT_417411,gene:BU24DRAFT_417411,ML978066,3948709,3949974,0.0002027477
gene:BU24DRAFT_339387,gene:BU24DRAFT_339387,ML978066,3951941,3952693,0.00020080835
gene:BU24DRAFT_326989,gene:BU24DRAFT_326989,ML978066,3953314,3953913,8.1572776e-05
gene:BU24DRAFT_430333,gene:BU24DRAFT_430333,ML978066,3955304,3956944,9.043596e-05
gene:BU24DRAFT_28823,gene:BU24DRAFT_28823,ML978066,3957001,3958696,0.000106252155
gene:BU24DRAFT_28919,gene:BU24DRAFT_28919,ML978066,3964631,3965415,0.00014052074
gene:BU24DRAFT_417417,gene:BU24DRAFT_417417,ML978066,3965541,3966769,0.0001551489
gene:BU24DRAFT_417418,gene:BU24DRAFT_417418,ML978066,3969847,3971136,9.704548e-05
gene:BU24DRAFT_446728,gene:BU24DRAFT_446728,ML978066,3971559,3972447,0.00011331841
gene:BU24DRAFT_430335,gene:BU24DRAFT_430335,ML978066,3972744,3973485,5.6540997e-05
gene:BU24DRAFT_430344,gene:BU24DRAFT_430344,ML978066,3975638,3976652,6.592826e-05
gene:BU24DRAFT_338189,gene:BU24DRAFT_338189,ML978066,3981187,3982293,8.981525e-05
gene:BU24DRAFT_417427,gene:BU24DRAFT_417427,ML978066,3988541,3989914,9.40473e-05
gene:BU24DRAFT_404759,gene:BU24DRAFT_404759,ML978066,3990784,3991683,7.423188e-05
gene:BU24DRAFT_417429,gene:BU24DRAFT_417429,ML978066,3992217,3995669,6.798901e-05
gene:BU24DRAFT_417430,gene:BU24DRAFT_417430,ML978066,3995820,3997304,6.0535483e-05
gene:BU24DRAFT_438734,gene:BU24DRAFT_438734,ML978066,3997284,3998342,0.00011840057
gene:BU24DRAFT_438735,gene:BU24DRAFT_438735,ML978066,3998519,4000120,4.559701e-05
gene:BU24DRAFT_417432,gene:BU24DRAFT_417432,ML978066,4000121,4004583,8.1334365e-05
gene:BU24DRAFT_29714,gene:BU24DRAFT_29714,ML978066,4004415,4005197,0.00011659312
gene:BU24DRAFT_29266,gene:BU24DRAFT_29266,ML978066,4006632,4008483,6.439818e-05
gene:BU24DRAFT_29753,gene:BU24DRAFT_29753,ML978066,4009329,4010300,9.2116934e-05
gene:BU24DRAFT_29787,gene:BU24DRAFT_29787,ML978066,4010351,4013646,0.00017090052
gene:BU24DRAFT_417442,gene:BU24DRAFT_417442,ML978066,4017016,4018465,0.00015426043
gene:BU24DRAFT_457741,gene:BU24DRAFT_457741,ML978066,4019510,4020600,0.00014533254
gene:BU24DRAFT_404770,gene:BU24DRAFT_404770,ML978066,4022254,4024298,0.00014267927
gene:BU24DRAFT_417451,gene:BU24DRAFT_417451,ML978066,4024607,4026178,5.302427e-05
gene:BU24DRAFT_417453,gene:BU24DRAFT_417453,ML978066,4026830,4028531,0.0001443973
gene:BU24DRAFT_417455,gene:BU24DRAFT_417455,ML978066,4028463,4029498,0.00013317725
gene:BU24DRAFT_336040,gene:BU24DRAFT_336040,ML978066,4029793,4030665,0.00011256155
gene:BU24DRAFT_338545,gene:BU24DRAFT_338545,ML978066,4030960,4031819,0.00011845498
gene:BU24DRAFT_404776,gene:BU24DRAFT_404776,ML978066,4033213,4035843,6.475462e-05
gene:BU24DRAFT_417458,gene:BU24DRAFT_417458,ML978066,4037334,4038091,0.0001066964
gene:BU24DRAFT_417460,gene:BU24DRAFT_417460,ML978066,4039146,4040862,7.568566e-05
gene:BU24DRAFT_30203,gene:BU24DRAFT_30203,ML978066,4041247,4042080,0.00032488315
gene:BU24DRAFT_457751,gene:BU24DRAFT_457751,ML978066,4042288,4042596,0.00015207026
gene:BU24DRAFT_404781,gene:BU24DRAFT_404781,ML978066,4043567,4044038,0.00013200307
gene:BU24DRAFT_417464,gene:BU24DRAFT_417464,ML978066,4045320,4046159,0.00012868266
gene:BU24DRAFT_417465,gene:BU24DRAFT_417465,ML978066,4046353,4049369,0.00015839191
gene:BU24DRAFT_488166,gene:BU24DRAFT_488166,ML978066,4049610,4051705,0.00021855054
gene:BU24DRAFT_470646,gene:BU24DRAFT_470646,ML978066,4052563,4054062,8.089085e-05
gene:BU24DRAFT_488167,gene:BU24DRAFT_488167,ML978066,4055113,4056562,0.0001266663
gene:BU24DRAFT_488168,gene:BU24DRAFT_488168,ML978066,4056694,4057866,0.00010154356
gene:BU24DRAFT_457759,gene:BU24DRAFT_457759,ML978066,4058635,4059543,0.00020239218
gene:BU24DRAFT_384103,gene:BU24DRAFT_384103,ML978066,4060810,4062204,0.00011857486
gene:BU24DRAFT_30280,gene:BU24DRAFT_30280,ML978066,4062281,4063633,7.762945e-05
gene:BU24DRAFT_362681,gene:BU24DRAFT_362681,ML978066,4064999,4067821,4.674314e-05
gene:BU24DRAFT_404791,gene:BU24DRAFT_404791,ML978066,4068148,4069331,5.6585584e-05
gene:BU24DRAFT_417471,gene:BU24DRAFT_417471,ML978066,4070700,4073325,8.724763e-05
gene:BU24DRAFT_417472,gene:BU24DRAFT_417472,ML978066,4073535,4075985,8.1789396e-05
gene:BU24DRAFT_417473,gene:BU24DRAFT_417473,ML978066,4075596,4076546,5.3442545e-05
gene:BU24DRAFT_30557,gene:BU24DRAFT_30557,ML978066,4076995,4078627,7.9496254e-05
gene:BU24DRAFT_417475,gene:BU24DRAFT_417475,ML978066,4078988,4080292,6.697813e-05
gene:BU24DRAFT_417476,gene:BU24DRAFT_417476,ML978066,4080507,4082174,4.689283e-05
gene:BU24DRAFT_362696,gene:BU24DRAFT_362696,ML978066,4082302,4084670,8.2507555e-05
gene:BU24DRAFT_417477,gene:BU24DRAFT_417477,ML978066,4085122,4085621,8.4844476e-05
gene:BU24DRAFT_404797,gene:BU24DRAFT_404797,ML978066,4086018,4087936,0.00013356406
gene:BU24DRAFT_362698,gene:BU24DRAFT_362698,ML978066,4088842,4090128,9.965687e-05
gene:BU24DRAFT_457773,gene:BU24DRAFT_457773,ML978066,4090790,4092152,0.0001321829
gene:BU24DRAFT_470653,gene:BU24DRAFT_470653,ML978066,4092590,4093600,0.0003014373
gene:BU24DRAFT_336547,gene:BU24DRAFT_336547,ML978066,4094680,4095581,0.00049706816
gene:BU24DRAFT_384131,gene:BU24DRAFT_384131,ML978066,4095990,4097819,0.0011272528
gene:BU24DRAFT_488185,gene:BU24DRAFT_488185,ML978066,4097957,4102032,0.00062756543
gene:BU24DRAFT_339445,gene:BU24DRAFT_339445,ML978066,4102784,4103812,0.00022035684
gene:BU24DRAFT_30651,gene:BU24DRAFT_30651,ML978066,4104461,4106374,4.1884887e-05
gene:BU24DRAFT_404806,gene:BU24DRAFT_404806,ML978066,4106961,4109406,4.0629864e-05
gene:BU24DRAFT_338768,gene:BU24DRAFT_338768,ML978066,4110590,4112173,4.2952735e-05
gene:BU24DRAFT_417483,gene:BU24DRAFT_417483,ML978066,4112376,4115328,4.9033217e-05
gene:BU24DRAFT_446777,gene:BU24DRAFT_446777,ML978066,4115440,4117500,6.54616e-05
gene:BU24DRAFT_417486,gene:BU24DRAFT_417486,ML978066,4117579,4118646,0.000100660305
gene:BU24DRAFT_430375,gene:BU24DRAFT_430375,ML978066,4118944,4119968,0.00062843104
gene:BU24DRAFT_446780,gene:BU24DRAFT_446780,ML978066,4120575,4124588,0.00036483834
gene:BU24DRAFT_30789,gene:BU24DRAFT_30789,ML978066,4126009,4127270,0.0012900044
gene:BU24DRAFT_417491,gene:BU24DRAFT_417491,ML978066,4128350,4128790,0.0010301886
gene:BU24DRAFT_338462,gene:BU24DRAFT_338462,ML978066,4130340,4131914,0.0013715546
gene:BU24DRAFT_362739,gene:BU24DRAFT_362739,ML978066,4133537,4136576,0.001232334
gene:BU24DRAFT_488198,gene:BU24DRAFT_488198,ML978066,4136647,4137551,0.0019295951
gene:BU24DRAFT_417498,gene:BU24DRAFT_417498,ML978066,4138741,4140496,0.015149507
gene:BU24DRAFT_430380,gene:BU24DRAFT_430380,ML978066,4144235,4145229,0.00013831936
gene:BU24DRAFT_30858,gene:BU24DRAFT_30858,ML978066,4145313,4145888,7.9579135e-05
gene:BU24DRAFT_31113,gene:BU24DRAFT_31113,ML978066,4147149,4149527,2.5430343e-05
gene:BU24DRAFT_446787,gene:BU24DRAFT_446787,ML978066,4149917,4153075,3.9451217e-05
gene:BU24DRAFT_417503,gene:BU24DRAFT_417503,ML978066,4153475,4154284,4.867923e-05
gene:BU24DRAFT_446789,gene:BU24DRAFT_446789,ML978066,4155280,4156671,9.929732e-05
gene:BU24DRAFT_337671,gene:BU24DRAFT_337671,ML978066,4157699,4158115,0.00011267432
gene:BU24DRAFT_417506,gene:BU24DRAFT_417506,ML978066,4159244,4160960,0.00024599704
gene:BU24DRAFT_362751,gene:BU24DRAFT_362751,ML978066,4161544,4164163,0.00068400975
gene:BU24DRAFT_417508,gene:BU24DRAFT_417508,ML978066,4164273,4165538,0.0001906429
gene:BU24DRAFT_457799,gene:BU24DRAFT_457799,ML978066,4166411,4166837,0.0002690697
gene:BU24DRAFT_338835,gene:BU24DRAFT_338835,ML978066,4167524,4168363,0.00010593303
gene:BU24DRAFT_417512,gene:BU24DRAFT_417512,ML978066,4168182,4169237,0.0001628234
gene:BU24DRAFT_31465,gene:BU24DRAFT_31465,ML978066,4168882,4169611,0.00013945735
gene:BU24DRAFT_446792,gene:BU24DRAFT_446792,ML978066,4169687,4172616,7.261895e-05
gene:BU24DRAFT_488212,gene:BU24DRAFT_488212,ML978066,4177171,4178619,4.9361664e-05
gene:BU24DRAFT_384189,gene:BU24DRAFT_384189,ML978066,4178789,4179854,0.00010283986
gene:BU24DRAFT_384193,gene:BU24DRAFT_384193,ML978066,4180203,4183248,9.811331e-05
gene:BU24DRAFT_31575,gene:BU24DRAFT_31575,ML978066,4184241,4185210,0.00019983851
gene:BU24DRAFT_31555,gene:BU24DRAFT_31555,ML978066,4186030,4189260,0.00039939428
gene:BU24DRAFT_31541,gene:BU24DRAFT_31541,ML978066,4190555,4191048,0.00017975488
gene:BU24DRAFT_31812,gene:BU24DRAFT_31812,ML978066,4194593,4195925,0.00017246074
gene:BU24DRAFT_404832,gene:BU24DRAFT_404832,ML978066,4198599,4200184,0.00014414598
gene:BU24DRAFT_404833,gene:BU24DRAFT_404833,ML978066,4201797,4203960,0.00011953072
gene:BU24DRAFT_417535,gene:BU24DRAFT_417535,ML978066,4204124,4204333,9.9532335e-05
gene:BU24DRAFT_446800,gene:BU24DRAFT_446800,ML978066,4207332,4210682,3.862315e-05
gene:BU24DRAFT_31790,gene:BU24DRAFT_31790,ML978066,4211599,4214342,6.2034254e-05
gene:BU24DRAFT_457815,gene:BU24DRAFT_457815,ML978066,4217404,4218566,5.908772e-05
gene:BU24DRAFT_32056,gene:BU24DRAFT_32056,ML978066,4219228,4221753,0.0001456498
gene:BU24DRAFT_488223,gene:BU24DRAFT_488223,ML978066,4223455,4227196,0.00011331454
gene:BU24DRAFT_334856,gene:BU24DRAFT_334856,ML978066,4228317,4231922,7.33367e-05
gene:BU24DRAFT_338158,gene:BU24DRAFT_338158,ML978066,4232349,4233518,5.8194193e-05
gene:BU24DRAFT_430394,gene:BU24DRAFT_430394,ML978066,4234059,4235944,5.733112e-05
gene:BU24DRAFT_457822,gene:BU24DRAFT_457822,ML978066,4236184,4238272,0.0003826457
gene:BU24DRAFT_338914,gene:BU24DRAFT_338914,ML978066,4243076,4245092,0.00077667256
gene:BU24DRAFT_488229,gene:BU24DRAFT_488229,ML978066,4245527,4246590,0.000107428794
gene:BU24DRAFT_417551,gene:BU24DRAFT_417551,ML978066,4247397,4249779,0.00020373684
gene:BU24DRAFT_457826,gene:BU24DRAFT_457826,ML978066,4250178,4250642,0.00012903185
gene:BU24DRAFT_446812,gene:BU24DRAFT_446812,ML978066,4250969,4253249,0.00012239743
gene:BU24DRAFT_384225,gene:BU24DRAFT_384225,ML978066,4253485,4255127,0.0001194273
gene:BU24DRAFT_32419,gene:BU24DRAFT_32419,ML978066,4255745,4257192,0.00016766087
gene:BU24DRAFT_32420,gene:BU24DRAFT_32420,ML978066,4257193,4259323,0.00065611396
gene:BU24DRAFT_417555,gene:BU24DRAFT_417555,ML978066,4259333,4260786,7.389465e-05
gene:BU24DRAFT_417557,gene:BU24DRAFT_417557,ML978066,4260854,4262849,4.8512997e-05
gene:BU24DRAFT_417558,gene:BU24DRAFT_417558,ML978066,4262890,4264940,0.00014973129
gene:BU24DRAFT_32450,gene:BU24DRAFT_32450,ML978066,4264934,4265543,7.42087e-05
gene:BU24DRAFT_32466,gene:BU24DRAFT_32466,ML978066,4265544,4270504,7.750595e-05
gene:BU24DRAFT_384239,gene:BU24DRAFT_384239,ML978066,4272699,4277574,7.81024e-05
gene:BU24DRAFT_339942,gene:BU24DRAFT_339942,ML978066,4278695,4279735,0.00014847533
gene:BU24DRAFT_417562,gene:BU24DRAFT_417562,ML978066,4280977,4281487,0.0002475119
gene:BU24DRAFT_417563,gene:BU24DRAFT_417563,ML978066,4281681,4282688,0.00014425856
gene:BU24DRAFT_417565,gene:BU24DRAFT_417565,ML978066,4283078,4283666,0.00013902051
gene:BU24DRAFT_32591,gene:BU24DRAFT_32591,ML978066,4283932,4284860,0.00013940189
gene:BU24DRAFT_417569,gene:BU24DRAFT_417569,ML978066,4287268,4289393,7.7689714e-05
gene:BU24DRAFT_384249,gene:BU24DRAFT_384249,ML978066,4289399,4290864,5.4936514e-05
gene:BU24DRAFT_32692,gene:BU24DRAFT_32692,ML978066,4290801,4292938,7.158552e-05
gene:BU24DRAFT_417573,gene:BU24DRAFT_417573,ML978066,4293124,4294925,0.0001356554
gene:BU24DRAFT_457842,gene:BU24DRAFT_457842,ML978066,4295765,4297924,9.499209e-05
gene:BU24DRAFT_457843,gene:BU24DRAFT_457843,ML978066,4299475,4300860,7.54355e-05
gene:BU24DRAFT_488247,gene:BU24DRAFT_488247,ML978066,4303831,4305039,6.698374e-05
gene:BU24DRAFT_417575,gene:BU24DRAFT_417575,ML978066,4305070,4306512,0.000114449904
gene:BU24DRAFT_488249,gene:BU24DRAFT_488249,ML978066,4306682,4309630,0.0002622086
gene:BU24DRAFT_32897,gene:BU24DRAFT_32897,ML978066,4309746,4310714,0.0001513654
gene:BU24DRAFT_470806,gene:BU24DRAFT_470806,ML978066,4312463,4313053,0.000119845456
gene:BU24DRAFT_337592,gene:BU24DRAFT_337592,ML978066,4314389,4316771,0.00018466702
gene:BU24DRAFT_417579,gene:BU24DRAFT_417579,ML978066,4317124,4318803,0.00013782468
gene:BU24DRAFT_404868,gene:BU24DRAFT_404868,ML978066,4318763,4319386,8.048389e-05
gene:BU24DRAFT_339953,gene:BU24DRAFT_339953,ML978066,4320082,4322097,0.00011562658
gene:BU24DRAFT_384272,gene:BU24DRAFT_384272,ML978066,4322508,4326203,5.0867893e-05
gene:BU24DRAFT_417582,gene:BU24DRAFT_417582,ML978066,4326928,4328826,0.00019713622
gene:BU24DRAFT_33013,gene:BU24DRAFT_33013,ML978066,4328837,4329693,0.00020913039
gene:BU24DRAFT_33025,gene:BU24DRAFT_33025,ML978066,4331917,4332899,0.00017206717
gene:BU24DRAFT_430423,gene:BU24DRAFT_430423,ML978066,4333264,4334466,0.00026210287
gene:BU24DRAFT_438809,gene:BU24DRAFT_438809,ML978066,4341494,4342182,7.391279e-05
gene:BU24DRAFT_339039,gene:BU24DRAFT_339039,ML978066,4342662,4345085,4.7048485e-05
gene:BU24DRAFT_33136,gene:BU24DRAFT_33136,ML978066,4347510,4349558,8.403049e-05
gene:BU24DRAFT_33189,gene:BU24DRAFT_33189,ML978066,4349441,4350236,0.000108876106
gene:BU24DRAFT_33115,gene:BU24DRAFT_33115,ML978066,4350734,4351705,0.00011323246
gene:BU24DRAFT_417589,gene:BU24DRAFT_417589,ML978066,4353864,4355030,0.001976642
gene:BU24DRAFT_488260,gene:BU24DRAFT_488260,ML978066,4355273,4357489,0.0005301538
gene:BU24DRAFT_446839,gene:BU24DRAFT_446839,ML978066,4358701,4361722,0.00055295887
gene:BU24DRAFT_362862,gene:BU24DRAFT_362862,ML978066,4361921,4365321,0.002950669
gene:BU24DRAFT_417593,gene:BU24DRAFT_417593,ML978066,4365920,4367165,0.0044934656
gene:BU24DRAFT_457863,gene:BU24DRAFT_457863,ML978066,4367721,4368536,0.000103358696
gene:BU24DRAFT_33262,gene:BU24DRAFT_33262,ML978066,4369329,4370486,0.00010853662
gene:BU24DRAFT_417595,gene:BU24DRAFT_417595,ML978066,4370898,4372719,0.00011049419
gene:BU24DRAFT_33286,gene:BU24DRAFT_33286,ML978066,4376986,4377342,0.000114819755
gene:BU24DRAFT_337915,gene:BU24DRAFT_337915,ML978066,4377470,4382575,4.4717726e-05
gene:BU24DRAFT_488268,gene:BU24DRAFT_488268,ML978066,4384085,4385511,9.3403796e-05
gene:BU24DRAFT_430435,gene:BU24DRAFT_430435,ML978066,4385715,4387044,4.7362137e-05
gene:BU24DRAFT_430436,gene:BU24DRAFT_430436,ML978066,4388307,4390585,7.936784e-05
gene:BU24DRAFT_404888,gene:BU24DRAFT_404888,ML978066,4396234,4398575,4.2249932e-05
gene:BU24DRAFT_417603,gene:BU24DRAFT_417603,ML978066,4399138,4400033,0.00016073002
gene:BU24DRAFT_417604,gene:BU24DRAFT_417604,ML978066,4400006,4401452,3.5118763e-05
gene:BU24DRAFT_417607,gene:BU24DRAFT_417607,ML978066,4401623,4403713,6.101834e-05
gene:BU24DRAFT_384313,gene:BU24DRAFT_384313,ML978066,4403900,4405643,0.000121483914
gene:BU24DRAFT_438825,gene:BU24DRAFT_438825,ML978066,4405547,4407421,0.000807231
gene:BU24DRAFT_417609,gene:BU24DRAFT_417609,ML978066,4408423,4409950,0.0036548637
gene:BU24DRAFT_417610,gene:BU24DRAFT_417610,ML978066,4410235,4413935,0.0011206986
gene:BU24DRAFT_384327,gene:BU24DRAFT_384327,ML978066,4414063,4418349,0.0052918103
gene:BU24DRAFT_488279,gene:BU24DRAFT_488279,ML978066,4418610,4419641,0.00019026293
gene:BU24DRAFT_384333,gene:BU24DRAFT_384333,ML978066,4419920,4423587,7.317038e-05
gene:BU24DRAFT_33664,gene:BU24DRAFT_33664,ML978066,4426684,4427870,4.1859053e-05
gene:BU24DRAFT_384334,gene:BU24DRAFT_384334,ML978066,4427796,4429826,3.6331316e-05
gene:BU24DRAFT_33643,gene:BU24DRAFT_33643,ML978066,4430020,4431095,5.7524343e-05
gene:BU24DRAFT_33717,gene:BU24DRAFT_33717,ML978066,4431284,4432169,0.00022007627
gene:BU24DRAFT_340220,gene:BU24DRAFT_340220,ML978066,4434005,4435219,0.0012584948
gene:BU24DRAFT_417617,gene:BU24DRAFT_417617,ML978066,4435244,4436289,0.00016154902
gene:BU24DRAFT_417618,gene:BU24DRAFT_417618,ML978066,4436372,4439519,7.544374e-05
gene:BU24DRAFT_33617,gene:BU24DRAFT_33617,ML978066,4439466,4441654,0.00038292256
gene:BU24DRAFT_384344,gene:BU24DRAFT_384344,ML978066,4443113,4444781,0.0005963296
gene:BU24DRAFT_33945,gene:BU24DRAFT_33945,ML978066,4444797,4445294,0.00066906476
gene:BU24DRAFT_362922,gene:BU24DRAFT_362922,ML978066,4444977,4448847,0.0020738032
gene:BU24DRAFT_488292,gene:BU24DRAFT_488292,ML978066,4449031,4450545,0.0027044704
gene:BU24DRAFT_384353,gene:BU24DRAFT_384353,ML978066,4451724,4452275,0.0016782146
gene:BU24DRAFT_339878,gene:BU24DRAFT_339878,ML978066,4453112,4454935,0.0038633707
gene:BU24DRAFT_34087,gene:BU24DRAFT_34087,ML978066,4455196,4458664,0.00070727384
gene:BU24DRAFT_34097,gene:BU24DRAFT_34097,ML978066,4459108,4460208,0.00038145992
gene:BU24DRAFT_337787,gene:BU24DRAFT_337787,ML978066,4461524,4463032,0.007746681
gene:BU24DRAFT_417625,gene:BU24DRAFT_417625,ML978066,4463194,4467555,8.59533e-05
gene:BU24DRAFT_417626,gene:BU24DRAFT_417626,ML978066,4467667,4469218,0.00016099417
gene:BU24DRAFT_457901,gene:BU24DRAFT_457901,ML978066,4469763,4471522,0.00017252078
gene:BU24DRAFT_446876,gene:BU24DRAFT_446876,ML978066,4474247,4475174,0.0001841626
gene:BU24DRAFT_417631,gene:BU24DRAFT_417631,ML978066,4475617,4478376,7.651686e-05
gene:BU24DRAFT_338359,gene:BU24DRAFT_338359,ML978066,4479663,4481901,0.0009445485
gene:BU24DRAFT_384377,gene:BU24DRAFT_384377,ML978066,4482989,4484297,4.1006155e-05
gene:BU24DRAFT_339774,gene:BU24DRAFT_339774,ML978066,4484889,4487219,6.931894e-05
gene:BU24DRAFT_35027,gene:BU24DRAFT_35027,ML978066,4487456,4488674,4.406547e-05
gene:BU24DRAFT_417636,gene:BU24DRAFT_417636,ML978066,4490377,4492668,0.00042120562
gene:BU24DRAFT_339235,gene:BU24DRAFT_339235,ML978066,4493668,4495053,0.00087134074
gene:BU24DRAFT_417638,gene:BU24DRAFT_417638,ML978066,4496111,4497620,0.0005932301
gene:BU24DRAFT_362964,gene:BU24DRAFT_362964,ML978066,4497855,4501152,0.0017498202
gene:BU24DRAFT_438850,gene:BU24DRAFT_438850,ML978066,4501433,4503484,0.00025496646
gene:BU24DRAFT_417640,gene:BU24DRAFT_417640,ML978066,4503622,4505289,0.0015380585
gene:BU24DRAFT_457914,gene:BU24DRAFT_457914,ML978066,4506535,4507430,0.008822202
gene:BU24DRAFT_417643,gene:BU24DRAFT_417643,ML978066,4509063,4511134,0.00012920823
gene:BU24DRAFT_35246,gene:BU24DRAFT_35246,ML978066,4512030,4513334,5.255082e-05
gene:BU24DRAFT_430471,gene:BU24DRAFT_430471,ML978066,4513649,4515831,0.00011464021
gene:BU24DRAFT_35309,gene:BU24DRAFT_35309,ML978066,4516738,4517670,6.581351e-05
gene:BU24DRAFT_457918,gene:BU24DRAFT_457918,ML978066,4517989,4519818,7.5688826e-05
gene:BU24DRAFT_35405,gene:BU24DRAFT_35405,ML978066,4520808,4523146,2.2953425e-05
gene:BU24DRAFT_417650,gene:BU24DRAFT_417650,ML978066,4523558,4525885,4.9921302e-05
gene:BU24DRAFT_417652,gene:BU24DRAFT_417652,ML978066,4525947,4527405,0.01749991
gene:BU24DRAFT_35410,gene:BU24DRAFT_35410,ML978066,4527671,4529630,0.00026964745
gene:BU24DRAFT_470965,gene:BU24DRAFT_470965,ML978066,4529977,4531713,0.00057649857
gene:BU24DRAFT_404937,gene:BU24DRAFT_404937,ML978066,4531983,4532874,0.00012768315
gene:BU24DRAFT_417658,gene:BU24DRAFT_417658,ML978066,4540112,4540489,0.00021827049
gene:BU24DRAFT_417660,gene:BU24DRAFT_417660,ML978066,4540490,4540969,0.0001526136
gene:BU24DRAFT_362998,gene:BU24DRAFT_362998,ML978066,4550081,4554198,4.996544e-05
gene:BU24DRAFT_384424,gene:BU24DRAFT_384424,ML978066,4554510,4558711,6.314864e-05
gene:BU24DRAFT_417666,gene:BU24DRAFT_417666,ML978066,4558707,4562711,4.6250083e-05
gene:BU24DRAFT_457927,gene:BU24DRAFT_457927,ML978066,4562902,4564263,5.6335426e-05
gene:BU24DRAFT_417668,gene:BU24DRAFT_417668,ML978066,4564606,4565880,6.493395e-05
gene:BU24DRAFT_417669,gene:BU24DRAFT_417669,ML978066,4566524,4567184,6.5415436e-05
gene:BU24DRAFT_35747,gene:BU24DRAFT_35747,ML978066,4567153,4568289,5.852962e-05
gene:BU24DRAFT_35727,gene:BU24DRAFT_35727,ML978066,4569420,4570250,0.00041093386
gene:BU24DRAFT_384437,gene:BU24DRAFT_384437,ML978066,4572909,4575219,0.012014479
gene:BU24DRAFT_438867,gene:BU24DRAFT_438867,ML978066,4575987,4577663,0.019334119
gene:BU24DRAFT_488332,gene:BU24DRAFT_488332,ML978066,4578550,4580530,0.019531185
gene:BU24DRAFT_470994,gene:BU24DRAFT_470994,ML978066,4580921,4582092,0.01335091
gene:BU24DRAFT_363017,gene:BU24DRAFT_363017,ML978066,4582661,4584191,0.003583775
gene:BU24DRAFT_457935,gene:BU24DRAFT_457935,ML978066,4584930,4585342,0.00037969594
gene:BU24DRAFT_35924,gene:BU24DRAFT_35924,ML978066,4587637,4588077,0.0001724401
gene:BU24DRAFT_417677,gene:BU24DRAFT_417677,ML978066,4588258,4589978,0.000113130955
gene:BU24DRAFT_470999,gene:BU24DRAFT_470999,ML978066,4590422,4591779,0.00010827237
gene:BU24DRAFT_384445,gene:BU24DRAFT_384445,ML978066,4592440,4593887,9.394466e-05
gene:BU24DRAFT_488335,gene:BU24DRAFT_488335,ML978066,4594235,4598933,0.00032107698
gene:BU24DRAFT_36066,gene:BU24DRAFT_36066,ML978066,4601084,4602753,0.00040110684
gene:BU24DRAFT_36131,gene:BU24DRAFT_36131,ML978066,4602948,4603832,8.950822e-05
gene:BU24DRAFT_457940,gene:BU24DRAFT_457940,ML978066,4603826,4604497,7.220502e-05
gene:BU24DRAFT_338123,gene:BU24DRAFT_338123,ML978066,4604704,4606903,7.1680326e-05
gene:BU24DRAFT_384458,gene:BU24DRAFT_384458,ML978066,4608512,4610871,6.16656e-05
gene:BU24DRAFT_430493,gene:BU24DRAFT_430493,ML978066,4611582,4614412,0.00010911684
gene:BU24DRAFT_471024,gene:BU24DRAFT_471024,ML978066,4616620,4619196,0.00027551677
gene:BU24DRAFT_488342,gene:BU24DRAFT_488342,ML978066,4619142,4622308,0.00010118063
gene:BU24DRAFT_363044,gene:BU24DRAFT_363044,ML978066,4622769,4625080,5.1951043e-05
gene:BU24DRAFT_417690,gene:BU24DRAFT_417690,ML978066,4626065,4628715,6.222181e-05
gene:BU24DRAFT_488345,gene:BU24DRAFT_488345,ML978066,4628790,4629518,7.962421e-05
gene:BU24DRAFT_417691,gene:BU24DRAFT_417691,ML978066,4629570,4632495,6.115758e-05
gene:BU24DRAFT_36191,gene:BU24DRAFT_36191,ML978066,4632228,4632678,9.170509e-05
gene:BU24DRAFT_36404,gene:BU24DRAFT_36404,ML978066,4633180,4635513,8.9454086e-05
gene:BU24DRAFT_417694,gene:BU24DRAFT_417694,ML978066,4636307,4639410,9.074554e-05
gene:BU24DRAFT_417695,gene:BU24DRAFT_417695,ML978066,4639551,4640680,0.0014535075
gene:BU24DRAFT_36475,gene:BU24DRAFT_36475,ML978066,4640986,4641734,0.00011529249
gene:BU24DRAFT_404967,gene:BU24DRAFT_404967,ML978066,4642741,4643342,0.000353417
gene:BU24DRAFT_36519,gene:BU24DRAFT_36519,ML978066,4643223,4644402,0.0001896042
gene:BU24DRAFT_384489,gene:BU24DRAFT_384489,ML978066,4644650,4651294,9.899777e-05
gene:BU24DRAFT_488352,gene:BU24DRAFT_488352,ML978066,4652128,4654101,5.15797e-05
gene:BU24DRAFT_36572,gene:BU24DRAFT_36572,ML978066,4654406,4655598,8.1731625e-05
gene:BU24DRAFT_338904,gene:BU24DRAFT_338904,ML978066,4657151,4658335,0.0001237064
gene:BU24DRAFT_36601,gene:BU24DRAFT_36601,ML978066,4658591,4659420,0.00014969459
gene:BU24DRAFT_417703,gene:BU24DRAFT_417703,ML978066,4662105,4664457,0.00014780983
gene:BU24DRAFT_417704,gene:BU24DRAFT_417704,ML978066,4665331,4667635,9.293002e-05
gene:BU24DRAFT_471112,gene:BU24DRAFT_471112,ML978066,4668301,4669285,0.00012913927
gene:BU24DRAFT_36724,gene:BU24DRAFT_36724,ML978066,4669593,4672801,9.503085e-05
gene:BU24DRAFT_417707,gene:BU24DRAFT_417707,ML978066,4673633,4674017,0.00014003155
gene:BU24DRAFT_404976,gene:BU24DRAFT_404976,ML978066,4675038,4675725,0.00018000373
gene:BU24DRAFT_363083,gene:BU24DRAFT_363083,ML978066,4676892,4680355,0.00046204476
gene:BU24DRAFT_417710,gene:BU24DRAFT_417710,ML978066,4680530,4684621,0.00010822968
gene:BU24DRAFT_471114,gene:BU24DRAFT_471114,ML978066,4685171,4687327,0.00031352468
gene:BU24DRAFT_417712,gene:BU24DRAFT_417712,ML978066,4689590,4691391,0.00019283278
gene:BU24DRAFT_36791,gene:BU24DRAFT_36791,ML978066,4691327,4692265,0.00010269151
gene:BU24DRAFT_404981,gene:BU24DRAFT_404981,ML978066,4692454,4693522,6.957572e-05
gene:BU24DRAFT_36851,gene:BU24DRAFT_36851,ML978066,4697450,4699223,0.00010182276
gene:BU24DRAFT_417715,gene:BU24DRAFT_417715,ML978066,4699937,4701056,0.0001191559
gene:BU24DRAFT_363101,gene:BU24DRAFT_363101,ML978066,4703332,4706525,8.511959e-05
gene:BU24DRAFT_417725,gene:BU24DRAFT_417725,ML978066,4712871,4713990,0.00010632207
gene:BU24DRAFT_337529,gene:BU24DRAFT_337529,ML978066,4714644,4715936,0.00010214558
gene:BU24DRAFT_457971,gene:BU24DRAFT_457971,ML978066,4716970,4717641,0.00010067557
gene:BU24DRAFT_37043,gene:BU24DRAFT_37043,ML978066,4717828,4718450,9.666632e-05
gene:BU24DRAFT_417727,gene:BU24DRAFT_417727,ML978066,4718820,4721477,8.668292e-05
gene:BU24DRAFT_37068,gene:BU24DRAFT_37068,ML978066,4722048,4723736,0.00014064825
gene:BU24DRAFT_339682,gene:BU24DRAFT_339682,ML978066,4725683,4726670,7.252669e-05
gene:BU24DRAFT_37109,gene:BU24DRAFT_37109,ML978066,4727019,4728324,7.700726e-05
gene:BU24DRAFT_339614,gene:BU24DRAFT_339614,ML978066,4728920,4731324,0.000104668965
gene:BU24DRAFT_417733,gene:BU24DRAFT_417733,ML978066,4733740,4735638,0.00010285189
gene:BU24DRAFT_384546,gene:BU24DRAFT_384546,ML978066,4736404,4738456,0.00010112716
gene:BU24DRAFT_457978,gene:BU24DRAFT_457978,ML978066,4739330,4739835,5.857734e-05
gene:BU24DRAFT_417735,gene:BU24DRAFT_417735,ML978066,4740626,4741947,3.34904e-05
gene:BU24DRAFT_457980,gene:BU24DRAFT_457980,ML978066,4742374,4742787,0.00014539948
gene:BU24DRAFT_446954,gene:BU24DRAFT_446954,ML978066,4743399,4744883,9.139453e-05
gene:BU24DRAFT_37269,gene:BU24DRAFT_37269,ML978066,4746658,4747943,0.00016367857
gene:BU24DRAFT_319256,gene:BU24DRAFT_319256,ML978066,4749533,4749754,0.00022585203
gene:BU24DRAFT_417739,gene:BU24DRAFT_417739,ML978066,4750831,4752982,0.0001493642
gene:BU24DRAFT_417742,gene:BU24DRAFT_417742,ML978066,4754264,4754803,0.00022924658
gene:BU24DRAFT_37313,gene:BU24DRAFT_37313,ML978066,4759127,4761873,0.00025115832
gene:BU24DRAFT_37331,gene:BU24DRAFT_37331,ML978066,4763263,4763757,0.00011078506
gene:BU24DRAFT_37337,gene:BU24DRAFT_37337,ML978066,4763759,4766348,6.55342e-05
gene:BU24DRAFT_417747,gene:BU24DRAFT_417747,ML978066,4768973,4772778,0.00018236555
gene:BU24DRAFT_417749,gene:BU24DRAFT_417749,ML978066,4774112,4775670,6.117025e-05
gene:BU24DRAFT_37432,gene:BU24DRAFT_37432,ML978066,4778072,4778859,0.00017345023
gene:BU24DRAFT_417751,gene:BU24DRAFT_417751,ML978066,4778569,4779312,0.00028329436
gene:BU24DRAFT_488386,gene:BU24DRAFT_488386,ML978066,4779573,4780853,7.560688e-05
gene:BU24DRAFT_446962,gene:BU24DRAFT_446962,ML978066,4783489,4784058,0.00029267126
gene:BU24DRAFT_430530,gene:BU24DRAFT_430530,ML978066,4788065,4790408,0.00022150732
gene:BU24DRAFT_417753,gene:BU24DRAFT_417753,ML978066,4790823,4792952,0.0001344179
gene:BU24DRAFT_446965,gene:BU24DRAFT_446965,ML978066,4793590,4795487,0.00021004723
gene:BU24DRAFT_488391,gene:BU24DRAFT_488391,ML978066,4796051,4797421,5.7310106e-05
gene:BU24DRAFT_405009,gene:BU24DRAFT_405009,ML978066,4798328,4800013,9.9433135e-05
gene:BU24DRAFT_363155,gene:BU24DRAFT_363155,ML978066,4801334,4805739,9.0969086e-05
gene:BU24DRAFT_430534,gene:BU24DRAFT_430534,ML978066,4806219,4807709,0.00015341521
gene:BU24DRAFT_417758,gene:BU24DRAFT_417758,ML978066,4809259,4809692,0.00015241616
gene:BU24DRAFT_417759,gene:BU24DRAFT_417759,ML978066,4811240,4811509,0.00015300467
gene:BU24DRAFT_457998,gene:BU24DRAFT_457998,ML978066,4816253,4818188,9.104294e-05
gene:BU24DRAFT_405013,gene:BU24DRAFT_405013,ML978066,4819406,4821339,6.279202e-05
gene:BU24DRAFT_37568,gene:BU24DRAFT_37568,ML978066,4821539,4822942,5.8987534e-05
gene:BU24DRAFT_37565,gene:BU24DRAFT_37565,ML978066,4826016,4826893,8.7803324e-05
gene:BU24DRAFT_363161,gene:BU24DRAFT_363161,ML978066,4831336,4832782,0.0002431305
gene:BU24DRAFT_405016,gene:BU24DRAFT_405016,ML978066,4832993,4834451,9.864793e-05
gene:BU24DRAFT_458003,gene:BU24DRAFT_458003,ML978066,4835326,4835817,0.00046310958
gene:BU24DRAFT_438920,gene:BU24DRAFT_438920,ML978066,4835960,4838759,0.0016790738
gene:BU24DRAFT_337001,gene:BU24DRAFT_337001,ML978066,4840361,4841032,0.00017057394
gene:BU24DRAFT_446976,gene:BU24DRAFT_446976,ML978066,4845726,4847685,6.704468e-05
gene:BU24DRAFT_37756,gene:BU24DRAFT_37756,ML978066,4848280,4849074,0.00016173003
gene:BU24DRAFT_417778,gene:BU24DRAFT_417778,ML978066,4856029,4856457,0.00018928571
gene:BU24DRAFT_417779,gene:BU24DRAFT_417779,ML978066,4857483,4858282,0.00017633346
gene:BU24DRAFT_337720,gene:BU24DRAFT_337720,ML978066,4860070,4861648,0.000104787796
gene:BU24DRAFT_337515,gene:BU24DRAFT_337515,ML978066,4861685,4862095,0.00013937082
gene:BU24DRAFT_38130,gene:BU24DRAFT_38130,ML978066,4863676,4864622,0.00011213551
gene:BU24DRAFT_37843,gene:BU24DRAFT_37843,ML978066,4865591,4866522,0.00010387869
gene:BU24DRAFT_339448,gene:BU24DRAFT_339448,ML978066,4867690,4869393,8.119132e-05
gene:BU24DRAFT_417787,gene:BU24DRAFT_417787,ML978066,4870741,4871880,8.3295534e-05
gene:BU24DRAFT_38092,gene:BU24DRAFT_38092,ML978066,4871753,4872812,5.6720783e-05
gene:BU24DRAFT_417788,gene:BU24DRAFT_417788,ML978066,4872866,4874557,6.594126e-05
gene:BU24DRAFT_417789,gene:BU24DRAFT_417789,ML978066,4874685,4876607,8.886792e-05
gene:BU24DRAFT_363183,gene:BU24DRAFT_363183,ML978066,4877588,4879814,0.00013123918
gene:BU24DRAFT_38284,gene:BU24DRAFT_38284,ML978066,4879923,4881834,7.9366495e-05
gene:BU24DRAFT_363190,gene:BU24DRAFT_363190,ML978066,4882821,4884231,0.00016681464
gene:BU24DRAFT_458019,gene:BU24DRAFT_458019,ML978066,4887067,4888988,0.00023594625
gene:BU24DRAFT_38320,gene:BU24DRAFT_38320,ML978066,4890124,4891565,5.6668843e-05
gene:BU24DRAFT_38665,gene:BU24DRAFT_38665,ML978066,4894920,4900328,3.776899e-05
gene:BU24DRAFT_337673,gene:BU24DRAFT_337673,ML978066,4901596,4903403,0.00020724825
gene:BU24DRAFT_488417,gene:BU24DRAFT_488417,ML978066,4904226,4904740,0.0003376605
gene:BU24DRAFT_417800,gene:BU24DRAFT_417800,ML978066,4905333,4906236,0.00014436718
gene:BU24DRAFT_471248,gene:BU24DRAFT_471248,ML978066,4906778,4907790,0.0001646864
gene:BU24DRAFT_430555,gene:BU24DRAFT_430555,ML978066,4908169,4909078,9.7305594e-05
gene:BU24DRAFT_417801,gene:BU24DRAFT_417801,ML978066,4909863,4910897,0.000235164
gene:BU24DRAFT_488419,gene:BU24DRAFT_488419,ML978066,4911595,4912689,8.6679385e-05
gene:BU24DRAFT_384629,gene:BU24DRAFT_384629,ML978066,4913346,4918056,3.2717926e-05
gene:BU24DRAFT_38761,gene:BU24DRAFT_38761,ML978066,4918130,4919992,7.9073085e-05
gene:BU24DRAFT_38728,gene:BU24DRAFT_38728,ML978066,4920582,4922511,6.7599685e-05
gene:BU24DRAFT_38793,gene:BU24DRAFT_38793,ML978066,4923443,4924467,0.00010247614
gene:BU24DRAFT_417807,gene:BU24DRAFT_417807,ML978066,4924959,4926888,9.516361e-05
gene:BU24DRAFT_38812,gene:BU24DRAFT_38812,ML978066,4926820,4928457,0.00020284954
gene:BU24DRAFT_417808,gene:BU24DRAFT_417808,ML978066,4929559,4929718,0.0005244363
gene:BU24DRAFT_446999,gene:BU24DRAFT_446999,ML978066,4929928,4931044,0.005235955
gene:BU24DRAFT_363223,gene:BU24DRAFT_363223,ML978066,4930437,4932133,0.000884142
gene:BU24DRAFT_488428,gene:BU24DRAFT_488428,ML978066,4932340,4933318,0.0003985964
gene:BU24DRAFT_338463,gene:BU24DRAFT_338463,ML978066,4933710,4935152,7.060748e-05
gene:BU24DRAFT_363230,gene:BU24DRAFT_363230,ML978066,4936299,4939181,6.742346e-05
gene:BU24DRAFT_384656,gene:BU24DRAFT_384656,ML978066,4939316,4940345,5.4751625e-05
gene:BU24DRAFT_384659,gene:BU24DRAFT_384659,ML978066,4943178,4945325,5.3509953e-05
gene:BU24DRAFT_417812,gene:BU24DRAFT_417812,ML978066,4945521,4947074,5.7145644e-05
gene:BU24DRAFT_417813,gene:BU24DRAFT_417813,ML978066,4947319,4949323,3.9132152e-05
gene:BU24DRAFT_38996,gene:BU24DRAFT_38996,ML978066,4950660,4951366,0.00016416617
gene:BU24DRAFT_38964,gene:BU24DRAFT_38964,ML978066,4951231,4953690,5.942246e-05
gene:BU24DRAFT_39004,gene:BU24DRAFT_39004,ML978066,4954591,4957418,0.0013722716
gene:BU24DRAFT_339618,gene:BU24DRAFT_339618,ML978066,4957663,4959514,0.015074383
gene:BU24DRAFT_471279,gene:BU24DRAFT_471279,ML978066,4960430,4961429,0.00024771978
gene:BU24DRAFT_417816,gene:BU24DRAFT_417816,ML978066,4961625,4962693,9.1982605e-05
gene:BU24DRAFT_488439,gene:BU24DRAFT_488439,ML978066,4962695,4966025,0.00010355877
gene:BU24DRAFT_417818,gene:BU24DRAFT_417818,ML978066,4966067,4967659,0.0001402189
gene:BU24DRAFT_471283,gene:BU24DRAFT_471283,ML978066,4968063,4970551,0.000101009486
gene:BU24DRAFT_488441,gene:BU24DRAFT_488441,ML978066,4970998,4972763,7.508026e-05
gene:BU24DRAFT_39118,gene:BU24DRAFT_39118,ML978066,4974014,4975678,5.0241248e-05
gene:BU24DRAFT_417820,gene:BU24DRAFT_417820,ML978066,4976259,4976942,6.466132e-05
gene:BU24DRAFT_339026,gene:BU24DRAFT_339026,ML978066,4977177,4979451,0.000230348
gene:BU24DRAFT_471290,gene:BU24DRAFT_471290,ML978066,4980344,4982802,0.0132479565
gene:BU24DRAFT_363263,gene:BU24DRAFT_363263,ML978066,4983664,4984890,0.010344202
gene:BU24DRAFT_417822,gene:BU24DRAFT_417822,ML978066,4984977,4986232,0.017332034
gene:BU24DRAFT_471296,gene:BU24DRAFT_471296,ML978066,4986789,4988430,0.015758397
gene:BU24DRAFT_438957,gene:BU24DRAFT_438957,ML978066,4989300,4990875,0.03680636
gene:BU24DRAFT_417823,gene:BU24DRAFT_417823,ML978066,4991052,4995438,0.00036302244
gene:BU24DRAFT_417824,gene:BU24DRAFT_417824,ML978066,4995548,4997213,0.00011839704
gene:BU24DRAFT_488449,gene:BU24DRAFT_488449,ML978066,4997389,5002559,4.740437e-05
gene:BU24DRAFT_458059,gene:BU24DRAFT_458059,ML978066,5003315,5003941,9.160417e-05
gene:BU24DRAFT_384700,gene:BU24DRAFT_384700,ML978066,5004471,5005948,7.195962e-05
gene:BU24DRAFT_405073,gene:BU24DRAFT_405073,ML978066,5007538,5008403,0.0001317746
gene:BU24DRAFT_39286,gene:BU24DRAFT_39286,ML978066,5008894,5009420,0.00011705622
gene:BU24DRAFT_405074,gene:BU24DRAFT_405074,ML978066,5009544,5011112,9.039917e-05
gene:BU24DRAFT_471314,gene:BU24DRAFT_471314,ML978066,5016172,5016909,0.000115906216
gene:BU24DRAFT_339480,gene:BU24DRAFT_339480,ML978066,5017784,5018791,0.00018311701
gene:BU24DRAFT_458064,gene:BU24DRAFT_458064,ML978066,5020097,5022236,7.687043e-05
gene:BU24DRAFT_384711,gene:BU24DRAFT_384711,ML978066,5022121,5026027,8.428697e-05
gene:BU24DRAFT_417830,gene:BU24DRAFT_417830,ML978066,5025829,5026704,0.00016172574
gene:BU24DRAFT_417831,gene:BU24DRAFT_417831,ML978066,5026831,5029665,4.3755874e-05
gene:BU24DRAFT_384720,gene:BU24DRAFT_384720,ML978066,5035223,5036734,0.006240665
gene:BU24DRAFT_384722,gene:BU24DRAFT_384722,ML978066,5038295,5039006,0.0003575811
gene:BU24DRAFT_315345,gene:BU24DRAFT_315345,ML978066,5041033,5041971,0.00011952609
gene:BU24DRAFT_417833,gene:BU24DRAFT_417833,ML978066,5045325,5046819,0.00012253545
gene:BU24DRAFT_405085,gene:BU24DRAFT_405085,ML978066,5047401,5048273,8.590784e-05
gene:BU24DRAFT_488460,gene:BU24DRAFT_488460,ML978066,5050259,5052061,3.60337e-05
gene:BU24DRAFT_488461,gene:BU24DRAFT_488461,ML978066,5052125,5055782,5.9528313e-05
gene:BU24DRAFT_417836,gene:BU24DRAFT_417836,ML978066,5056651,5058374,8.5595086e-05
gene:BU24DRAFT_363308,gene:BU24DRAFT_363308,ML978066,5058489,5060259,9.168662e-05
gene:BU24DRAFT_417837,gene:BU24DRAFT_417837,ML978066,5060396,5060985,4.616261e-05
gene:BU24DRAFT_417840,gene:BU24DRAFT_417840,ML978066,5061167,5062496,0.000101624995
gene:BU24DRAFT_39478,gene:BU24DRAFT_39478,ML978066,5062973,5064285,0.00013310408
gene:BU24DRAFT_417842,gene:BU24DRAFT_417842,ML978066,5066055,5067454,0.00012275334
gene:BU24DRAFT_447038,gene:BU24DRAFT_447038,ML978066,5067599,5068764,0.003986418
gene:BU24DRAFT_458083,gene:BU24DRAFT_458083,ML978066,5069741,5070604,0.00028254348
gene:BU24DRAFT_326008,gene:BU24DRAFT_326008,ML978066,5071355,5080789,5.0712806e-05
gene:BU24DRAFT_471333,gene:BU24DRAFT_471333,ML978066,5085747,5088182,6.22922e-05
gene:BU24DRAFT_471337,gene:BU24DRAFT_471337,ML978066,5088258,5090761,5.01696e-05
gene:BU24DRAFT_488470,gene:BU24DRAFT_488470,ML978066,5093200,5094190,0.00012158225
gene:BU24DRAFT_417845,gene:BU24DRAFT_417845,ML978066,5094363,5098304,7.306599e-05
gene:BU24DRAFT_417846,gene:BU24DRAFT_417846,ML978066,5098766,5100664,8.8547196e-05
gene:BU24DRAFT_384749,gene:BU24DRAFT_384749,ML978066,5100878,5101845,8.646374e-05
gene:BU24DRAFT_417849,gene:BU24DRAFT_417849,ML978066,5102136,5105101,6.2499836e-05
gene:BU24DRAFT_384753,gene:BU24DRAFT_384753,ML978066,5105304,5107082,9.275791e-05
gene:BU24DRAFT_417850,gene:BU24DRAFT_417850,ML978066,5107130,5110533,5.7278387e-05
gene:BU24DRAFT_39609,gene:BU24DRAFT_39609,ML978066,5110997,5111551,0.00011557363
gene:BU24DRAFT_458094,gene:BU24DRAFT_458094,ML978066,5111852,5114569,0.00012453065
gene:BU24DRAFT_363336,gene:BU24DRAFT_363336,ML978066,5116517,5117262,0.0003449546
gene:BU24DRAFT_458096,gene:BU24DRAFT_458096,ML978066,5118045,5119006,0.0001243011
gene:BU24DRAFT_384761,gene:BU24DRAFT_384761,ML978066,5120431,5122651,7.570495e-05
gene:BU24DRAFT_471359,gene:BU24DRAFT_471359,ML978066,5126217,5127904,6.571562e-05
gene:BU24DRAFT_405109,gene:BU24DRAFT_405109,ML978066,5128125,5129507,6.5995024e-05
gene:BU24DRAFT_405110,gene:BU24DRAFT_405110,ML978066,5130454,5132073,7.960435e-05
gene:BU24DRAFT_458101,gene:BU24DRAFT_458101,ML978066,5132731,5134472,0.00013747388
gene:BU24DRAFT_417859,gene:BU24DRAFT_417859,ML978066,5134957,5136860,0.00020544759
gene:BU24DRAFT_458103,gene:BU24DRAFT_458103,ML978066,5138379,5139691,0.00028727768
gene:BU24DRAFT_363348,gene:BU24DRAFT_363348,ML978066,5139341,5143368,0.0011947608
gene:BU24DRAFT_430615,gene:BU24DRAFT_430615,ML978066,5144035,5145060,0.005779995
gene:BU24DRAFT_417867,gene:BU24DRAFT_417867,ML978066,5152387,5153094,0.0006953969
gene:BU24DRAFT_417868,gene:BU24DRAFT_417868,ML978066,5154774,5157107,0.00086724764
gene:BU24DRAFT_417870,gene:BU24DRAFT_417870,ML978066,5157093,5158653,0.0014161335
gene:BU24DRAFT_339780,gene:BU24DRAFT_339780,ML978066,5159116,5159304,0.00871316
gene:BU24DRAFT_471381,gene:BU24DRAFT_471381,ML978066,5159594,5164253,0.25554806
gene:BU24DRAFT_458110,gene:BU24DRAFT_458110,ML978066,5164888,5166809,0.23163375
gene:BU24DRAFT_471385,gene:BU24DRAFT_471385,ML978066,5168198,5169898,0.21936442
gene:BU24DRAFT_458112,gene:BU24DRAFT_458112,ML978066,5171158,5172379,0.152133
gene:BU24DRAFT_488487,gene:BU24DRAFT_488487,ML978066,5172784,5173359,0.0056146667
gene:BU24DRAFT_384783,gene:BU24DRAFT_384783,ML978066,5173240,5174647,0.00061746076
gene:BU24DRAFT_405125,gene:BU24DRAFT_405125,ML978066,5175322,5177160,0.00030854577
gene:BU24DRAFT_417875,gene:BU24DRAFT_417875,ML978066,5179178,5181361,0.0004334886
gene:BU24DRAFT_447059,gene:BU24DRAFT_447059,ML978066,5181576,5183160,6.932506e-05
gene:BU24DRAFT_430624,gene:BU24DRAFT_430624,ML978066,5183785,5185770,4.9021473e-05
gene:BU24DRAFT_384801,gene:BU24DRAFT_384801,ML978066,5186364,5194435,4.113016e-05
gene:BU24DRAFT_313329,gene:BU24DRAFT_313329,ML978066,5195840,5196667,7.56538e-05
gene:BU24DRAFT_488495,gene:BU24DRAFT_488495,ML978066,5196998,5200544,6.340258e-05
gene:BU24DRAFT_417880,gene:BU24DRAFT_417880,ML978066,5200608,5202932,4.9458584e-05
gene:BU24DRAFT_40659,gene:BU24DRAFT_40659,ML978066,5204951,5205802,0.00014355543
gene:BU24DRAFT_405133,gene:BU24DRAFT_405133,ML978066,5206203,5207330,0.00023469546
gene:BU24DRAFT_339564,gene:BU24DRAFT_339564,ML978066,5209408,5209945,0.00013157328
gene:BU24DRAFT_338637,gene:BU24DRAFT_338637,ML978066,5210728,5212573,0.00013026119
gene:BU24DRAFT_40737,gene:BU24DRAFT_40737,ML978066,5214096,5214759,3.8006503e-05
gene:BU24DRAFT_430635,gene:BU24DRAFT_430635,ML978066,5216333,5217860,2.8813063e-05
gene:BU24DRAFT_417892,gene:BU24DRAFT_417892,ML978066,5218084,5219610,0.00022640702
gene:BU24DRAFT_363405,gene:BU24DRAFT_363405,ML978066,5219930,5221668,0.0032374405
gene:BU24DRAFT_417894,gene:BU24DRAFT_417894,ML978066,5221888,5223987,0.005558413
gene:BU24DRAFT_488505,gene:BU24DRAFT_488505,ML978066,5224147,5228306,0.00014532586
gene:BU24DRAFT_439007,gene:BU24DRAFT_439007,ML978066,5229486,5232216,0.000109960405
gene:BU24DRAFT_338769,gene:BU24DRAFT_338769,ML978066,5233095,5235758,6.3512474e-05
gene:BU24DRAFT_417899,gene:BU24DRAFT_417899,ML978066,5238905,5240498,3.254819e-05
gene:BU24DRAFT_417902,gene:BU24DRAFT_417902,ML978066,5241469,5242752,0.00019157611
gene:BU24DRAFT_417903,gene:BU24DRAFT_417903,ML978066,5242616,5243919,8.386803e-05
gene:BU24DRAFT_417904,gene:BU24DRAFT_417904,ML978066,5244811,5246000,6.1262115e-05
gene:BU24DRAFT_417905,gene:BU24DRAFT_417905,ML978066,5246124,5250175,6.838292e-05
gene:BU24DRAFT_405146,gene:BU24DRAFT_405146,ML978066,5251927,5252600,0.00035150943
gene:BU24DRAFT_417911,gene:BU24DRAFT_417911,ML978066,5252803,5254499,0.00015676885
gene:BU24DRAFT_417912,gene:BU24DRAFT_417912,ML978066,5254150,5254991,8.096614e-05
gene:BU24DRAFT_332765,gene:BU24DRAFT_332765,ML978066,5257382,5259151,4.240727e-05
gene:BU24DRAFT_430647,gene:BU24DRAFT_430647,ML978066,5260178,5260885,8.9514404e-05
gene:BU24DRAFT_384862,gene:BU24DRAFT_384862,ML978066,5261107,5263444,6.153776e-05
gene:BU24DRAFT_337261,gene:BU24DRAFT_337261,ML978066,5263641,5264980,5.3813343e-05
gene:BU24DRAFT_41462,gene:BU24DRAFT_41462,ML978066,5265170,5267357,5.3901742e-05
gene:BU24DRAFT_417916,gene:BU24DRAFT_417916,ML978066,5267372,5268951,4.340013e-05
gene:BU24DRAFT_417918,gene:BU24DRAFT_417918,ML978066,5269292,5270684,8.42751e-05
gene:BU24DRAFT_458146,gene:BU24DRAFT_458146,ML978066,5270354,5271922,6.166618e-05
gene:BU24DRAFT_405156,gene:BU24DRAFT_405156,ML978066,5274179,5278625,4.5398672e-05
gene:BU24DRAFT_337702,gene:BU24DRAFT_337702,ML978066,5279200,5280143,9.603852e-05
gene:BU24DRAFT_41508,gene:BU24DRAFT_41508,ML978066,5281447,5282530,0.00015968093
gene:BU24DRAFT_417924,gene:BU24DRAFT_417924,ML978066,5283287,5284640,9.275908e-05
gene:BU24DRAFT_41770,gene:BU24DRAFT_41770,ML978066,5284961,5286031,0.00011169634
gene:BU24DRAFT_417926,gene:BU24DRAFT_417926,ML978066,5286182,5287482,7.729042e-05
gene:BU24DRAFT_405162,gene:BU24DRAFT_405162,ML978066,5288124,5290380,9.6104086e-05
gene:BU24DRAFT_458154,gene:BU24DRAFT_458154,ML978066,5290707,5291132,0.00017635887
gene:BU24DRAFT_41871,gene:BU24DRAFT_41871,ML978066,5292240,5292858,0.00014599635
gene:BU24DRAFT_41887,gene:BU24DRAFT_41887,ML978066,5295744,5296748,7.848789e-05
gene:BU24DRAFT_41891,gene:BU24DRAFT_41891,ML978066,5298620,5299628,6.865936e-05
gene:BU24DRAFT_439026,gene:BU24DRAFT_439026,ML978066,5302005,5304335,0.000120749835
gene:BU24DRAFT_41920,gene:BU24DRAFT_41920,ML978066,5303895,5304709,0.00014897824
gene:BU24DRAFT_458156,gene:BU24DRAFT_458156,ML978066,5305376,5307109,0.00016125687
gene:BU24DRAFT_458157,gene:BU24DRAFT_458157,ML978066,5309466,5310077,0.00019272455
gene:BU24DRAFT_458158,gene:BU24DRAFT_458158,ML978066,5310591,5311424,0.00012586663
gene:BU24DRAFT_447100,gene:BU24DRAFT_447100,ML978066,5311851,5314648,0.00013557891
gene:BU24DRAFT_42049,gene:BU24DRAFT_42049,ML978066,5315007,5316676,0.0001143842
gene:BU24DRAFT_405172,gene:BU24DRAFT_405172,ML978066,5316814,5317592,0.00010925566
gene:BU24DRAFT_458161,gene:BU24DRAFT_458161,ML978066,5319669,5320881,7.258514e-05
gene:BU24DRAFT_363482,gene:BU24DRAFT_363482,ML978066,5321877,5326088,5.7638717e-05
gene:BU24DRAFT_42130,gene:BU24DRAFT_42130,ML978066,5327731,5328326,0.00011809192
gene:BU24DRAFT_384905,gene:BU24DRAFT_384905,ML978066,5327997,5329731,0.00025248175
gene:BU24DRAFT_447106,gene:BU24DRAFT_447106,ML978066,5329973,5331970,0.00027148784
gene:BU24DRAFT_417943,gene:BU24DRAFT_417943,ML978066,5333009,5334940,0.00021027843
gene:BU24DRAFT_417945,gene:BU24DRAFT_417945,ML978066,5336329,5337478,5.3422045e-05
gene:BU24DRAFT_488541,gene:BU24DRAFT_488541,ML978066,5337804,5338882,2.5557183e-05
gene:BU24DRAFT_42247,gene:BU24DRAFT_42247,ML978066,5339529,5342209,3.6782378e-05
gene:BU24DRAFT_458170,gene:BU24DRAFT_458170,ML978066,5343046,5343614,6.233918e-05
gene:BU24DRAFT_458171,gene:BU24DRAFT_458171,ML978066,5344469,5345773,6.947824e-05
gene:BU24DRAFT_337714,gene:BU24DRAFT_337714,ML978066,5346677,5348476,4.0101186e-05
gene:BU24DRAFT_439038,gene:BU24DRAFT_439038,ML978066,5350476,5351242,7.288563e-05
gene:BU24DRAFT_363508,gene:BU24DRAFT_363508,ML978066,5351881,5353427,0.000117253236
gene:BU24DRAFT_42282,gene:BU24DRAFT_42282,ML978066,5355418,5359539,7.140189e-05
gene:BU24DRAFT_405186,gene:BU24DRAFT_405186,ML978066,5364190,5365183,0.00014630226
gene:BU24DRAFT_417955,gene:BU24DRAFT_417955,ML978066,5365450,5366059,0.000117623094
gene:BU24DRAFT_42358,gene:BU24DRAFT_42358,ML978066,5367257,5367992,9.884768e-05
gene:BU24DRAFT_417957,gene:BU24DRAFT_417957,ML978066,5368249,5368969,9.2592054e-05
gene:BU24DRAFT_42362,gene:BU24DRAFT_42362,ML978066,5369519,5370485,0.00013193028
gene:BU24DRAFT_42540,gene:BU24DRAFT_42540,ML978066,5373333,5373968,0.00021069821
gene:BU24DRAFT_439043,gene:BU24DRAFT_439043,ML978066,5377364,5379164,0.00024782697
gene:BU24DRAFT_384945,gene:BU24DRAFT_384945,ML978066,5379889,5381163,0.00080368185
gene:BU24DRAFT_384947,gene:BU24DRAFT_384947,ML978066,5381294,5382861,0.0015714266
gene:BU24DRAFT_430677,gene:BU24DRAFT_430677,ML978066,5387607,5388344,9.71612e-05
gene:BU24DRAFT_42863,gene:BU24DRAFT_42863,ML978066,5389550,5391042,0.00012496312
gene:BU24DRAFT_42868,gene:BU24DRAFT_42868,ML978066,5392978,5393737,0.00016016564
gene:BU24DRAFT_43029,gene:BU24DRAFT_43029,ML978066,5396005,5396403,0.00010738118
gene:BU24DRAFT_417968,gene:BU24DRAFT_417968,ML978066,5396090,5398158,7.468734e-05
gene:BU24DRAFT_339639,gene:BU24DRAFT_339639,ML978066,5399994,5400704,4.100909e-05
gene:BU24DRAFT_417970,gene:BU24DRAFT_417970,ML978066,5400909,5402327,5.0968127e-05
gene:BU24DRAFT_417972,gene:BU24DRAFT_417972,ML978066,5402382,5404259,6.30976e-05
gene:BU24DRAFT_417973,gene:BU24DRAFT_417973,ML978066,5404457,5405402,8.371381e-05
gene:BU24DRAFT_43129,gene:BU24DRAFT_43129,ML978066,5406827,5408274,5.250705e-05
gene:BU24DRAFT_43208,gene:BU24DRAFT_43208,ML978066,5409380,5411559,3.9594168e-05
gene:BU24DRAFT_417983,gene:BU24DRAFT_417983,ML978066,5417123,5417607,8.210937e-05
gene:BU24DRAFT_337168,gene:BU24DRAFT_337168,ML978066,5418262,5420377,0.0002762911
gene:BU24DRAFT_339881,gene:BU24DRAFT_339881,ML978066,5424155,5425932,0.0009422122
gene:BU24DRAFT_458191,gene:BU24DRAFT_458191,ML978066,5426789,5428487,0.08244241
gene:BU24DRAFT_338231,gene:BU24DRAFT_338231,ML978066,5428998,5429831,0.11024458
gene:BU24DRAFT_338519,gene:BU24DRAFT_338519,ML978066,5430047,5431735,0.0003120485
gene:BU24DRAFT_338104,gene:BU24DRAFT_338104,ML978066,5432859,5433239,6.114638e-05
gene:BU24DRAFT_471504,gene:BU24DRAFT_471504,ML978066,5435066,5435845,7.016242e-05
gene:BU24DRAFT_417989,gene:BU24DRAFT_417989,ML978066,5436128,5447826,3.973094e-05
gene:BU24DRAFT_337134,gene:BU24DRAFT_337134,ML978066,5448762,5449851,6.1166895e-05
gene:BU24DRAFT_43452,gene:BU24DRAFT_43452,ML978066,5454248,5456415,5.590648e-05
gene:BU24DRAFT_405210,gene:BU24DRAFT_405210,ML978066,5460631,5461338,0.00013670699
gene:BU24DRAFT_417992,gene:BU24DRAFT_417992,ML978066,5462112,5463891,0.00036204103
gene:BU24DRAFT_43477,gene:BU24DRAFT_43477,ML978066,5464459,5465483,0.0037340126
gene:BU24DRAFT_417993,gene:BU24DRAFT_417993,ML978066,5466076,5467045,0.0017137248
gene:BU24DRAFT_488572,gene:BU24DRAFT_488572,ML978066,5467752,5469879,0.0026561178
gene:BU24DRAFT_339413,gene:BU24DRAFT_339413,ML978066,5470726,5471822,0.010814942
gene:BU24DRAFT_488573,gene:BU24DRAFT_488573,ML978066,5472440,5473633,0.03285297
gene:BU24DRAFT_417995,gene:BU24DRAFT_417995,ML978066,5474479,5475498,0.2696104
gene:BU24DRAFT_43513,gene:BU24DRAFT_43513,ML978066,5475425,5477156,0.34361473
gene:BU24DRAFT_363586,gene:BU24DRAFT_363586,ML978066,5477196,5478160,0.2870744
gene:BU24DRAFT_43543,gene:BU24DRAFT_43543,ML978066,5478145,5480959,0.36648336
gene:BU24DRAFT_43552,gene:BU24DRAFT_43552,ML978066,5482108,5482767,0.1915793
gene:BU24DRAFT_43551,gene:BU24DRAFT_43551,ML978066,5482769,5484229,0.11504241
gene:BU24DRAFT_458211,gene:BU24DRAFT_458211,ML978066,5486877,5487600,0.035482425
gene:BU24DRAFT_430699,gene:BU24DRAFT_430699,ML978066,5488749,5491393,0.0001816113
gene:BU24DRAFT_471531,gene:BU24DRAFT_471531,ML978066,5492683,5493531,8.355237e-05
gene:BU24DRAFT_471533,gene:BU24DRAFT_471533,ML978066,5494681,5496518,9.536164e-05
gene:BU24DRAFT_447147,gene:BU24DRAFT_447147,ML978066,5496558,5497823,0.00012104581
gene:BU24DRAFT_418004,gene:BU24DRAFT_418004,ML978066,5498089,5499274,7.01471e-05
gene:BU24DRAFT_447149,gene:BU24DRAFT_447149,ML978066,5499412,5501630,4.8874703e-05
gene:BU24DRAFT_471534,gene:BU24DRAFT_471534,ML978066,5504959,5506083,9.283329e-05
gene:BU24DRAFT_418006,gene:BU24DRAFT_418006,ML978066,5508141,5510441,7.390495e-05
gene:BU24DRAFT_458220,gene:BU24DRAFT_458220,ML978066,5510474,5511163,0.00012759888
gene:BU24DRAFT_458221,gene:BU24DRAFT_458221,ML978066,5511457,5513538,0.00018750358
gene:BU24DRAFT_458222,gene:BU24DRAFT_458222,ML978066,5515543,5516355,0.00013558495
gene:BU24DRAFT_418009,gene:BU24DRAFT_418009,ML978066,5516404,5517496,8.183057e-05
gene:BU24DRAFT_363614,gene:BU24DRAFT_363614,ML978066,5517614,5520320,4.0695388e-05
gene:BU24DRAFT_385036,gene:BU24DRAFT_385036,ML978066,5520541,5522118,0.00010819537
gene:BU24DRAFT_43662,gene:BU24DRAFT_43662,ML978066,5522693,5523941,0.00010965569
gene:BU24DRAFT_337125,gene:BU24DRAFT_337125,ML978066,5524266,5524763,9.977393e-05
gene:BU24DRAFT_339681,gene:BU24DRAFT_339681,ML978066,5525164,5525926,7.620335e-05
gene:BU24DRAFT_418018,gene:BU24DRAFT_418018,ML978066,5526540,5527756,7.2483315e-05
gene:BU24DRAFT_458230,gene:BU24DRAFT_458230,ML978066,5528223,5529517,5.5252207e-05
gene:BU24DRAFT_471537,gene:BU24DRAFT_471537,ML978066,5529418,5531121,6.649429e-05
gene:BU24DRAFT_458232,gene:BU24DRAFT_458232,ML978066,5531258,5531783,9.5645344e-05
gene:BU24DRAFT_471539,gene:BU24DRAFT_471539,ML978066,5532322,5533464,0.0001196606
gene:BU24DRAFT_439074,gene:BU24DRAFT_439074,ML978066,5537989,5539707,0.00076396455
gene:BU24DRAFT_363636,gene:BU24DRAFT_363636,ML978066,5539809,5541785,0.00043012504
gene:BU24DRAFT_488598,gene:BU24DRAFT_488598,ML978066,5542416,5544220,0.0009445551
gene:BU24DRAFT_338881,gene:BU24DRAFT_338881,ML978066,5544336,5545906,0.0031157804
gene:BU24DRAFT_338306,gene:BU24DRAFT_338306,ML978066,5547123,5548261,0.0052670934
gene:BU24DRAFT_471551,gene:BU24DRAFT_471551,ML978066,5548369,5550061,0.0017367774
gene:BU24DRAFT_405251,gene:BU24DRAFT_405251,ML978066,5551322,5553010,0.0010401836
gene:BU24DRAFT_363646,gene:BU24DRAFT_363646,ML978066,5555259,5557741,0.000490756
gene:BU24DRAFT_418024,gene:BU24DRAFT_418024,ML978066,5560557,5563182,0.00010872725
gene:BU24DRAFT_44140,gene:BU24DRAFT_44140,ML978066,5564258,5566370,6.775866e-05
gene:BU24DRAFT_418026,gene:BU24DRAFT_418026,ML978066,5566780,5568039,5.6822922e-05
gene:BU24DRAFT_418027,gene:BU24DRAFT_418027,ML978066,5567822,5569222,5.1993982e-05
gene:BU24DRAFT_471559,gene:BU24DRAFT_471559,ML978066,5569913,5573343,1.9580993e-05
gene:BU24DRAFT_488606,gene:BU24DRAFT_488606,ML978066,5574058,5576599,5.8751022e-05
gene:BU24DRAFT_430725,gene:BU24DRAFT_430725,ML978066,5577231,5578427,5.2589392e-05
gene:BU24DRAFT_418030,gene:BU24DRAFT_418030,ML978066,5579349,5579878,0.0001402704
gene:BU24DRAFT_430726,gene:BU24DRAFT_430726,ML978066,5580813,5582639,0.00019394384
gene:BU24DRAFT_339463,gene:BU24DRAFT_339463,ML978066,5584401,5585925,0.00046939982
gene:BU24DRAFT_363674,gene:BU24DRAFT_363674,ML978066,5586705,5587998,0.00065930554
gene:BU24DRAFT_363679,gene:BU24DRAFT_363679,ML978066,5588180,5589610,0.007159775
gene:BU24DRAFT_458253,gene:BU24DRAFT_458253,ML978066,5591020,5592069,0.0008911808
gene:BU24DRAFT_439091,gene:BU24DRAFT_439091,ML978066,5594276,5597414,0.0011237691
gene:BU24DRAFT_488615,gene:BU24DRAFT_488615,ML978066,5598412,5599472,0.022658769
gene:BU24DRAFT_488616,gene:BU24DRAFT_488616,ML978066,5600024,5601086,0.0007663989
gene:BU24DRAFT_340268,gene:BU24DRAFT_340268,ML978066,5601369,5602832,0.00025547645
gene:BU24DRAFT_418037,gene:BU24DRAFT_418037,ML978066,5603102,5604325,9.3128605e-05
gene:BU24DRAFT_418038,gene:BU24DRAFT_418038,ML978066,5604430,5605802,0.0020350756
gene:BU24DRAFT_488620,gene:BU24DRAFT_488620,ML978066,5606405,5608803,0.012019767
gene:BU24DRAFT_339894,gene:BU24DRAFT_339894,ML978066,5609315,5609608,0.0020845213
gene:BU24DRAFT_471603,gene:BU24DRAFT_471603,ML978066,5610176,5612238,0.012113235
gene:BU24DRAFT_471605,gene:BU24DRAFT_471605,ML978066,5613015,5614967,0.012305163
gene:BU24DRAFT_471606,gene:BU24DRAFT_471606,ML978066,5615243,5616441,0.0063439626
gene:BU24DRAFT_418039,gene:BU24DRAFT_418039,ML978066,5616857,5618009,0.0034438288
gene:BU24DRAFT_418040,gene:BU24DRAFT_418040,ML978066,5618003,5618718,0.0014086578
gene:BU24DRAFT_339854,gene:BU24DRAFT_339854,ML978066,5619526,5621037,0.00049335585
gene:BU24DRAFT_338131,gene:BU24DRAFT_338131,ML978066,5621776,5622916,0.0005583789
gene:BU24DRAFT_488624,gene:BU24DRAFT_488624,ML978066,5623452,5625321,0.00048795738
gene:BU24DRAFT_447188,gene:BU24DRAFT_447188,ML978066,5625861,5627487,0.0003861671
gene:BU24DRAFT_439102,gene:BU24DRAFT_439102,ML978066,5627728,5628827,0.00014390073
gene:BU24DRAFT_418045,gene:BU24DRAFT_418045,ML978066,5628812,5631485,0.0011424953
gene:BU24DRAFT_458274,gene:BU24DRAFT_458274,ML978066,5633182,5634864,7.0310445e-05
gene:BU24DRAFT_418046,gene:BU24DRAFT_418046,ML978066,5636608,5637973,4.8096485e-05
gene:BU24DRAFT_363736,gene:BU24DRAFT_363736,ML978066,5639272,5641280,3.0854248e-05
gene:BU24DRAFT_418049,gene:BU24DRAFT_418049,ML978066,5641175,5642574,5.3525247e-05
gene:BU24DRAFT_44463,gene:BU24DRAFT_44463,ML978066,5643490,5647880,0.0002253619
gene:BU24DRAFT_471629,gene:BU24DRAFT_471629,ML978066,5649071,5650543,0.0026886875
gene:BU24DRAFT_405289,gene:BU24DRAFT_405289,ML978066,5650668,5653527,0.14247134
gene:BU24DRAFT_338244,gene:BU24DRAFT_338244,ML978066,5654562,5662604,0.9968748
gene:BU24DRAFT_447199,gene:BU24DRAFT_447199,ML978066,5663899,5665777,0.98417807
gene:BU24DRAFT_447200,gene:BU24DRAFT_447200,ML978066,5666277,5668084,0.99659085
gene:BU24DRAFT_439112,gene:BU24DRAFT_439112,ML978066,5668382,5670042,0.99498194
gene:BU24DRAFT_363755,gene:BU24DRAFT_363755,ML978066,5671478,5672301,0.94289535
gene:BU24DRAFT_471647,gene:BU24DRAFT_471647,ML978066,5672502,5673251,0.48305222
gene:BU24DRAFT_471649,gene:BU24DRAFT_471649,ML978066,5674268,5675423,0.21994676
gene:BU24DRAFT_447203,gene:BU24DRAFT_447203,ML978066,5676146,5677575,0.34547278
gene:BU24DRAFT_488641,gene:BU24DRAFT_488641,ML978066,5678540,5679102,0.012945297
gene:BU24DRAFT_471652,gene:BU24DRAFT_471652,ML978066,5679690,5682014,0.0021078798
gene:BU24DRAFT_339333,gene:BU24DRAFT_339333,ML978066,5682891,5683664,0.0009562274
